time_s,delta_t_s,max_courant,max_phase_courant
0.0012004802,1.200480192000e-03,1.023800868000e-02,1.023800868000e-02
0.0026417493,1.441269148000e-03,1.250742500000e-02,1.250742500000e-02
0.0043702732,1.728523831000e-03,1.526838776000e-02,1.526838776000e-02
0.0062468488,1.876575609000e-03,1.942041673000e-02,1.855078581000e-02
0.0081234244,1.876575609000e-03,2.199712254000e-02,2.037180450000e-02
0.01,1.876575609000e-03,2.259441607000e-02,2.056350487000e-02
0.01225,2.250000000000e-03,2.299943697000e-02,2.299943697000e-02
0.014833333,2.583333333000e-03,2.794100588000e-02,2.794100588000e-02
0.017416667,2.583333333000e-03,3.234716811000e-02,3.234716811000e-02
0.02,2.583333333000e-03,3.247541286000e-02,3.247541286000e-02
0.023101266,3.101265823000e-03,3.268909163000e-02,3.268909163000e-02
0.026550633,3.449367089000e-03,4.058511573000e-02,4.058511573000e-02
0.03,3.449367089000e-03,4.554856842000e-02,4.554856842000e-02
0.035,5.000000000000e-03,4.550455546000e-02,4.550455546000e-02
0.04,5.000000000000e-03,6.523679146000e-02,6.523679146000e-02
0.045,5.000000000000e-03,6.378287822000e-02,6.378287822000e-02
0.05,5.000000000000e-03,6.837875770000e-02,6.837875770000e-02
0.055,5.000000000000e-03,6.998804250000e-02,6.998804250000e-02
0.06,5.000000000000e-03,6.966477668000e-02,6.966477668000e-02
0.065,5.000000000000e-03,6.797765686000e-02,6.797765686000e-02
0.07,5.000000000000e-03,6.819993059000e-02,6.819993059000e-02
0.075,5.000000000000e-03,6.715376876000e-02,6.715376876000e-02
0.08,5.000000000000e-03,7.105038385000e-02,7.105038385000e-02
0.085,5.000000000000e-03,7.128310124000e-02,7.128310124000e-02
0.09,5.000000000000e-03,6.895421865000e-02,6.228751579000e-02
0.095,5.000000000000e-03,6.649501310000e-02,6.649501310000e-02
0.1,5.000000000000e-03,7.122612113000e-02,7.122612113000e-02
0.105,5.000000000000e-03,7.127062207000e-02,7.127062207000e-02
0.11,5.000000000000e-03,6.794029604000e-02,6.558858025000e-02
0.115,5.000000000000e-03,6.941341942000e-02,6.941341942000e-02
0.12,5.000000000000e-03,7.057399780000e-02,6.573233879000e-02
0.125,5.000000000000e-03,6.728037402000e-02,6.628011023000e-02
0.13,5.000000000000e-03,6.883093935000e-02,6.883093935000e-02
0.135,5.000000000000e-03,6.695751790000e-02,6.645170950000e-02
0.14,5.000000000000e-03,6.649028169000e-02,6.649028169000e-02
0.145,5.000000000000e-03,6.643157118000e-02,6.643157118000e-02
0.15,5.000000000000e-03,6.629823165000e-02,6.629823165000e-02
0.155,5.000000000000e-03,6.618459909000e-02,6.610632472000e-02
0.16,5.000000000000e-03,6.696235932000e-02,6.696235932000e-02
0.165,5.000000000000e-03,6.742712832000e-02,6.742712832000e-02
0.17,5.000000000000e-03,6.767543466000e-02,6.767543466000e-02
0.175,5.000000000000e-03,6.776889323000e-02,6.776889323000e-02
0.18,5.000000000000e-03,6.774595686000e-02,6.774595686000e-02
0.185,5.000000000000e-03,6.763292524000e-02,6.763292524000e-02
0.19,5.000000000000e-03,6.744705788000e-02,6.744705788000e-02
0.195,5.000000000000e-03,6.720161365000e-02,6.720161365000e-02
0.2,5.000000000000e-03,6.698450339000e-02,6.698450339000e-02
0.205,5.000000000000e-03,6.679953233000e-02,6.679953233000e-02
0.21,5.000000000000e-03,6.653384855000e-02,6.653384855000e-02
0.215,5.000000000000e-03,6.619452670000e-02,6.619452670000e-02
0.22,5.000000000000e-03,6.578941667000e-02,6.578941667000e-02
0.225,5.000000000000e-03,6.532432739000e-02,6.532432739000e-02
0.23,5.000000000000e-03,6.480593163000e-02,6.480593163000e-02
0.235,5.000000000000e-03,6.485842706000e-02,6.484777664000e-02
0.24,5.000000000000e-03,6.579072505000e-02,6.494555036000e-02
0.245,5.000000000000e-03,6.632530367000e-02,6.632530367000e-02
0.25,5.000000000000e-03,6.670401661000e-02,6.659857842000e-02
0.255,5.000000000000e-03,6.744976743000e-02,6.744976743000e-02
0.26,5.000000000000e-03,6.787729283000e-02,6.787729283000e-02
0.265,5.000000000000e-03,6.813606756000e-02,6.808814493000e-02
0.27,5.000000000000e-03,6.869053702000e-02,6.869053702000e-02
0.275,5.000000000000e-03,6.899576995000e-02,6.899576995000e-02
0.28,5.000000000000e-03,6.912588232000e-02,6.912588232000e-02
0.285,5.000000000000e-03,6.949706849000e-02,6.949706849000e-02
0.29,5.000000000000e-03,6.968212742000e-02,6.968212742000e-02
0.295,5.000000000000e-03,6.972402018000e-02,6.972402018000e-02
0.3,5.000000000000e-03,6.974813990000e-02,6.974813990000e-02
0.305,5.000000000000e-03,6.986666965000e-02,6.986666965000e-02
0.31,5.000000000000e-03,6.985985746000e-02,6.985985746000e-02
0.315,5.000000000000e-03,6.975465544000e-02,6.975465544000e-02
0.32,5.000000000000e-03,6.965543693000e-02,6.965543693000e-02
0.325,5.000000000000e-03,6.963590552000e-02,6.963590552000e-02
0.33,5.000000000000e-03,6.952484484000e-02,6.952484484000e-02
0.335,5.000000000000e-03,6.933364326000e-02,6.933364326000e-02
0.34,5.000000000000e-03,6.919453713000e-02,6.919453713000e-02
0.345,5.000000000000e-03,6.909610814000e-02,6.909610814000e-02
0.35,5.000000000000e-03,6.892211432000e-02,6.892211432000e-02
0.355,5.000000000000e-03,6.881132057000e-02,6.881132057000e-02
0.36,5.000000000000e-03,6.872919249000e-02,6.872919249000e-02
0.365,5.000000000000e-03,6.869676659000e-02,6.869676659000e-02
0.37,5.000000000000e-03,6.868615171000e-02,6.868615171000e-02
0.375,5.000000000000e-03,6.874340177000e-02,6.874340177000e-02
0.38,5.000000000000e-03,6.874560929000e-02,6.874560929000e-02
0.385,5.000000000000e-03,6.867961958000e-02,6.867961958000e-02
0.39,5.000000000000e-03,6.855146218000e-02,6.855146218000e-02
0.395,5.000000000000e-03,6.836405718000e-02,6.836405718000e-02
0.4,5.000000000000e-03,6.977742949000e-02,6.839751747000e-02
0.405,5.000000000000e-03,7.091257937000e-02,6.850208113000e-02
0.41,5.000000000000e-03,7.144330466000e-02,6.870428993000e-02
0.415,5.000000000000e-03,7.164690710000e-02,6.882220622000e-02
0.42,5.000000000000e-03,7.166646804000e-02,7.166646804000e-02
0.425,5.000000000000e-03,7.157240655000e-02,7.157240655000e-02
0.43,5.000000000000e-03,7.140213414000e-02,7.140213414000e-02
0.435,5.000000000000e-03,7.117469835000e-02,7.117469835000e-02
0.44,5.000000000000e-03,7.090027562000e-02,7.090027562000e-02
0.445,5.000000000000e-03,7.058574335000e-02,7.058574335000e-02
0.45,5.000000000000e-03,7.023396898000e-02,7.023396898000e-02
0.455,5.000000000000e-03,6.984602698000e-02,6.984602698000e-02
0.46,5.000000000000e-03,6.942309276000e-02,6.942309276000e-02
0.465,5.000000000000e-03,6.896623233000e-02,6.896623233000e-02
0.47,5.000000000000e-03,6.870411484000e-02,6.847502186000e-02
0.475,5.000000000000e-03,6.970205299000e-02,6.794844148000e-02
0.48,5.000000000000e-03,7.047373247000e-02,6.760877213000e-02
0.485,5.000000000000e-03,7.096510714000e-02,6.732151768000e-02
0.49,5.000000000000e-03,7.115283343000e-02,6.737928593000e-02
0.495,5.000000000000e-03,7.104091216000e-02,6.762019573000e-02
0.5,5.000000000000e-03,7.065949354000e-02,6.770790373000e-02
0.505,5.000000000000e-03,7.003238981000e-02,6.785098686000e-02
0.51,5.000000000000e-03,6.920388631000e-02,6.802014543000e-02
0.515,5.000000000000e-03,6.818464462000e-02,6.805822763000e-02
0.52,5.000000000000e-03,6.816781890000e-02,6.816781890000e-02
0.525,5.000000000000e-03,6.828835317000e-02,6.828835317000e-02
0.53,5.000000000000e-03,6.829384225000e-02,6.829384225000e-02
0.535,5.000000000000e-03,6.832611182000e-02,6.832611182000e-02
0.54,5.000000000000e-03,6.840832589000e-02,6.840832589000e-02
0.545,5.000000000000e-03,6.838771806000e-02,6.838771806000e-02
0.55,5.000000000000e-03,6.835806578000e-02,6.835806578000e-02
0.555,5.000000000000e-03,6.961339142000e-02,6.840320629000e-02
0.56,5.000000000000e-03,6.836001034000e-02,6.836001034000e-02
0.565,5.000000000000e-03,6.836806123000e-02,6.836806123000e-02
0.57,5.000000000000e-03,6.836756260000e-02,6.836756260000e-02
0.575,5.000000000000e-03,6.833797104000e-02,6.833797104000e-02
0.58,5.000000000000e-03,6.837204485000e-02,6.837204485000e-02
0.585,5.000000000000e-03,6.832740513000e-02,6.832740513000e-02
0.59,5.000000000000e-03,6.834772565000e-02,6.834772565000e-02
0.595,5.000000000000e-03,6.832835698000e-02,6.832835698000e-02
0.6,5.000000000000e-03,6.838999746000e-02,6.838999746000e-02
0.605,5.000000000000e-03,6.839308151000e-02,6.839308151000e-02
0.61,5.000000000000e-03,6.843020207000e-02,6.843020207000e-02
0.615,5.000000000000e-03,6.846046255000e-02,6.846046255000e-02
0.62,5.000000000000e-03,6.847888978000e-02,6.847888978000e-02
0.625,5.000000000000e-03,6.854114210000e-02,6.854114210000e-02
0.63,5.000000000000e-03,6.853349691000e-02,6.853349691000e-02
0.635,5.000000000000e-03,6.863462725000e-02,6.863462725000e-02
0.64,5.000000000000e-03,6.863550160000e-02,6.863550160000e-02
0.645,5.000000000000e-03,6.869600591000e-02,6.869600591000e-02
0.65,5.000000000000e-03,6.873070136000e-02,6.873070136000e-02
0.655,5.000000000000e-03,6.874689877000e-02,6.874689877000e-02
0.66,5.000000000000e-03,6.882369578000e-02,6.882369578000e-02
0.665,5.000000000000e-03,6.880104057000e-02,6.880104057000e-02
0.67,5.000000000000e-03,6.888302938000e-02,6.888302938000e-02
0.675,5.000000000000e-03,6.889678885000e-02,6.889678885000e-02
0.68,5.000000000000e-03,6.894178801000e-02,6.894178801000e-02
0.685,5.000000000000e-03,6.904863752000e-02,6.899546116000e-02
0.69,5.000000000000e-03,6.895485078000e-02,6.895485078000e-02
0.695,5.000000000000e-03,6.904974982000e-02,6.904974982000e-02
0.7,5.000000000000e-03,6.904694528000e-02,6.904694528000e-02
0.705,5.000000000000e-03,6.909523280000e-02,6.909523280000e-02
0.71,5.000000000000e-03,7.060435645000e-02,6.912912199000e-02
0.715,5.000000000000e-03,6.912566702000e-02,6.912566702000e-02
0.72,5.000000000000e-03,6.950793893000e-02,6.920787548000e-02
0.725,5.000000000000e-03,6.929495223000e-02,6.918715607000e-02
0.73,5.000000000000e-03,6.922756188000e-02,6.922756188000e-02
0.735,5.000000000000e-03,7.096845759000e-02,6.924566524000e-02
0.74,5.000000000000e-03,6.924772326000e-02,6.924772326000e-02
0.745,5.000000000000e-03,7.028038287000e-02,6.931241287000e-02
0.75,5.000000000000e-03,6.927797676000e-02,6.927797676000e-02
0.755,5.000000000000e-03,6.933861537000e-02,6.933861537000e-02
0.76,5.000000000000e-03,7.035286521000e-02,6.934106808000e-02
0.765,5.000000000000e-03,6.935682799000e-02,6.935682799000e-02
0.77,5.000000000000e-03,7.118922185000e-02,6.940351198000e-02
0.775,5.000000000000e-03,6.943351662000e-02,6.935407297000e-02
0.78,5.000000000000e-03,6.943022329000e-02,6.943022329000e-02
0.785,5.000000000000e-03,7.023314205000e-02,6.941891085000e-02
0.79,5.000000000000e-03,6.944297212000e-02,6.944297212000e-02
0.795,5.000000000000e-03,7.178560590000e-02,6.947254460000e-02
0.8,5.000000000000e-03,6.945163159000e-02,6.945163159000e-02
0.805,5.000000000000e-03,6.952805827000e-02,6.952805827000e-02
0.81,5.000000000000e-03,6.989522999000e-02,6.950004658000e-02
0.815,5.000000000000e-03,6.951481367000e-02,6.951481367000e-02
0.82,5.000000000000e-03,7.157782924000e-02,6.952880831000e-02
0.825,5.000000000000e-03,6.951669088000e-02,6.951669088000e-02
0.83,5.000000000000e-03,6.957726507000e-02,6.957726507000e-02
0.835,5.000000000000e-03,6.987441896000e-02,6.953644866000e-02
0.84,5.000000000000e-03,6.958021169000e-02,6.958021169000e-02
0.845,5.000000000000e-03,6.957928578000e-02,6.957928578000e-02
0.85,5.000000000000e-03,6.957781451000e-02,6.957781451000e-02
0.855,5.000000000000e-03,7.251351561000e-02,6.961981000000e-02
0.86,5.000000000000e-03,7.002126954000e-02,6.956673521000e-02
0.865,5.000000000000e-03,6.963344889000e-02,6.963344889000e-02
0.87,5.000000000000e-03,7.108585824000e-02,6.961852057000e-02
0.875,5.000000000000e-03,6.963038948000e-02,6.963038948000e-02
0.88,5.000000000000e-03,7.154753901000e-02,6.965534472000e-02
0.885,5.000000000000e-03,6.962329720000e-02,6.962329720000e-02
0.89,5.000000000000e-03,6.969636976000e-02,6.969636976000e-02
0.895,5.000000000000e-03,6.966514700000e-02,6.966514700000e-02
0.9,5.000000000000e-03,6.966770431000e-02,6.966770431000e-02
0.905,5.000000000000e-03,6.967769138000e-02,6.967769138000e-02
0.91,5.000000000000e-03,6.965786188000e-02,6.965786188000e-02
0.915,5.000000000000e-03,6.971475933000e-02,6.971475933000e-02
0.92,5.000000000000e-03,6.967056854000e-02,6.967056854000e-02
0.925,5.000000000000e-03,6.970765294000e-02,6.970765294000e-02
0.93,5.000000000000e-03,6.970311174000e-02,6.970311174000e-02
0.935,5.000000000000e-03,6.969076766000e-02,6.969076766000e-02
0.94,5.000000000000e-03,7.055830659000e-02,6.973006663000e-02
0.945,5.000000000000e-03,6.967344809000e-02,6.967344809000e-02
0.95,5.000000000000e-03,6.973494246000e-02,6.973494246000e-02
0.955,5.000000000000e-03,6.971627721000e-02,6.971627721000e-02
0.96,5.000000000000e-03,6.972271295000e-02,6.972271295000e-02
0.965,5.000000000000e-03,7.019865517000e-02,6.974435138000e-02
0.97,5.000000000000e-03,6.970361140000e-02,6.970361140000e-02
0.975,5.000000000000e-03,6.977481269000e-02,6.977481269000e-02
0.98,5.000000000000e-03,6.974097457000e-02,6.974097457000e-02
0.985,5.000000000000e-03,6.973964316000e-02,6.973964316000e-02
0.99,5.000000000000e-03,6.987401380000e-02,6.974706261000e-02
0.995,5.000000000000e-03,6.972274527000e-02,6.972274527000e-02
1,5.000000000000e-03,7.105874803000e-02,6.977516795000e-02
1.005,5.000000000000e-03,6.972907721000e-02,6.972907721000e-02
1.01,5.000000000000e-03,6.976351265000e-02,6.976351265000e-02
1.015,5.000000000000e-03,6.975691691000e-02,6.975691691000e-02
1.02,5.000000000000e-03,6.973821536000e-02,6.973821536000e-02
1.025,5.000000000000e-03,7.135791094000e-02,6.977500814000e-02
1.03,5.000000000000e-03,6.971581624000e-02,6.971581624000e-02
1.035,5.000000000000e-03,6.977612140000e-02,6.977612140000e-02
1.04,5.000000000000e-03,6.975516643000e-02,6.975516643000e-02
1.045,5.000000000000e-03,6.975873336000e-02,6.975873336000e-02
1.05,5.000000000000e-03,7.083861382000e-02,6.977833623000e-02
1.055,5.000000000000e-03,6.973209264000e-02,6.973209264000e-02
1.06,5.000000000000e-03,6.979991972000e-02,6.979991972000e-02
1.065,5.000000000000e-03,6.976383808000e-02,6.976383808000e-02
1.07,5.000000000000e-03,6.976094763000e-02,6.976094763000e-02
1.075,5.000000000000e-03,7.021149633000e-02,6.976655256000e-02
1.08,5.000000000000e-03,6.974035984000e-02,6.974035984000e-02
1.085,5.000000000000e-03,7.101235201000e-02,6.979145175000e-02
1.09,5.000000000000e-03,6.974283527000e-02,6.974283527000e-02
1.095,5.000000000000e-03,6.977473358000e-02,6.977473358000e-02
1.1,5.000000000000e-03,6.976590377000e-02,6.976590377000e-02
1.105,5.000000000000e-03,6.974363791000e-02,6.974363791000e-02
1.11,5.000000000000e-03,7.126260518000e-02,6.977831664000e-02
1.115,5.000000000000e-03,6.971733654000e-02,6.971733654000e-02
1.12,5.000000000000e-03,6.977803222000e-02,6.977803222000e-02
1.125,5.000000000000e-03,6.975579503000e-02,6.975579503000e-02
1.13,5.000000000000e-03,6.975820452000e-02,6.975820452000e-02
1.135,5.000000000000e-03,7.062092246000e-02,6.977619743000e-02
1.14,5.000000000000e-03,6.972612112000e-02,6.972612112000e-02
1.145,5.000000000000e-03,7.038622953000e-02,6.979183799000e-02
1.15,5.000000000000e-03,6.975476336000e-02,6.975476336000e-02
1.155,5.000000000000e-03,6.975232315000e-02,6.975232315000e-02
1.16,5.000000000000e-03,7.013300813000e-02,6.975627338000e-02
1.165,5.000000000000e-03,6.972986621000e-02,6.972986621000e-02
1.17,5.000000000000e-03,7.197068839000e-02,6.977885078000e-02
1.175,5.000000000000e-03,6.972861643000e-02,6.972861643000e-02
1.18,5.000000000000e-03,6.976032611000e-02,6.976032611000e-02
1.185,5.000000000000e-03,6.977986655000e-02,6.974968130000e-02
1.19,5.000000000000e-03,6.972636522000e-02,6.972636522000e-02
1.195,5.000000000000e-03,7.139995658000e-02,6.975915257000e-02
1.2,5.000000000000e-03,6.969603500000e-02,6.969603500000e-02
1.205,5.000000000000e-03,6.987454044000e-02,6.975786828000e-02
1.21,5.000000000000e-03,6.973312870000e-02,6.973312870000e-02
1.215,5.000000000000e-03,6.973474048000e-02,6.973474048000e-02
1.22,5.000000000000e-03,7.084372172000e-02,6.975103475000e-02
1.225,5.000000000000e-03,6.970085536000e-02,6.970085536000e-02
1.23,5.000000000000e-03,7.122315042000e-02,6.976526661000e-02
1.235,5.000000000000e-03,6.972643988000e-02,6.972643988000e-02
1.24,5.000000000000e-03,7.113891292000e-02,6.972653186000e-02
1.245,5.000000000000e-03,7.215424282000e-02,6.972977568000e-02
1.25,5.000000000000e-03,7.250845026000e-02,6.970533694000e-02
1.255,5.000000000000e-03,7.217962271000e-02,6.975366437000e-02
1.26,5.000000000000e-03,7.106313532000e-02,6.970252851000e-02
1.265,5.000000000000e-03,6.972949044000e-02,6.972949044000e-02
1.27,5.000000000000e-03,6.983985360000e-02,6.971815345000e-02
1.275,5.000000000000e-03,6.969336421000e-02,6.969336421000e-02
1.28,5.000000000000e-03,7.134191088000e-02,6.972523093000e-02
1.285,5.000000000000e-03,6.966081314000e-02,6.966081314000e-02
1.29,5.000000000000e-03,6.993241627000e-02,6.973023193000e-02
1.295,5.000000000000e-03,7.042498339000e-02,6.971423394000e-02
1.3,5.000000000000e-03,7.232161800000e-02,6.985639652000e-02
1.305,5.000000000000e-03,7.320298630000e-02,6.992881141000e-02
1.31,5.000000000000e-03,7.355507853000e-02,7.012131251000e-02
1.315,5.000000000000e-03,7.362416778000e-02,7.362416778000e-02
1.32,5.000000000000e-03,7.353237548000e-02,7.353237548000e-02
1.325,5.000000000000e-03,7.333968027000e-02,7.333968027000e-02
1.33,5.000000000000e-03,7.307845844000e-02,7.307845844000e-02
1.335,5.000000000000e-03,7.276355870000e-02,7.276355870000e-02
1.34,5.000000000000e-03,7.240526750000e-02,7.240526750000e-02
1.345,5.000000000000e-03,7.200677158000e-02,7.200677158000e-02
1.35,5.000000000000e-03,7.157113989000e-02,7.157113989000e-02
1.355,5.000000000000e-03,7.109970266000e-02,7.109970266000e-02
1.36,5.000000000000e-03,7.085330509000e-02,7.085330509000e-02
1.365,5.000000000000e-03,7.098264018000e-02,7.061904378000e-02
1.37,5.000000000000e-03,7.086485786000e-02,7.032388659000e-02
1.375,5.000000000000e-03,7.156279124000e-02,6.997552369000e-02
1.38,5.000000000000e-03,7.202818003000e-02,6.959437254000e-02
1.385,5.000000000000e-03,7.223358471000e-02,6.972214468000e-02
1.39,5.000000000000e-03,7.218254446000e-02,6.973297557000e-02
1.395,5.000000000000e-03,7.189547618000e-02,6.965363358000e-02
1.4,5.000000000000e-03,7.200858222000e-02,6.971023572000e-02
1.405,5.000000000000e-03,7.070596440000e-02,6.966993587000e-02
1.41,5.000000000000e-03,6.984345953000e-02,6.962755733000e-02
1.415,5.000000000000e-03,6.971647943000e-02,6.963043431000e-02
1.42,5.000000000000e-03,6.960584997000e-02,6.960584997000e-02
1.425,5.000000000000e-03,7.124099216000e-02,6.965088584000e-02
1.43,5.000000000000e-03,6.959811704000e-02,6.959811704000e-02
1.435,5.000000000000e-03,6.962131696000e-02,6.962131696000e-02
1.44,5.000000000000e-03,6.960795603000e-02,6.960795603000e-02
1.445,5.000000000000e-03,6.958070710000e-02,6.958070710000e-02
1.45,5.000000000000e-03,7.050773773000e-02,6.960960541000e-02
1.455,5.000000000000e-03,6.954369081000e-02,6.954369081000e-02
1.46,5.000000000000e-03,7.089847682000e-02,6.960568873000e-02
1.465,5.000000000000e-03,6.957723342000e-02,6.957723342000e-02
1.47,5.000000000000e-03,6.958318780000e-02,6.958318780000e-02
1.475,5.000000000000e-03,6.986304458000e-02,6.959419231000e-02
1.48,5.000000000000e-03,6.954161723000e-02,6.954161723000e-02
1.485,5.000000000000e-03,7.150119477000e-02,6.959999647000e-02
1.49,5.000000000000e-03,6.955671659000e-02,6.955671659000e-02
1.495,5.000000000000e-03,6.956659250000e-02,6.956659250000e-02
1.5,5.000000000000e-03,6.956417652000e-02,6.956417652000e-02
1.505,5.000000000000e-03,6.954506717000e-02,6.954506717000e-02
1.51,5.000000000000e-03,7.073999092000e-02,6.958678824000e-02
1.515,5.000000000000e-03,6.953003366000e-02,6.953003366000e-02
1.52,5.000000000000e-03,7.001080270000e-02,6.956546566000e-02
1.525,5.000000000000e-03,6.954907003000e-02,6.954907003000e-02
1.53,5.000000000000e-03,6.953663468000e-02,6.953663468000e-02
1.535,5.000000000000e-03,7.004206678000e-02,6.956323811000e-02
1.54,5.000000000000e-03,6.949444160000e-02,6.949444160000e-02
1.545,5.000000000000e-03,7.173321030000e-02,6.956357614000e-02
1.55,5.000000000000e-03,6.953348564000e-02,6.953348564000e-02
1.555,5.000000000000e-03,6.954248061000e-02,6.954248061000e-02
1.56,5.000000000000e-03,6.955221773000e-02,6.955221773000e-02
1.565,5.000000000000e-03,6.949821427000e-02,6.949821427000e-02
1.57,5.000000000000e-03,7.096029871000e-02,6.955554504000e-02
1.575,5.000000000000e-03,6.951152550000e-02,6.951152550000e-02
1.58,5.000000000000e-03,6.952251750000e-02,6.952251750000e-02
1.585,5.000000000000e-03,6.951941162000e-02,6.951941162000e-02
1.59,5.000000000000e-03,6.950021938000e-02,6.950021938000e-02
1.595,5.000000000000e-03,7.023730772000e-02,6.954090198000e-02
1.6,5.000000000000e-03,6.948343184000e-02,6.948343184000e-02
1.605,5.000000000000e-03,7.092299984000e-02,6.951740365000e-02
1.61,5.000000000000e-03,6.950060359000e-02,6.950060359000e-02
1.615,5.000000000000e-03,6.948698697000e-02,6.948698697000e-02
1.62,5.000000000000e-03,6.960959809000e-02,6.951254451000e-02
1.625,5.000000000000e-03,6.944327296000e-02,6.944327296000e-02
1.63,5.000000000000e-03,7.121859415000e-02,6.951244174000e-02
1.635,5.000000000000e-03,6.948146463000e-02,6.948146463000e-02
1.64,5.000000000000e-03,6.949060004000e-02,6.949060004000e-02
1.645,5.000000000000e-03,6.949919534000e-02,6.949919534000e-02
1.65,5.000000000000e-03,6.944441396000e-02,6.944441396000e-02
1.655,5.000000000000e-03,7.053435516000e-02,6.950116145000e-02
1.66,5.000000000000e-03,6.945625544000e-02,6.945625544000e-02
1.665,5.000000000000e-03,6.973101321000e-02,6.946784123000e-02
1.67,5.000000000000e-03,6.946373287000e-02,6.946373287000e-02
1.675,5.000000000000e-03,6.944603521000e-02,6.944603521000e-02
1.68,5.000000000000e-03,6.991350263000e-02,6.948575737000e-02
1.685,5.000000000000e-03,6.942721242000e-02,6.942721242000e-02
1.69,5.000000000000e-03,7.139674760000e-02,6.946072400000e-02
1.695,5.000000000000e-03,6.944315386000e-02,6.944315386000e-02
1.7,5.000000000000e-03,6.943039847000e-02,6.943039847000e-02
1.705,5.000000000000e-03,6.955173754000e-02,6.945502309000e-02
1.71,5.000000000000e-03,6.938476615000e-02,6.938476615000e-02
1.715,5.000000000000e-03,7.111974379000e-02,6.945517332000e-02
1.72,5.000000000000e-03,6.942331764000e-02,6.942331764000e-02
1.725,5.000000000000e-03,6.959245855000e-02,6.943424985000e-02
1.73,5.000000000000e-03,6.978137844000e-02,6.944195808000e-02
1.735,5.000000000000e-03,6.938686757000e-02,6.938686757000e-02
1.74,5.000000000000e-03,6.944273772000e-02,6.944273772000e-02
1.745,5.000000000000e-03,6.939728954000e-02,6.939728954000e-02
1.75,5.000000000000e-03,7.244910177000e-02,6.941040240000e-02
1.755,5.000000000000e-03,6.948288280000e-02,6.940534112000e-02
1.76,5.000000000000e-03,7.101182153000e-02,6.938958223000e-02
1.765,5.000000000000e-03,7.176347367000e-02,6.942705646000e-02
1.77,5.000000000000e-03,6.936768887000e-02,6.936768887000e-02
1.775,5.000000000000e-03,7.249598130000e-02,6.940161299000e-02
1.78,5.000000000000e-03,6.967513459000e-02,6.938308633000e-02
1.785,5.000000000000e-03,6.940067919000e-02,6.937120044000e-02
1.79,5.000000000000e-03,6.990012865000e-02,6.939436376000e-02
1.795,5.000000000000e-03,6.932419832000e-02,6.932419832000e-02
1.8,5.000000000000e-03,7.094944788000e-02,6.939609447000e-02
1.805,5.000000000000e-03,6.936299336000e-02,6.936299336000e-02
1.81,5.000000000000e-03,6.956643874000e-02,6.937451677000e-02
1.815,5.000000000000e-03,6.938106050000e-02,6.938106050000e-02
1.82,5.000000000000e-03,6.932643167000e-02,6.932643167000e-02
1.825,5.000000000000e-03,7.001784820000e-02,6.938124588000e-02
1.83,5.000000000000e-03,6.933473882000e-02,6.933473882000e-02
1.835,5.000000000000e-03,7.147428916000e-02,6.935089772000e-02
1.84,5.000000000000e-03,6.934490587000e-02,6.934490587000e-02
1.845,5.000000000000e-03,6.932881006000e-02,6.932881006000e-02
1.85,5.000000000000e-03,6.940316916000e-02,6.936645911000e-02
1.855,5.000000000000e-03,6.930644541000e-02,6.930644541000e-02
1.86,5.000000000000e-03,7.089514388000e-02,6.933965798000e-02
1.865,5.000000000000e-03,6.932057447000e-02,6.932057447000e-02
1.87,5.000000000000e-03,6.931069652000e-02,6.931069652000e-02
1.875,5.000000000000e-03,6.933336557000e-02,6.933336557000e-02
1.88,5.000000000000e-03,6.926470504000e-02,6.926470504000e-02
1.885,5.000000000000e-03,7.014662098000e-02,6.933529643000e-02
1.89,5.000000000000e-03,6.930178835000e-02,6.930178835000e-02
1.895,5.000000000000e-03,7.015574226000e-02,6.931343253000e-02
1.9,5.000000000000e-03,6.931885199000e-02,6.931885199000e-02
1.905,5.000000000000e-03,6.926596352000e-02,6.926596352000e-02
1.91,5.000000000000e-03,6.946571375000e-02,6.932006463000e-02
1.915,5.000000000000e-03,6.927237509000e-02,6.927237509000e-02
1.92,5.000000000000e-03,7.109200462000e-02,6.929026970000e-02
1.925,5.000000000000e-03,6.928402566000e-02,6.928402566000e-02
1.93,5.000000000000e-03,6.926741012000e-02,6.926741012000e-02
1.935,5.000000000000e-03,6.930433042000e-02,6.930433042000e-02
1.94,5.000000000000e-03,6.924378537000e-02,6.924378537000e-02
1.945,5.000000000000e-03,7.034852576000e-02,6.927760266000e-02
1.95,5.000000000000e-03,6.925773921000e-02,6.925773921000e-02
1.955,5.000000000000e-03,6.933789037000e-02,6.924853514000e-02
1.96,5.000000000000e-03,6.927049769000e-02,6.927049769000e-02
1.965,5.000000000000e-03,6.920310410000e-02,6.920310410000e-02
1.97,5.000000000000e-03,6.967203483000e-02,6.927343143000e-02
1.975,5.000000000000e-03,6.923907302000e-02,6.923907302000e-02
1.98,5.000000000000e-03,7.118248787000e-02,6.925035889000e-02
1.985,5.000000000000e-03,6.925597366000e-02,6.925597366000e-02
1.99,5.000000000000e-03,6.920520080000e-02,6.920520080000e-02
1.995,5.000000000000e-03,6.925860439000e-02,6.925860439000e-02
2,5.000000000000e-03,6.921087396000e-02,6.921087396000e-02
2.005,5.000000000000e-03,7.061266796000e-02,6.922870439000e-02
2.01,5.000000000000e-03,6.922207043000e-02,6.922207043000e-02
2.015,5.000000000000e-03,6.920601889000e-02,6.920601889000e-02
2.02,5.000000000000e-03,6.924285155000e-02,6.924285155000e-02
2.025,5.000000000000e-03,6.918186006000e-02,6.918186006000e-02
2.03,5.000000000000e-03,6.991000585000e-02,6.921588050000e-02
2.035,5.000000000000e-03,6.919558818000e-02,6.919558818000e-02
2.04,5.000000000000e-03,7.001418536000e-02,6.918750018000e-02
2.045,5.000000000000e-03,6.920904739000e-02,6.920904739000e-02
2.05,5.000000000000e-03,6.914116541000e-02,6.914116541000e-02
2.055,5.000000000000e-03,6.926660649000e-02,6.921085457000e-02
2.06,5.000000000000e-03,6.917611555000e-02,6.917611555000e-02
2.065,5.000000000000e-03,7.089607290000e-02,6.918877946000e-02
2.07,5.000000000000e-03,6.919361791000e-02,6.919361791000e-02
2.075,5.000000000000e-03,6.914311950000e-02,6.914311950000e-02
2.08,5.000000000000e-03,6.919577443000e-02,6.919577443000e-02
2.085,5.000000000000e-03,6.914747637000e-02,6.914747637000e-02
2.09,5.000000000000e-03,7.015951104000e-02,6.916522474000e-02
2.095,5.000000000000e-03,6.915757357000e-02,6.915757357000e-02
2.1,5.000000000000e-03,6.919117272000e-02,6.914176787000e-02
2.105,5.000000000000e-03,6.917864965000e-02,6.917864965000e-02
2.11,5.000000000000e-03,6.954027352000e-02,6.911769511000e-02
2.115,5.000000000000e-03,7.101018381000e-02,6.915543769000e-02
2.12,5.000000000000e-03,7.189406663000e-02,6.913481293000e-02
2.125,5.000000000000e-03,7.213718657000e-02,6.912805121000e-02
2.13,5.000000000000e-03,7.172769647000e-02,6.915037296000e-02
2.135,5.000000000000e-03,7.050918714000e-02,6.907810540000e-02
2.14,5.000000000000e-03,6.914636793000e-02,6.914636793000e-02
2.145,5.000000000000e-03,6.911158449000e-02,6.911158449000e-02
2.15,5.000000000000e-03,7.040388409000e-02,6.911990505000e-02
2.155,5.000000000000e-03,6.912556123000e-02,6.912556123000e-02
2.16,5.000000000000e-03,6.907300000000e-02,6.907300000000e-02
2.165,5.000000000000e-03,6.913531665000e-02,6.913531665000e-02
2.17,5.000000000000e-03,7.010797356000e-02,6.916984724000e-02
2.175,5.000000000000e-03,7.178432673000e-02,6.928039615000e-02
2.18,5.000000000000e-03,7.256434577000e-02,6.941978703000e-02
2.185,5.000000000000e-03,7.287055278000e-02,6.957674760000e-02
2.19,5.000000000000e-03,7.291643942000e-02,7.291643942000e-02
2.195,5.000000000000e-03,7.281321050000e-02,7.281321050000e-02
2.2,5.000000000000e-03,7.261255698000e-02,7.261255698000e-02
2.205,5.000000000000e-03,7.234654309000e-02,7.234654309000e-02
2.21,5.000000000000e-03,7.202752915000e-02,7.202752915000e-02
2.215,5.000000000000e-03,7.166449616000e-02,7.166449616000e-02
2.22,5.000000000000e-03,7.126152764000e-02,7.126152764000e-02
2.225,5.000000000000e-03,7.082064357000e-02,7.082064357000e-02
2.23,5.000000000000e-03,7.040207121000e-02,7.040207121000e-02
2.235,5.000000000000e-03,7.021602942000e-02,7.021602942000e-02
2.24,5.000000000000e-03,6.996224717000e-02,6.996224717000e-02
2.245,5.000000000000e-03,6.964969061000e-02,6.964969061000e-02
2.25,5.000000000000e-03,7.018867456000e-02,6.928523363000e-02
2.255,5.000000000000e-03,7.063151268000e-02,6.900123302000e-02
2.26,5.000000000000e-03,7.083985264000e-02,6.910242289000e-02
2.265,5.000000000000e-03,7.081928180000e-02,6.909200257000e-02
2.27,5.000000000000e-03,7.094790675000e-02,6.904771173000e-02
2.275,5.000000000000e-03,7.014967326000e-02,6.908441706000e-02
2.28,5.000000000000e-03,6.953466956000e-02,6.902434467000e-02
2.285,5.000000000000e-03,6.901805888000e-02,6.901805888000e-02
2.29,5.000000000000e-03,6.899986081000e-02,6.899986081000e-02
2.295,5.000000000000e-03,7.019717853000e-02,6.898618687000e-02
2.3,5.000000000000e-03,6.900935034000e-02,6.900935034000e-02
2.305,5.000000000000e-03,6.893853668000e-02,6.893853668000e-02
2.31,5.000000000000e-03,6.900430201000e-02,6.900430201000e-02
2.315,5.000000000000e-03,6.897057238000e-02,6.897057238000e-02
2.32,5.000000000000e-03,6.949374687000e-02,6.897161623000e-02
2.325,5.000000000000e-03,6.897767832000e-02,6.897767832000e-02
2.33,5.000000000000e-03,6.998128011000e-02,6.892764212000e-02
2.335,5.000000000000e-03,6.898105119000e-02,6.898105119000e-02
2.34,5.000000000000e-03,6.893309267000e-02,6.893309267000e-02
2.345,5.000000000000e-03,6.894423776000e-02,6.894423776000e-02
2.35,5.000000000000e-03,6.893666713000e-02,6.893666713000e-02
2.355,5.000000000000e-03,7.046426599000e-02,6.892246120000e-02
2.36,5.000000000000e-03,6.895862589000e-02,6.895862589000e-02
2.365,5.000000000000e-03,6.889671850000e-02,6.889671850000e-02
2.37,5.000000000000e-03,6.893536775000e-02,6.893536775000e-02
2.375,5.000000000000e-03,6.891382013000e-02,6.891382013000e-02
2.38,5.000000000000e-03,6.972864496000e-02,6.890594609000e-02
2.385,5.000000000000e-03,6.892686731000e-02,6.892686731000e-02
2.39,5.000000000000e-03,6.914929787000e-02,6.886168844000e-02
2.395,5.000000000000e-03,6.893067846000e-02,6.893067846000e-02
2.4,5.000000000000e-03,6.889526700000e-02,6.889526700000e-02
2.405,5.000000000000e-03,6.906167736000e-02,6.891031638000e-02
2.41,5.000000000000e-03,6.891467740000e-02,6.891467740000e-02
2.415,5.000000000000e-03,7.070966284000e-02,6.886922171000e-02
2.42,5.000000000000e-03,6.892140766000e-02,6.892140766000e-02
2.425,5.000000000000e-03,6.887265320000e-02,6.887265320000e-02
2.43,5.000000000000e-03,6.888710003000e-02,6.888710003000e-02
2.435,5.000000000000e-03,6.887895892000e-02,6.887895892000e-02
2.44,5.000000000000e-03,6.996022188000e-02,6.886486476000e-02
2.445,5.000000000000e-03,6.890097716000e-02,6.890097716000e-02
2.45,5.000000000000e-03,6.883946308000e-02,6.883946308000e-02
2.455,5.000000000000e-03,6.887852972000e-02,6.887852972000e-02
2.46,5.000000000000e-03,6.885681959000e-02,6.885681959000e-02
2.465,5.000000000000e-03,6.926736562000e-02,6.884737379000e-02
2.47,5.000000000000e-03,6.886835178000e-02,6.886835178000e-02
2.475,5.000000000000e-03,7.009278212000e-02,6.880266560000e-02
2.48,5.000000000000e-03,6.887227076000e-02,6.887227076000e-02
2.485,5.000000000000e-03,6.883654994000e-02,6.883654994000e-02
2.49,5.000000000000e-03,6.884929819000e-02,6.884929819000e-02
2.495,5.000000000000e-03,6.885388242000e-02,6.885388242000e-02
2.5,5.000000000000e-03,7.024461334000e-02,6.880822113000e-02
2.505,5.000000000000e-03,6.886077090000e-02,6.886077090000e-02
2.51,5.000000000000e-03,6.881161518000e-02,6.881161518000e-02
2.515,5.000000000000e-03,6.882516171000e-02,6.882516171000e-02
2.52,5.000000000000e-03,6.881686792000e-02,6.881686792000e-02
2.525,5.000000000000e-03,6.959004995000e-02,6.880300561000e-02
2.53,5.000000000000e-03,6.883910318000e-02,6.883910318000e-02
2.535,5.000000000000e-03,6.888625150000e-02,6.877697299000e-02
2.54,5.000000000000e-03,6.881550413000e-02,6.881550413000e-02
2.545,5.000000000000e-03,6.879372468000e-02,6.879372468000e-02
2.55,5.000000000000e-03,6.899250287000e-02,6.878531849000e-02
2.555,5.000000000000e-03,6.880593236000e-02,6.880593236000e-02
2.56,5.000000000000e-03,7.045480111000e-02,6.873973011000e-02
2.565,5.000000000000e-03,6.880908255000e-02,6.880908255000e-02
2.57,5.000000000000e-03,6.877340455000e-02,6.877340455000e-02
2.575,5.000000000000e-03,6.878586653000e-02,6.878586653000e-02
2.58,5.000000000000e-03,6.879007019000e-02,6.879007019000e-02
2.585,5.000000000000e-03,7.037984417000e-02,6.874516038000e-02
2.59,5.000000000000e-03,6.879750616000e-02,6.879750616000e-02
2.595,5.000000000000e-03,6.874751797000e-02,6.874751797000e-02
2.6,5.000000000000e-03,6.876094386000e-02,6.876094386000e-02
2.605,5.000000000000e-03,6.875194489000e-02,6.875194489000e-02
2.61,5.000000000000e-03,6.873554192000e-02,6.873554192000e-02
2.615,5.000000000000e-03,6.877154741000e-02,6.877154741000e-02
2.62,5.000000000000e-03,7.151112100000e-02,6.871238869000e-02
2.625,5.000000000000e-03,6.875334214000e-02,6.875334214000e-02
2.63,5.000000000000e-03,7.037048629000e-02,6.873053842000e-02
2.635,5.000000000000e-03,7.104362319000e-02,6.872205913000e-02
2.64,5.000000000000e-03,6.874195783000e-02,6.874195783000e-02
2.645,5.000000000000e-03,7.165614550000e-02,6.867548278000e-02
2.65,5.000000000000e-03,6.890413141000e-02,6.874487926000e-02
2.655,5.000000000000e-03,6.870854605000e-02,6.870854605000e-02
2.66,5.000000000000e-03,6.900733195000e-02,6.872021754000e-02
2.665,5.000000000000e-03,6.872392804000e-02,6.872392804000e-02
2.67,5.000000000000e-03,7.004391399000e-02,6.868027856000e-02
2.675,5.000000000000e-03,6.873229088000e-02,6.873229088000e-02
2.68,5.000000000000e-03,6.868227614000e-02,6.868227614000e-02
2.685,5.000000000000e-03,6.869670434000e-02,6.869670434000e-02
2.69,5.000000000000e-03,6.868757551000e-02,6.868757551000e-02
2.695,5.000000000000e-03,6.916467737000e-02,6.867364169000e-02
2.7,5.000000000000e-03,6.870891157000e-02,6.870891157000e-02
2.705,5.000000000000e-03,7.049498361000e-02,6.864596734000e-02
2.71,5.000000000000e-03,6.868699525000e-02,6.868699525000e-02
2.715,5.000000000000e-03,6.866449459000e-02,6.866449459000e-02
2.72,5.000000000000e-03,6.865708664000e-02,6.865708664000e-02
2.725,5.000000000000e-03,6.867709274000e-02,6.867709274000e-02
2.73,5.000000000000e-03,7.005765225000e-02,6.860951350000e-02
2.735,5.000000000000e-03,6.867828937000e-02,6.867828937000e-02
2.74,5.000000000000e-03,6.864259361000e-02,6.864259361000e-02
2.745,5.000000000000e-03,6.865499406000e-02,6.865499406000e-02
2.75,5.000000000000e-03,6.865725711000e-02,6.865725711000e-02
2.755,5.000000000000e-03,6.931678046000e-02,6.861378225000e-02
2.76,5.000000000000e-03,6.866512877000e-02,6.866512877000e-02
2.765,5.000000000000e-03,6.914834113000e-02,6.861373882000e-02
2.77,5.000000000000e-03,6.862998202000e-02,6.862998202000e-02
2.775,5.000000000000e-03,6.862175684000e-02,6.862175684000e-02
2.78,5.000000000000e-03,6.866193681000e-02,6.860749503000e-02
2.785,5.000000000000e-03,6.864210285000e-02,6.864210285000e-02
2.79,5.000000000000e-03,7.027324214000e-02,6.857868782000e-02
2.795,5.000000000000e-03,6.862143361000e-02,6.862143361000e-02
2.8,5.000000000000e-03,6.859844946000e-02,6.859844946000e-02
2.805,5.000000000000e-03,6.859017236000e-02,6.859017236000e-02
2.81,5.000000000000e-03,6.861005770000e-02,6.861005770000e-02
2.815,5.000000000000e-03,6.956360214000e-02,6.854180433000e-02
2.82,5.000000000000e-03,6.861135373000e-02,6.861135373000e-02
2.825,5.000000000000e-03,6.857541775000e-02,6.857541775000e-02
2.83,5.000000000000e-03,6.858766482000e-02,6.858766482000e-02
2.835,5.000000000000e-03,6.859118278000e-02,6.859118278000e-02
2.84,5.000000000000e-03,6.890971564000e-02,6.855044196000e-02
2.845,5.000000000000e-03,6.860271121000e-02,6.860271121000e-02
2.85,5.000000000000e-03,7.000863282000e-02,6.855312446000e-02
2.855,5.000000000000e-03,6.856764325000e-02,6.856764325000e-02
2.86,5.000000000000e-03,6.855810387000e-02,6.855810387000e-02
2.865,5.000000000000e-03,6.854448010000e-02,6.854448010000e-02
2.87,5.000000000000e-03,6.857996058000e-02,6.857996058000e-02
2.875,5.000000000000e-03,6.988005483000e-02,6.851682038000e-02
2.88,5.000000000000e-03,6.856022113000e-02,6.856022113000e-02
2.885,5.000000000000e-03,6.853693817000e-02,6.853693817000e-02
2.89,5.000000000000e-03,6.852722867000e-02,6.852722867000e-02
2.895,5.000000000000e-03,6.854742419000e-02,6.854742419000e-02
2.9,5.000000000000e-03,6.919026585000e-02,6.847788823000e-02
2.905,5.000000000000e-03,6.854707032000e-02,6.854707032000e-02
2.91,5.000000000000e-03,6.883968490000e-02,6.851027028000e-02
2.915,5.000000000000e-03,6.852199192000e-02,6.852199192000e-02
2.92,5.000000000000e-03,6.852547422000e-02,6.852547422000e-02
2.925,5.000000000000e-03,6.856486109000e-02,6.848795418000e-02
2.93,5.000000000000e-03,6.853916720000e-02,6.853916720000e-02
2.935,5.000000000000e-03,7.019535229000e-02,6.848823818000e-02
2.94,5.000000000000e-03,6.981307146000e-02,6.850170847000e-02
2.945,5.000000000000e-03,7.073378375000e-02,6.849233989000e-02
2.95,5.000000000000e-03,7.104913743000e-02,6.847977644000e-02
2.955,5.000000000000e-03,7.073804635000e-02,6.851521937000e-02
2.96,5.000000000000e-03,6.969198980000e-02,6.845194730000e-02
2.965,5.000000000000e-03,6.849132089000e-02,6.849132089000e-02
2.97,5.000000000000e-03,6.846757817000e-02,6.846757817000e-02
2.975,5.000000000000e-03,6.845072473000e-02,6.845072473000e-02
2.98,5.000000000000e-03,6.847038108000e-02,6.847038108000e-02
2.985,5.000000000000e-03,6.881673832000e-02,6.840838196000e-02
2.99,5.000000000000e-03,6.848558667000e-02,6.848558667000e-02
2.995,5.000000000000e-03,6.956383661000e-02,6.845852662000e-02
3,5.000000000000e-03,7.109525977000e-02,6.859101384000e-02
3.005,5.000000000000e-03,7.200001153000e-02,6.866431346000e-02
3.01,5.000000000000e-03,7.237176801000e-02,6.884632229000e-02
3.015,5.000000000000e-03,7.244753231000e-02,7.244753231000e-02
3.02,5.000000000000e-03,7.235557024000e-02,7.235557024000e-02
3.025,5.000000000000e-03,7.215598461000e-02,7.215598461000e-02
3.03,5.000000000000e-03,7.188487382000e-02,7.188487382000e-02
3.035,5.000000000000e-03,7.155773665000e-02,7.155773665000e-02
3.04,5.000000000000e-03,7.118599685000e-02,7.118599685000e-02
3.045,5.000000000000e-03,7.077475248000e-02,7.077475248000e-02
3.05,5.000000000000e-03,7.032616206000e-02,7.032616206000e-02
3.055,5.000000000000e-03,6.984397964000e-02,6.984397964000e-02
3.06,5.000000000000e-03,6.954373090000e-02,6.954373090000e-02
3.065,5.000000000000e-03,6.930272283000e-02,6.930272283000e-02
3.07,5.000000000000e-03,6.900255202000e-02,6.900255202000e-02
3.075,5.000000000000e-03,6.865007619000e-02,6.865007619000e-02
3.08,5.000000000000e-03,7.008094643000e-02,6.833867821000e-02
3.085,5.000000000000e-03,6.852717073000e-02,6.845670956000e-02
3.09,5.000000000000e-03,6.857652318000e-02,6.845684097000e-02
3.095,5.000000000000e-03,6.842418093000e-02,6.839534960000e-02
3.1,5.000000000000e-03,6.844613248000e-02,6.844613248000e-02
3.105,5.000000000000e-03,6.936940825000e-02,6.839556719000e-02
3.11,5.000000000000e-03,6.836966156000e-02,6.836966156000e-02
3.115,5.000000000000e-03,6.836188245000e-02,6.836188245000e-02
3.12,5.000000000000e-03,6.834799975000e-02,6.834799975000e-02
3.125,5.000000000000e-03,6.838419188000e-02,6.838419188000e-02
3.13,5.000000000000e-03,6.869860689000e-02,6.832213575000e-02
3.135,5.000000000000e-03,6.835815848000e-02,6.835815848000e-02
3.14,5.000000000000e-03,6.936428949000e-02,6.833598600000e-02
3.145,5.000000000000e-03,6.831514091000e-02,6.831514091000e-02
3.15,5.000000000000e-03,6.833603082000e-02,6.833603082000e-02
3.155,5.000000000000e-03,6.826465409000e-02,6.826465409000e-02
3.16,5.000000000000e-03,6.833385360000e-02,6.833385360000e-02
3.165,5.000000000000e-03,6.965417170000e-02,6.829745420000e-02
3.17,5.000000000000e-03,6.831222886000e-02,6.831222886000e-02
3.175,5.000000000000e-03,6.831520065000e-02,6.831520065000e-02
3.18,5.000000000000e-03,6.827895651000e-02,6.827895651000e-02
3.185,5.000000000000e-03,6.832927472000e-02,6.832927472000e-02
3.19,5.000000000000e-03,6.895145384000e-02,6.827761284000e-02
3.195,5.000000000000e-03,6.829588310000e-02,6.829588310000e-02
3.2,5.000000000000e-03,6.843968182000e-02,6.828500857000e-02
3.205,5.000000000000e-03,6.827702280000e-02,6.827702280000e-02
3.21,5.000000000000e-03,6.831065287000e-02,6.831065287000e-02
3.215,5.000000000000e-03,6.830707981000e-02,6.824546230000e-02
3.22,5.000000000000e-03,6.829143990000e-02,6.829143990000e-02
3.225,5.000000000000e-03,6.993677824000e-02,6.826695498000e-02
3.23,5.000000000000e-03,6.826194017000e-02,6.826194017000e-02
3.235,5.000000000000e-03,6.828005009000e-02,6.828005009000e-02
3.24,5.000000000000e-03,6.821911074000e-02,6.821911074000e-02
3.245,5.000000000000e-03,6.828566747000e-02,6.828566747000e-02
3.25,5.000000000000e-03,6.921915857000e-02,6.824697854000e-02
3.255,5.000000000000e-03,6.826824104000e-02,6.826824104000e-02
3.26,5.000000000000e-03,6.826908531000e-02,6.826908531000e-02
3.265,5.000000000000e-03,6.822925306000e-02,6.822925306000e-02
3.27,5.000000000000e-03,6.827778348000e-02,6.827778348000e-02
3.275,5.000000000000e-03,6.854768997000e-02,6.822482974000e-02
3.28,5.000000000000e-03,6.825187195000e-02,6.825187195000e-02
3.285,5.000000000000e-03,6.920435275000e-02,6.823927546000e-02
3.29,5.000000000000e-03,6.823296210000e-02,6.823296210000e-02
3.295,5.000000000000e-03,6.826420252000e-02,6.826420252000e-02
3.3,5.000000000000e-03,6.819745766000e-02,6.819745766000e-02
3.305,5.000000000000e-03,6.824345039000e-02,6.824345039000e-02
3.31,5.000000000000e-03,6.950905759000e-02,6.821707618000e-02
3.315,5.000000000000e-03,6.822048504000e-02,6.822048504000e-02
3.32,5.000000000000e-03,6.823509436000e-02,6.823509436000e-02
3.325,5.000000000000e-03,6.819001267000e-02,6.819001267000e-02
3.33,5.000000000000e-03,6.825150739000e-02,6.825150739000e-02
3.335,5.000000000000e-03,6.884951043000e-02,6.820919781000e-02
3.34,5.000000000000e-03,6.822376315000e-02,6.822376315000e-02
3.345,5.000000000000e-03,6.822122968000e-02,6.822122968000e-02
3.35,5.000000000000e-03,6.819407058000e-02,6.819407058000e-02
3.355,5.000000000000e-03,6.823716324000e-02,6.823716324000e-02
3.36,5.000000000000e-03,6.826906146000e-02,6.818064037000e-02
3.365,5.000000000000e-03,6.822142103000e-02,6.822142103000e-02
3.37,5.000000000000e-03,6.964191272000e-02,6.820451575000e-02
3.375,5.000000000000e-03,6.819304229000e-02,6.819304229000e-02
3.38,5.000000000000e-03,6.821810136000e-02,6.821810136000e-02
3.385,5.000000000000e-03,6.814809142000e-02,6.814809142000e-02
3.39,5.000000000000e-03,6.822064176000e-02,6.822064176000e-02
3.395,5.000000000000e-03,6.954509401000e-02,6.818823754000e-02
3.4,5.000000000000e-03,6.821220526000e-02,6.821220526000e-02
3.405,5.000000000000e-03,6.821715174000e-02,6.821715174000e-02
3.41,5.000000000000e-03,6.817235791000e-02,6.817235791000e-02
3.415,5.000000000000e-03,6.822335389000e-02,6.822335389000e-02
3.42,5.000000000000e-03,6.964375228000e-02,6.817431776000e-02
3.425,5.000000000000e-03,6.820836425000e-02,6.820836425000e-02
3.43,5.000000000000e-03,6.819783317000e-02,6.819783317000e-02
3.435,5.000000000000e-03,6.818748846000e-02,6.818748846000e-02
3.44,5.000000000000e-03,6.836705266000e-02,6.821667036000e-02
3.445,5.000000000000e-03,6.879057956000e-02,6.814926084000e-02
3.45,5.000000000000e-03,6.821703892000e-02,6.821680668000e-02
3.455,5.000000000000e-03,7.148932400000e-02,6.819141696000e-02
3.46,5.000000000000e-03,6.865313346000e-02,6.821605887000e-02
3.465,5.000000000000e-03,6.850492954000e-02,6.822392375000e-02
3.47,5.000000000000e-03,6.914152103000e-02,6.817753992000e-02
3.475,5.000000000000e-03,6.822912176000e-02,6.822912176000e-02
3.48,5.000000000000e-03,6.992516131000e-02,6.818318267000e-02
3.485,5.000000000000e-03,6.822685197000e-02,6.822685197000e-02
3.49,5.000000000000e-03,6.821679625000e-02,6.821679625000e-02
3.495,5.000000000000e-03,6.820633030000e-02,6.820633030000e-02
3.5,5.000000000000e-03,6.823322011000e-02,6.823322011000e-02
3.505,5.000000000000e-03,6.879769627000e-02,6.819605469000e-02
3.51,5.000000000000e-03,6.826421102000e-02,6.826421102000e-02
3.515,5.000000000000e-03,6.824336854000e-02,6.823245167000e-02
3.52,5.000000000000e-03,6.823511140000e-02,6.823511140000e-02
3.525,5.000000000000e-03,6.823932556000e-02,6.823932556000e-02
3.53,5.000000000000e-03,6.822881135000e-02,6.822881135000e-02
3.535,5.000000000000e-03,6.826883169000e-02,6.826883169000e-02
3.54,5.000000000000e-03,6.983223767000e-02,6.822457190000e-02
3.545,5.000000000000e-03,6.870983453000e-02,6.830293054000e-02
3.55,5.000000000000e-03,7.019235131000e-02,6.828161401000e-02
3.555,5.000000000000e-03,7.170076874000e-02,6.826762711000e-02
3.56,5.000000000000e-03,7.323505110000e-02,6.828114323000e-02
3.565,5.000000000000e-03,7.479549119000e-02,6.827544281000e-02
3.57,5.000000000000e-03,7.638189200000e-02,6.832113649000e-02
3.575,5.000000000000e-03,7.799452466000e-02,6.827713044000e-02
3.58,5.000000000000e-03,7.963330946000e-02,6.834383535000e-02
3.585,5.000000000000e-03,8.129834378000e-02,6.832874618000e-02
3.59,5.000000000000e-03,8.298924340000e-02,6.833274398000e-02
3.595,5.000000000000e-03,8.470604718000e-02,6.834739354000e-02
3.6,5.000000000000e-03,8.644783961000e-02,6.834743438000e-02
3.605,5.000000000000e-03,8.821634247000e-02,6.838855494000e-02
3.61,5.000000000000e-03,9.001205884000e-02,6.834730860000e-02
3.615,5.000000000000e-03,9.183277428000e-02,6.840012090000e-02
3.62,5.000000000000e-03,9.367850312000e-02,6.838358585000e-02
3.625,5.000000000000e-03,9.555001225000e-02,6.842253020000e-02
3.63,5.000000000000e-03,9.744659732000e-02,6.842916454000e-02
3.635,5.000000000000e-03,9.936855257000e-02,6.842094057000e-02
3.64,5.000000000000e-03,1.013156275000e-01,6.845224103000e-02
3.645,5.000000000000e-03,1.032870477000e-01,6.841691687000e-02
3.65,5.000000000000e-03,1.052840058000e-01,6.847215325000e-02
3.655,5.000000000000e-03,1.073051489000e-01,6.844809908000e-02
3.66,5.000000000000e-03,1.093500302000e-01,6.851125308000e-02
3.665,5.000000000000e-03,1.114186001000e-01,6.850357649000e-02
3.67,5.000000000000e-03,1.135101106000e-01,6.851065494000e-02
3.675,5.000000000000e-03,1.156244331000e-01,6.852280482000e-02
3.68,5.000000000000e-03,1.177603955000e-01,6.852131331000e-02
3.685,5.000000000000e-03,1.199175816000e-01,6.854946588000e-02
3.69,5.000000000000e-03,1.220947719000e-01,6.850982125000e-02
3.695,5.000000000000e-03,1.242912962000e-01,6.855285993000e-02
3.7,5.000000000000e-03,1.265069502000e-01,6.852904306000e-02
3.705,5.000000000000e-03,1.287395872000e-01,6.856629869000e-02
3.71,5.000000000000e-03,1.309878544000e-01,6.855443802000e-02
3.715,5.000000000000e-03,1.332507894000e-01,6.856798951000e-02
3.72,5.000000000000e-03,1.355271409000e-01,6.856698614000e-02
3.725,5.000000000000e-03,1.378163370000e-01,6.856603596000e-02
3.73,5.000000000000e-03,1.401159719000e-01,6.857526591000e-02
3.735,5.000000000000e-03,1.424248126000e-01,6.856566700000e-02
3.74,5.000000000000e-03,1.447410289000e-01,6.858320778000e-02
3.745,5.000000000000e-03,1.470634882000e-01,6.857167383000e-02
3.75,5.000000000000e-03,1.493918761000e-01,6.859858065000e-02
3.755,5.000000000000e-03,1.517240337000e-01,6.860189279000e-02
3.76,5.000000000000e-03,1.540583732000e-01,6.863608026000e-02
3.765,5.000000000000e-03,1.563939099000e-01,6.867861786000e-02
3.77,5.000000000000e-03,1.587298706000e-01,6.872360644000e-02
3.775,5.000000000000e-03,1.610652615000e-01,6.906112097000e-02
3.78,5.000000000000e-03,1.633981885000e-01,6.935830821000e-02
3.785,5.000000000000e-03,1.657274316000e-01,6.961153083000e-02
3.79,5.000000000000e-03,1.680519124000e-01,6.982191278000e-02
3.795,5.000000000000e-03,1.703716687000e-01,7.007188739000e-02
3.8,5.000000000000e-03,1.726852286000e-01,7.060509887000e-02
3.805,5.000000000000e-03,1.749892137000e-01,7.110466551000e-02
3.81,5.000000000000e-03,1.772831468000e-01,7.144539931000e-02
3.815,5.000000000000e-03,1.795651697000e-01,7.294031545000e-02
3.82,5.000000000000e-03,1.818330705000e-01,7.339521477000e-02
3.825,5.000000000000e-03,1.840848444000e-01,7.369122566000e-02
3.83,5.000000000000e-03,1.863200702000e-01,7.587184376000e-02
3.835,5.000000000000e-03,1.885360174000e-01,7.627332431000e-02
3.84,5.000000000000e-03,1.907297077000e-01,7.649601434000e-02
3.845,5.000000000000e-03,1.928990466000e-01,8.685582944000e-02
3.85,5.000000000000e-03,1.950418981000e-01,8.641355588000e-02
3.855,5.000000000000e-03,1.971561952000e-01,8.589129558000e-02
3.86,5.000000000000e-03,1.992386268000e-01,8.533733978000e-02
3.865,5.000000000000e-03,2.012878561000e-01,8.547108409000e-02
3.87,5.000000000000e-03,2.033016245000e-01,8.531832864000e-02
3.875,5.000000000000e-03,2.052787025000e-01,8.507648623000e-02
3.88,5.000000000000e-03,2.072166371000e-01,8.678318816000e-02
3.885,5.000000000000e-03,2.091133577000e-01,8.710354447000e-02
3.89,5.000000000000e-03,2.109675687000e-01,8.720409589000e-02
3.895,5.000000000000e-03,2.127775212000e-01,8.714767494000e-02
3.9,5.000000000000e-03,2.145416102000e-01,8.696816174000e-02
3.905,5.000000000000e-03,2.162587805000e-01,8.668646789000e-02
3.91,5.000000000000e-03,2.179269720000e-01,8.637944433000e-02
3.915,5.000000000000e-03,2.195461579000e-01,8.641781880000e-02
3.92,5.000000000000e-03,2.211147043000e-01,8.633863397000e-02
3.925,5.000000000000e-03,2.226292247000e-01,8.637297869000e-02
3.93,5.000000000000e-03,2.240903539000e-01,8.641244749000e-02
3.935,5.000000000000e-03,2.254975564000e-01,8.661161633000e-02
3.94,5.000000000000e-03,2.268484592000e-01,8.677331522000e-02
3.945,5.000000000000e-03,2.281416448000e-01,8.680055458000e-02
3.95,5.000000000000e-03,2.293769104000e-01,8.675368376000e-02
3.955,5.000000000000e-03,2.305525532000e-01,8.693204628000e-02
3.96,5.000000000000e-03,2.316668214000e-01,8.697127935000e-02
3.965,5.000000000000e-03,2.327182807000e-01,8.690008440000e-02
3.97,5.000000000000e-03,2.337068512000e-01,8.702415502000e-02
3.975,5.000000000000e-03,2.346316924000e-01,8.707500571000e-02
3.98,5.000000000000e-03,2.354917115000e-01,8.701340588000e-02
3.985,5.000000000000e-03,2.362862968000e-01,8.718166448000e-02
3.99,5.000000000000e-03,2.370146257000e-01,8.722872563000e-02
3.995,5.000000000000e-03,2.376751369000e-01,8.717687866000e-02
4,5.000000000000e-03,2.382671999000e-01,8.736832811000e-02
4.005,5.000000000000e-03,2.387911509000e-01,8.741253255000e-02
4.01,5.000000000000e-03,2.392466281000e-01,8.737039657000e-02
4.015,5.000000000000e-03,2.396314614000e-01,8.756680504000e-02
4.02,5.000000000000e-03,2.399463067000e-01,8.761120802000e-02
4.025,5.000000000000e-03,2.401920825000e-01,8.756763956000e-02
4.03,5.000000000000e-03,2.403676707000e-01,8.777066679000e-02
4.035,5.000000000000e-03,2.404721430000e-01,8.781692561000e-02
4.04,5.000000000000e-03,2.405063848000e-01,8.778256192000e-02
4.045,5.000000000000e-03,2.404724694000e-01,8.799332887000e-02
4.05,5.000000000000e-03,2.403678268000e-01,8.804241984000e-02
4.055,5.000000000000e-03,2.401913506000e-01,8.801678450000e-02
4.06,5.000000000000e-03,2.399478781000e-01,8.823560908000e-02
4.065,5.000000000000e-03,2.396349540000e-01,8.828738666000e-02
4.07,5.000000000000e-03,2.392517395000e-01,8.826692640000e-02
4.075,5.000000000000e-03,2.388019621000e-01,8.849336684000e-02
4.08,5.000000000000e-03,2.382847792000e-01,8.854804883000e-02
4.085,5.000000000000e-03,2.376990556000e-01,8.850837985000e-02
4.09,5.000000000000e-03,2.370463045000e-01,8.874632393000e-02
4.095,5.000000000000e-03,2.363281261000e-01,8.880482981000e-02
4.1,5.000000000000e-03,2.355425972000e-01,8.873858299000e-02
4.105,5.000000000000e-03,2.346921031000e-01,8.899035688000e-02
4.11,5.000000000000e-03,2.337780347000e-01,8.905505027000e-02
4.115,5.000000000000e-03,2.327993517000e-01,8.897845342000e-02
4.12,5.000000000000e-03,2.317643867000e-01,8.923718095000e-02
4.125,5.000000000000e-03,2.306706238000e-01,8.931013910000e-02
4.13,5.000000000000e-03,2.295160543000e-01,8.923568062000e-02
4.135,5.000000000000e-03,2.283082765000e-01,8.949333819000e-02
4.14,5.000000000000e-03,2.270951979000e-01,8.957279472000e-02
4.145,5.000000000000e-03,2.258955858000e-01,8.950133386000e-02
4.15,5.000000000000e-03,2.246419153000e-01,8.974932056000e-02
4.155,5.000000000000e-03,2.233375315000e-01,8.983651703000e-02
4.16,5.000000000000e-03,2.219849857000e-01,8.976733195000e-02
4.165,5.000000000000e-03,2.205885759000e-01,9.000196263000e-02
4.17,5.000000000000e-03,2.191443667000e-01,9.009731559000e-02
4.175,5.000000000000e-03,2.176635308000e-01,9.003174496000e-02
4.18,5.000000000000e-03,2.161546637000e-01,9.023803795000e-02
4.185,5.000000000000e-03,2.146103582000e-01,9.034493134000e-02
4.19,5.000000000000e-03,2.130160207000e-01,9.028649539000e-02
4.195,5.000000000000e-03,2.113875737000e-01,9.049208472000e-02
4.2,5.000000000000e-03,2.097202914000e-01,9.060986083000e-02
4.205,5.000000000000e-03,2.080172624000e-01,9.055516486000e-02
4.21,5.000000000000e-03,2.062826181000e-01,9.075922743000e-02
4.215,5.000000000000e-03,2.045170639000e-01,9.088561359000e-02
4.22,5.000000000000e-03,2.027196647000e-01,9.083407735000e-02
4.225,5.000000000000e-03,2.008935864000e-01,9.101629555000e-02
4.23,5.000000000000e-03,1.990458729000e-01,9.115556657000e-02
4.235,5.000000000000e-03,1.971753312000e-01,9.110961211000e-02
4.24,5.000000000000e-03,1.952827172000e-01,9.125980986000e-02
4.245,5.000000000000e-03,1.933747131000e-01,9.141305014000e-02
4.25,5.000000000000e-03,1.914496402000e-01,9.137347556000e-02
4.255,5.000000000000e-03,1.895097371000e-01,9.150475918000e-02
4.26,5.000000000000e-03,1.875555490000e-01,9.167399109000e-02
4.265,5.000000000000e-03,1.855917180000e-01,9.164236439000e-02
4.27,5.000000000000e-03,1.836127458000e-01,9.176878068000e-02
4.275,5.000000000000e-03,1.816264945000e-01,9.195295465000e-02
4.28,5.000000000000e-03,1.796290483000e-01,9.192716618000e-02
4.285,5.000000000000e-03,1.776248471000e-01,9.202978373000e-02
4.29,5.000000000000e-03,1.756112500000e-01,9.223037239000e-02
4.295,5.000000000000e-03,1.735941728000e-01,9.221225169000e-02
4.3,5.000000000000e-03,1.715693791000e-01,9.227891727000e-02
4.305,5.000000000000e-03,1.695423504000e-01,9.249999963000e-02
4.31,5.000000000000e-03,1.675177507000e-01,9.249186691000e-02
4.315,5.000000000000e-03,1.654886913000e-01,9.252237625000e-02
4.32,5.000000000000e-03,1.634652745000e-01,9.276426053000e-02
4.325,5.000000000000e-03,1.614422341000e-01,9.276663402000e-02
4.33,5.000000000000e-03,1.594268405000e-01,9.279201746000e-02
4.335,5.000000000000e-03,1.574185752000e-01,9.305421935000e-02
4.34,5.000000000000e-03,1.554186886000e-01,9.306542765000e-02
4.345,5.000000000000e-03,1.534263450000e-01,9.306257488000e-02
4.35,5.000000000000e-03,1.514417111000e-01,9.334710690000e-02
4.355,5.000000000000e-03,1.494571640000e-01,9.336868917000e-02
4.36,5.000000000000e-03,1.474732567000e-01,9.331961899000e-02
4.365,5.000000000000e-03,1.454970028000e-01,9.362950593000e-02
4.37,5.000000000000e-03,1.435200807000e-01,9.366374035000e-02
4.375,5.000000000000e-03,1.417314180000e-01,9.355314525000e-02
4.38,5.000000000000e-03,1.400108195000e-01,9.389368833000e-02
4.385,5.000000000000e-03,1.382976310000e-01,9.394397848000e-02
4.39,5.000000000000e-03,1.365981034000e-01,9.381605074000e-02
4.395,5.000000000000e-03,1.349120698000e-01,9.418570175000e-02
4.4,5.000000000000e-03,1.332354789000e-01,9.424971827000e-02
4.405,5.000000000000e-03,1.315711234000e-01,9.410370973000e-02
4.41,5.000000000000e-03,1.299205691000e-01,9.447823700000e-02
4.415,5.000000000000e-03,1.282844974000e-01,9.456019942000e-02
4.42,5.000000000000e-03,1.266594771000e-01,9.442160937000e-02
4.425,5.000000000000e-03,1.250496852000e-01,9.476090339000e-02
4.43,5.000000000000e-03,1.234576335000e-01,9.486077841000e-02
4.435,5.000000000000e-03,1.218843262000e-01,9.473012752000e-02
4.44,5.000000000000e-03,1.203333271000e-01,9.502881148000e-02
4.445,5.000000000000e-03,1.188039796000e-01,9.515133693000e-02
4.45,5.000000000000e-03,1.172967037000e-01,9.503238228000e-02
4.455,5.000000000000e-03,1.158335298000e-01,9.533319988000e-02
4.46,5.000000000000e-03,1.143764108000e-01,9.547413816000e-02
4.465,5.000000000000e-03,1.128395360000e-01,9.536166470000e-02
4.47,5.000000000000e-03,1.113163870000e-01,9.563117835000e-02
4.475,5.000000000000e-03,1.098166955000e-01,9.579425011000e-02
4.48,5.000000000000e-03,1.083392502000e-01,9.569423186000e-02
4.485,5.000000000000e-03,1.068843502000e-01,9.591564456000e-02
4.49,5.000000000000e-03,1.054494552000e-01,9.610435666000e-02
4.495,5.000000000000e-03,1.040371595000e-01,9.601427302000e-02
4.5,5.000000000000e-03,1.026362240000e-01,9.618164378000e-02
4.505,5.000000000000e-03,1.012572472000e-01,9.640149630000e-02
4.51,5.000000000000e-03,9.989208377000e-02,9.632786464000e-02
4.515,5.000000000000e-03,9.872983846000e-02,9.648557158000e-02
4.52,5.000000000000e-03,9.880039284000e-02,9.673252602000e-02
4.525,5.000000000000e-03,9.760634752000e-02,9.667216901000e-02
4.53,5.000000000000e-03,9.837491309000e-02,9.676855874000e-02
4.535,5.000000000000e-03,9.955250401000e-02,9.704989325000e-02
4.54,5.000000000000e-03,9.856060499000e-02,9.700664824000e-02
4.545,5.000000000000e-03,9.881076880000e-02,9.703022587000e-02
4.55,5.000000000000e-03,1.002989965000e-01,9.734994052000e-02
4.555,5.000000000000e-03,9.954145742000e-02,9.732658994000e-02
4.56,5.000000000000e-03,9.922796448000e-02,9.730460559000e-02
4.565,5.000000000000e-03,1.010341822000e-01,9.766434920000e-02
4.57,5.000000000000e-03,1.005498926000e-01,9.766097000000e-02
4.575,5.000000000000e-03,9.956282442000e-02,9.760395264000e-02
4.58,5.000000000000e-03,1.017129280000e-01,9.800379659000e-02
4.585,5.000000000000e-03,1.015463617000e-01,9.801931369000e-02
4.59,5.000000000000e-03,9.982195118000e-02,9.788986893000e-02
4.595,5.000000000000e-03,1.023177516000e-01,9.833290451000e-02
4.6,5.000000000000e-03,1.024676093000e-01,9.837295300000e-02
4.605,5.000000000000e-03,1.007620154000e-01,9.814018746000e-02
4.61,5.000000000000e-03,1.029812910000e-01,9.862243767000e-02
4.615,5.000000000000e-03,1.034540784000e-01,9.869069022000e-02
4.62,5.000000000000e-03,1.018554837000e-01,9.846927055000e-02
4.625,5.000000000000e-03,1.035670961000e-01,9.895690118000e-02
4.63,5.000000000000e-03,1.043788018000e-01,9.905208226000e-02
4.635,5.000000000000e-03,1.029572161000e-01,9.884404270000e-02
4.64,5.000000000000e-03,1.040896062000e-01,9.927780322000e-02
4.645,5.000000000000e-03,1.052473153000e-01,9.940372486000e-02
4.65,5.000000000000e-03,1.040425652000e-01,9.920995236000e-02
4.655,5.000000000000e-03,1.045734511000e-01,9.957640448000e-02
4.66,5.000000000000e-03,1.060869346000e-01,9.973940483000e-02
4.665,5.000000000000e-03,1.051431056000e-01,9.956430433000e-02
4.67,5.000000000000e-03,1.050403680000e-01,9.988087698000e-02
4.675,5.000000000000e-03,1.069335462000e-01,1.000827141000e-01
4.68,5.000000000000e-03,1.063048302000e-01,9.992692792000e-02
4.685,5.000000000000e-03,1.053734102000e-01,1.002203450000e-01
4.69,5.000000000000e-03,1.076809332000e-01,1.004623554000e-01
4.695,5.000000000000e-03,1.074149998000e-01,1.003241056000e-01
4.7,5.000000000000e-03,1.056396510000e-01,1.005291599000e-01
4.705,5.000000000000e-03,1.083647452000e-01,1.008107081000e-01
4.71,5.000000000000e-03,1.084662205000e-01,1.006953348000e-01
4.715,5.000000000000e-03,1.064325054000e-01,1.008050987000e-01
4.72,5.000000000000e-03,1.091043923000e-01,1.011348787000e-01
4.725,5.000000000000e-03,1.095953558000e-01,1.010494621000e-01
4.73,5.000000000000e-03,1.076906534000e-01,1.006741078000e-01
4.735,5.000000000000e-03,1.097078677000e-01,1.015286161000e-01
4.74,5.000000000000e-03,1.106075684000e-01,1.014673804000e-01
4.745,5.000000000000e-03,1.089208271000e-01,1.011009894000e-01
4.75,5.000000000000e-03,1.102114280000e-01,1.018765084000e-01
4.755,5.000000000000e-03,1.115287343000e-01,1.018504394000e-01
4.76,5.000000000000e-03,1.101091930000e-01,1.014997706000e-01
4.765,5.000000000000e-03,1.107416821000e-01,1.021877174000e-01
4.77,5.000000000000e-03,1.125081347000e-01,1.022021160000e-01
4.775,5.000000000000e-03,1.114714108000e-01,1.018723405000e-01
4.78,5.000000000000e-03,1.110367670000e-01,1.025940842000e-01
4.785,5.000000000000e-03,1.133208091000e-01,1.026461960000e-01
4.79,5.000000000000e-03,1.127444017000e-01,1.023306895000e-01
4.795,5.000000000000e-03,1.112334405000e-01,1.029413679000e-01
4.8,5.000000000000e-03,1.140562727000e-01,1.030343720000e-01
4.805,5.000000000000e-03,1.139543381000e-01,1.027428162000e-01
4.81,5.000000000000e-03,1.114324598000e-01,1.032564948000e-01
4.815,5.000000000000e-03,1.148137362000e-01,1.033994607000e-01
4.82,5.000000000000e-03,1.152131257000e-01,1.031392759000e-01
4.825,5.000000000000e-03,1.128656444000e-01,1.025992149000e-01
4.83,5.000000000000e-03,1.153542320000e-01,1.038512336000e-01
4.835,5.000000000000e-03,1.162900153000e-01,1.036180605000e-01
4.84,5.000000000000e-03,1.142413189000e-01,1.030860077000e-01
4.845,5.000000000000e-03,1.158375801000e-01,1.042197087000e-01
4.85,5.000000000000e-03,1.173448896000e-01,1.040304514000e-01
4.855,5.000000000000e-03,1.157959880000e-01,1.035196111000e-01
4.86,5.000000000000e-03,1.160046948000e-01,1.046567448000e-01
4.865,5.000000000000e-03,1.182147893000e-01,1.045101238000e-01
4.87,5.000000000000e-03,1.172927476000e-01,1.040167598000e-01
4.875,5.000000000000e-03,1.159950039000e-01,1.050711812000e-01
4.88,5.000000000000e-03,1.189675975000e-01,1.049673367000e-01
4.885,5.000000000000e-03,1.187080810000e-01,1.044995912000e-01
4.89,5.000000000000e-03,1.157399917000e-01,1.054785009000e-01
4.895,5.000000000000e-03,1.195857002000e-01,1.054337991000e-01
4.9,5.000000000000e-03,1.200491517000e-01,1.050014618000e-01
4.905,5.000000000000e-03,1.172651123000e-01,1.042841649000e-01
4.91,5.000000000000e-03,1.198823403000e-01,1.059329479000e-01
4.915,5.000000000000e-03,1.211698312000e-01,1.055418927000e-01
4.92,5.000000000000e-03,1.191697783000e-01,1.048410701000e-01
4.925,5.000000000000e-03,1.196154015000e-01,1.064411694000e-01
4.93,5.000000000000e-03,1.219313880000e-01,1.060959152000e-01
4.935,5.000000000000e-03,1.208595218000e-01,1.054172494000e-01
4.94,5.000000000000e-03,1.190728820000e-01,1.068842700000e-01
4.945,5.000000000000e-03,1.225855799000e-01,1.066060532000e-01
4.95,5.000000000000e-03,1.225198595000e-01,1.059720517000e-01
4.955,5.000000000000e-03,1.190320853000e-01,1.050831132000e-01
4.96,5.000000000000e-03,1.225479678000e-01,1.072832473000e-01
4.965,5.000000000000e-03,1.237064696000e-01,1.066935405000e-01
4.97,5.000000000000e-03,1.213880288000e-01,1.058129678000e-01
4.975,5.000000000000e-03,1.215565616000e-01,1.079236249000e-01
4.98,5.000000000000e-03,1.242855730000e-01,1.073883042000e-01
4.985,5.000000000000e-03,1.233366945000e-01,1.065358005000e-01
4.99,5.000000000000e-03,1.197055969000e-01,1.085210928000e-01
4.995,5.000000000000e-03,1.241181145000e-01,1.080852421000e-01
5,5.000000000000e-03,1.247548954000e-01,1.073016171000e-01
5.005,5.000000000000e-03,1.218793761000e-01,1.062611627000e-01
5.01,5.000000000000e-03,1.224705907000e-01,1.089458445000e-01
5.015,5.000000000000e-03,1.252098962000e-01,1.082210223000e-01
5.02,5.000000000000e-03,1.241370658000e-01,1.072112486000e-01
5.025,5.000000000000e-03,1.197036083000e-01,1.060456699000e-01
5.03,5.000000000000e-03,1.240241276000e-01,1.092282793000e-01
5.035,5.000000000000e-03,1.251653676000e-01,1.082858871000e-01
5.04,5.000000000000e-03,1.227282845000e-01,1.071090351000e-01
5.045,5.000000000000e-03,1.233681701000e-01,1.100952272000e-01
5.05,5.000000000000e-03,1.258990119000e-01,1.093036954000e-01
5.055,5.000000000000e-03,1.284355276000e-01,1.082178885000e-01
5.06,5.000000000000e-03,1.309446997000e-01,1.069431416000e-01
5.065,5.000000000000e-03,1.334737275000e-01,1.104974238000e-01
5.07,5.000000000000e-03,1.706907978000e-01,1.095348715000e-01
5.075,5.000000000000e-03,2.316841774000e-01,1.083451448000e-01
5.08,5.000000000000e-03,1.862338184000e-01,1.069547913000e-01
5.085,5.000000000000e-03,1.581550902000e-01,1.105696525000e-01
5.09,5.000000000000e-03,1.459602853000e-01,1.095332232000e-01
5.095,5.000000000000e-03,1.483840743000e-01,1.082755442000e-01
5.1,5.000000000000e-03,1.507718532000e-01,1.068556762000e-01
5.105,5.000000000000e-03,1.531304358000e-01,1.100897712000e-01
5.11,5.000000000000e-03,1.555523986000e-01,1.090948424000e-01
5.115,5.000000000000e-03,1.869371254000e-01,1.078683107000e-01
5.12,5.000000000000e-03,2.312029391000e-01,1.096658477000e-01
5.125,5.000000000000e-03,2.816986311000e-01,1.089835971000e-01
5.13,5.000000000000e-03,3.430189976000e-01,1.080159394000e-01
5.135,5.000000000000e-03,3.981228774000e-01,1.068466985000e-01
5.14,5.000000000000e-03,4.208858712000e-01,1.071710676000e-01
5.145,5.000000000000e-03,4.196533408000e-01,1.064996200000e-01
5.15,5.000000000000e-03,4.101173539000e-01,1.055656221000e-01
5.155,5.000000000000e-03,4.006578891000e-01,1.044563328000e-01
5.16,5.000000000000e-03,3.919888099000e-01,1.037723173000e-01
5.165,5.000000000000e-03,3.800763697000e-01,1.031184697000e-01
5.17,5.000000000000e-03,4.040177783000e-01,1.022456749000e-01
5.175,5.000000000000e-03,4.944858422000e-01,1.012113142000e-01
5.18,5.000000000000e-03,6.092326558000e-01,1.000495076000e-01
5.1830483,3.048327138000e-03,7.380967572000e-01,9.884107609000e-02
5.1865242,3.475836431000e-03,4.055866180000e-01,5.993694833000e-02
5.19,3.475836431000e-03,4.820292913000e-01,6.792007724000e-02
5.1932143,3.214285714000e-03,4.865744471000e-01,6.745191421000e-02
5.1966071,3.392857143000e-03,4.198969299000e-01,6.194782354000e-02
5.2,3.392857143000e-03,4.176222175000e-01,7.942862812000e-02
5.2033333,3.333333333000e-03,4.186638379000e-01,6.738500122000e-02
5.2066667,3.333333333000e-03,4.028859748000e-01,6.257482523000e-02
5.21,3.333333333000e-03,3.834920380000e-01,6.192796729000e-02
5.2133333,3.333333333000e-03,3.583339700000e-01,7.807909735000e-02
5.2166667,3.333333333000e-03,3.316357510000e-01,7.499214187000e-02
5.22,3.333333333000e-03,3.458482806000e-01,7.267725703000e-02
5.2233333,3.333333333000e-03,3.545976960000e-01,7.079737239000e-02
5.2266667,3.333333333000e-03,3.573382738000e-01,6.932559458000e-02
5.23,3.333333333000e-03,3.549300271000e-01,6.804180139000e-02
5.2333333,3.333333333000e-03,3.487575017000e-01,6.687379319000e-02
5.2366667,3.333333333000e-03,3.393320783000e-01,7.251933574000e-02
5.24,3.333333333000e-03,3.268514700000e-01,7.036292913000e-02
5.2433333,3.333333333000e-03,3.136554412000e-01,6.857888635000e-02
5.2466667,3.333333333000e-03,2.994215839000e-01,6.708461252000e-02
5.25,3.333333333000e-03,2.849055486000e-01,6.581011332000e-02
5.2533333,3.333333333000e-03,2.701951097000e-01,6.470015645000e-02
5.2566667,3.333333333000e-03,2.603966714000e-01,6.372689720000e-02
5.26,3.333333333000e-03,2.550047163000e-01,6.285454585000e-02
5.2633333,3.333333333000e-03,2.493430568000e-01,6.205889328000e-02
5.2666667,3.333333333000e-03,2.435260445000e-01,6.148780221000e-02
5.27,3.333333333000e-03,2.375401371000e-01,6.164776206000e-02
5.2733333,3.333333333000e-03,2.329441031000e-01,6.183607476000e-02
5.2766667,3.333333333000e-03,2.316443392000e-01,6.200602183000e-02
5.28,3.333333333000e-03,2.298331912000e-01,6.215231886000e-02
5.285,5.000000000000e-03,2.280821788000e-01,6.227452578000e-02
5.29,5.000000000000e-03,3.361378134000e-01,9.360529274000e-02
5.295,5.000000000000e-03,3.302180849000e-01,9.373477910000e-02
5.3,5.000000000000e-03,3.239523520000e-01,9.378696858000e-02
5.305,5.000000000000e-03,3.176684888000e-01,9.376360271000e-02
5.31,5.000000000000e-03,3.125101352000e-01,9.366746212000e-02
5.315,5.000000000000e-03,3.071509806000e-01,9.349789519000e-02
5.32,5.000000000000e-03,3.013155935000e-01,9.325061880000e-02
5.325,5.000000000000e-03,2.992446088000e-01,9.291829052000e-02
5.33,5.000000000000e-03,2.982847045000e-01,9.250642767000e-02
5.335,5.000000000000e-03,2.968027555000e-01,9.204467178000e-02
5.34,5.000000000000e-03,2.948598694000e-01,9.147296751000e-02
5.345,5.000000000000e-03,2.925338247000e-01,9.077176086000e-02
5.35,5.000000000000e-03,2.899050833000e-01,8.988137114000e-02
5.355,5.000000000000e-03,2.869676319000e-01,8.872624666000e-02
5.36,5.000000000000e-03,2.837254997000e-01,8.734450092000e-02
5.365,5.000000000000e-03,2.805995347000e-01,8.584244337000e-02
5.37,5.000000000000e-03,2.777176222000e-01,8.431122222000e-02
5.375,5.000000000000e-03,2.747002140000e-01,8.389171157000e-02
5.38,5.000000000000e-03,2.725816801000e-01,8.345145370000e-02
5.385,5.000000000000e-03,2.705863890000e-01,8.302261484000e-02
5.39,5.000000000000e-03,2.686324246000e-01,8.284471381000e-02
5.395,5.000000000000e-03,2.667941358000e-01,8.252236435000e-02
5.4,5.000000000000e-03,2.649248352000e-01,8.250916531000e-02
5.405,5.000000000000e-03,2.630475894000e-01,8.225889445000e-02
5.41,5.000000000000e-03,2.610987091000e-01,8.210813314000e-02
5.415,5.000000000000e-03,2.591720019000e-01,8.199429372000e-02
5.42,5.000000000000e-03,2.573192672000e-01,8.169578045000e-02
5.425,5.000000000000e-03,2.554926410000e-01,8.172979082000e-02
5.43,5.000000000000e-03,2.534880794000e-01,8.153055019000e-02
5.435,5.000000000000e-03,2.509227474000e-01,8.139848510000e-02
5.44,5.000000000000e-03,2.487005371000e-01,8.132335471000e-02
5.445,5.000000000000e-03,2.467105051000e-01,8.104846283000e-02
5.45,5.000000000000e-03,2.448051788000e-01,8.110704840000e-02
5.455,5.000000000000e-03,2.414167211000e-01,8.093416151000e-02
5.46,5.000000000000e-03,2.383923518000e-01,8.080275129000e-02
5.465,5.000000000000e-03,2.364822289000e-01,8.073997387000e-02
5.47,5.000000000000e-03,2.356479187000e-01,8.051187069000e-02
5.475,5.000000000000e-03,2.363107964000e-01,8.057699308000e-02
5.48,5.000000000000e-03,2.405268296000e-01,8.041355507000e-02
5.485,5.000000000000e-03,2.434917968000e-01,8.034962280000e-02
5.49,5.000000000000e-03,2.455971339000e-01,8.029175601000e-02
5.495,5.000000000000e-03,2.472190475000e-01,8.010637563000e-02
5.5,5.000000000000e-03,2.477457877000e-01,8.017745019000e-02
5.505,5.000000000000e-03,2.466412874000e-01,8.001921646000e-02
5.51,5.000000000000e-03,2.451655344000e-01,7.998566056000e-02
5.515,5.000000000000e-03,2.435543447000e-01,7.993818607000e-02
5.52,5.000000000000e-03,2.414128188000e-01,7.978533992000e-02
5.525,5.000000000000e-03,2.390275726000e-01,7.984143786000e-02
5.53,5.000000000000e-03,2.358938234000e-01,7.972409985000e-02
5.535,5.000000000000e-03,2.333329949000e-01,7.968799065000e-02
5.54,5.000000000000e-03,2.311500251000e-01,7.965400457000e-02
5.545,5.000000000000e-03,2.290675943000e-01,7.945932025000e-02
5.55,5.000000000000e-03,2.285378471000e-01,7.961745206000e-02
5.555,5.000000000000e-03,2.280922660000e-01,7.952666319000e-02
5.56,5.000000000000e-03,2.273839266000e-01,7.950593542000e-02
5.565,5.000000000000e-03,2.266066718000e-01,7.953399813000e-02
5.57,5.000000000000e-03,2.259491393000e-01,7.934496341000e-02
5.575,5.000000000000e-03,2.255730877000e-01,7.927117357000e-02
5.58,5.000000000000e-03,2.544800122000e-01,7.921069155000e-02
5.585,5.000000000000e-03,2.927783023000e-01,7.895319680000e-02
5.59,5.000000000000e-03,3.316742843000e-01,7.888507293000e-02
5.595,5.000000000000e-03,3.723389975000e-01,7.875200905000e-02
5.6,5.000000000000e-03,4.096795135000e-01,7.874358857000e-02
5.605,5.000000000000e-03,4.464561544000e-01,7.871903075000e-02
5.61,5.000000000000e-03,4.778397494000e-01,7.849583123000e-02
5.615,5.000000000000e-03,5.048612576000e-01,7.858353974000e-02
5.62,5.000000000000e-03,5.259386239000e-01,7.845690865000e-02
5.625,5.000000000000e-03,5.413002333000e-01,7.844665440000e-02
5.63,5.000000000000e-03,5.515226119000e-01,7.842232537000e-02
5.635,5.000000000000e-03,5.565054208000e-01,7.822271610000e-02
5.64,5.000000000000e-03,5.575848465000e-01,7.830438904000e-02
5.645,5.000000000000e-03,5.551442934000e-01,7.817483873000e-02
5.65,5.000000000000e-03,5.502088723000e-01,7.816605253000e-02
5.655,5.000000000000e-03,5.432290737000e-01,7.812729793000e-02
5.66,5.000000000000e-03,5.350712843000e-01,7.793801133000e-02
5.665,5.000000000000e-03,5.283490282000e-01,7.799793552000e-02
5.67,5.000000000000e-03,5.225918464000e-01,7.785673626000e-02
5.675,5.000000000000e-03,5.159560666000e-01,7.784998249000e-02
5.68,5.000000000000e-03,5.086148497000e-01,7.779633555000e-02
5.685,5.000000000000e-03,5.004603923000e-01,7.764100868000e-02
5.69,5.000000000000e-03,4.916575423000e-01,7.768881529000e-02
5.695,5.000000000000e-03,4.822540510000e-01,7.754090528000e-02
5.7,5.000000000000e-03,4.722393595000e-01,7.757759355000e-02
5.705,5.000000000000e-03,4.617615046000e-01,7.751942689000e-02
5.71,5.000000000000e-03,4.509052936000e-01,7.738193971000e-02
5.715,5.000000000000e-03,4.397655219000e-01,8.023267105000e-02
5.72,5.000000000000e-03,4.284674465000e-01,8.323091653000e-02
5.725,5.000000000000e-03,4.171527733000e-01,8.629932004000e-02
5.73,5.000000000000e-03,4.062076335000e-01,8.942695873000e-02
5.735,5.000000000000e-03,4.150943511000e-01,9.260698913000e-02
5.74,5.000000000000e-03,4.255276989000e-01,9.583966320000e-02
5.745,5.000000000000e-03,4.336501025000e-01,9.913524229000e-02
5.75,5.000000000000e-03,4.388178690000e-01,1.025084493000e-01
5.755,5.000000000000e-03,4.407656420000e-01,1.059853463000e-01
5.76,5.000000000000e-03,4.385878744000e-01,1.101711492000e-01
5.765,5.000000000000e-03,4.317696637000e-01,1.149829741000e-01
5.77,5.000000000000e-03,4.207562153000e-01,1.199128667000e-01
5.775,5.000000000000e-03,4.056530189000e-01,1.249978193000e-01
5.78,5.000000000000e-03,4.191959703000e-01,1.303330753000e-01
5.785,5.000000000000e-03,4.306988135000e-01,1.360406099000e-01
5.79,5.000000000000e-03,4.386866914000e-01,1.423325722000e-01
5.795,5.000000000000e-03,4.437656954000e-01,1.494566479000e-01
5.8,5.000000000000e-03,4.452401262000e-01,1.432884230000e-01
5.805,5.000000000000e-03,4.429774764000e-01,1.526967791000e-01
5.81,5.000000000000e-03,4.361845690000e-01,1.558202275000e-01
5.815,5.000000000000e-03,4.243462174000e-01,1.479134257000e-01
5.82,5.000000000000e-03,4.095120775000e-01,1.421538335000e-01
5.825,5.000000000000e-03,3.981481796000e-01,1.494329132000e-01
5.83,5.000000000000e-03,4.115104682000e-01,1.532516967000e-01
5.835,5.000000000000e-03,4.213374275000e-01,1.363983901000e-01
5.84,5.000000000000e-03,4.281146028000e-01,1.325567967000e-01
5.845,5.000000000000e-03,4.319765248000e-01,1.260522930000e-01
5.85,5.000000000000e-03,4.323836481000e-01,1.321730015000e-01
5.855,5.000000000000e-03,4.293369261000e-01,1.385039430000e-01
5.86,5.000000000000e-03,4.211460218000e-01,1.357253190000e-01
5.865,5.000000000000e-03,4.072356226000e-01,1.222925110000e-01
5.87,5.000000000000e-03,3.912551034000e-01,1.166833233000e-01
5.875,5.000000000000e-03,3.731976478000e-01,1.111716404000e-01
5.88,5.000000000000e-03,3.692068513000e-01,1.191358738000e-01
5.885,5.000000000000e-03,3.810220683000e-01,1.277680292000e-01
5.89,5.000000000000e-03,3.905787305000e-01,1.316932048000e-01
5.895,5.000000000000e-03,3.967215768000e-01,7.561597768000e-02
5.9,5.000000000000e-03,4.018985258000e-01,7.567303137000e-02
5.905,5.000000000000e-03,4.067965304000e-01,7.560016068000e-02
5.91,5.000000000000e-03,4.059314776000e-01,7.552009010000e-02
5.915,5.000000000000e-03,4.013271315000e-01,7.553878314000e-02
5.92,5.000000000000e-03,3.952984293000e-01,7.538593361000e-02
5.925,5.000000000000e-03,3.875100642000e-01,7.545112242000e-02
5.93,5.000000000000e-03,3.785633125000e-01,7.537687893000e-02
5.935,5.000000000000e-03,3.686825940000e-01,7.530166214000e-02
5.94,5.000000000000e-03,3.581668664000e-01,7.531695307000e-02
5.945,5.000000000000e-03,3.469717127000e-01,7.516354556000e-02
5.95,5.000000000000e-03,3.354219125000e-01,7.523312552000e-02
5.955,5.000000000000e-03,3.259724040000e-01,7.515599028000e-02
5.96,5.000000000000e-03,3.302135533000e-01,7.509779790000e-02
5.965,5.000000000000e-03,3.333360345000e-01,7.510817107000e-02
5.97,5.000000000000e-03,3.356685472000e-01,7.495263264000e-02
5.975,5.000000000000e-03,3.370293848000e-01,7.503051905000e-02
5.98,5.000000000000e-03,3.374758006000e-01,7.494966893000e-02
5.985,5.000000000000e-03,3.370816731000e-01,7.490386426000e-02
5.99,5.000000000000e-03,3.359465714000e-01,7.490935149000e-02
5.995,5.000000000000e-03,3.341413715000e-01,7.475108027000e-02
6,5.000000000000e-03,3.318779231000e-01,7.483532203000e-02
6.005,5.000000000000e-03,3.294394675000e-01,7.475073351000e-02
6.01,5.000000000000e-03,3.266847139000e-01,7.471937128000e-02
6.015,5.000000000000e-03,3.237047054000e-01,7.472103732000e-02
6.02,5.000000000000e-03,3.205560713000e-01,7.456146296000e-02
6.025,5.000000000000e-03,3.172982589000e-01,7.464837170000e-02
6.03,5.000000000000e-03,3.139511955000e-01,7.456260895000e-02
6.035,5.000000000000e-03,3.105185492000e-01,7.454562333000e-02
6.04,5.000000000000e-03,3.070278351000e-01,7.454428853000e-02
6.045,5.000000000000e-03,3.042517919000e-01,7.438432478000e-02
6.05,5.000000000000e-03,3.023216624000e-01,7.446937173000e-02
6.055,5.000000000000e-03,3.003544254000e-01,7.437841383000e-02
6.06,5.000000000000e-03,2.983144013000e-01,7.434307011000e-02
6.065,5.000000000000e-03,2.961642894000e-01,7.433930677000e-02
6.07,5.000000000000e-03,2.938994626000e-01,7.433067865000e-02
6.075,5.000000000000e-03,2.915300037000e-01,7.442925712000e-02
6.08,5.000000000000e-03,2.901924562000e-01,7.452510427000e-02
6.085,5.000000000000e-03,2.888628570000e-01,7.473411965000e-02
6.09,5.000000000000e-03,2.872652514000e-01,7.470938319000e-02
6.095,5.000000000000e-03,2.854598423000e-01,7.833891707000e-02
6.1,5.000000000000e-03,2.833681468000e-01,7.800028248000e-02
6.105,5.000000000000e-03,2.834865515000e-01,7.755775020000e-02
6.11,5.000000000000e-03,2.847325151000e-01,7.703900132000e-02
6.115,5.000000000000e-03,2.858988915000e-01,7.645532829000e-02
6.12,5.000000000000e-03,2.870058924000e-01,7.581387697000e-02
6.125,5.000000000000e-03,2.880508925000e-01,7.548079542000e-02
6.13,5.000000000000e-03,2.890396194000e-01,7.530480280000e-02
6.135,5.000000000000e-03,2.899669994000e-01,7.499382647000e-02
6.14,5.000000000000e-03,2.913254913000e-01,7.457420118000e-02
6.145,5.000000000000e-03,2.931105974000e-01,7.406363050000e-02
6.15,5.000000000000e-03,2.947478492000e-01,7.362680397000e-02
6.155,5.000000000000e-03,2.962692614000e-01,7.360578230000e-02
6.16,5.000000000000e-03,2.976239230000e-01,7.376364571000e-02
6.165,5.000000000000e-03,2.988603026000e-01,7.372259641000e-02
6.17,5.000000000000e-03,2.999513342000e-01,7.356688625000e-02
6.175,5.000000000000e-03,3.007823425000e-01,7.361847756000e-02
6.18,5.000000000000e-03,3.014511199000e-01,7.350225771000e-02
6.185,5.000000000000e-03,3.019645140000e-01,7.349843964000e-02
6.19,5.000000000000e-03,3.022717389000e-01,7.345557748000e-02
6.195,5.000000000000e-03,3.019385097000e-01,7.338250699000e-02
6.2,5.000000000000e-03,3.014998580000e-01,7.342275676000e-02
6.205,5.000000000000e-03,3.009400284000e-01,7.329890282000e-02
6.21,5.000000000000e-03,3.001666703000e-01,7.335594459000e-02
6.215,5.000000000000e-03,2.991434815000e-01,7.330183731000e-02
6.22,5.000000000000e-03,2.978405853000e-01,7.323879201000e-02
6.225,5.000000000000e-03,2.962459629000e-01,7.326911971000e-02
6.23,5.000000000000e-03,2.940051633000e-01,7.313799255000e-02
6.235,5.000000000000e-03,2.903764252000e-01,7.320601736000e-02
6.24,5.000000000000e-03,2.869007610000e-01,7.314432582000e-02
6.245,5.000000000000e-03,2.833055394000e-01,7.311158185000e-02
6.25,5.000000000000e-03,2.795428604000e-01,7.313212482000e-02
6.255,5.000000000000e-03,2.756316617000e-01,7.299498445000e-02
6.26,5.000000000000e-03,2.715599253000e-01,7.307307866000e-02
6.265,5.000000000000e-03,2.707491412000e-01,7.300379837000e-02
6.27,5.000000000000e-03,2.736027738000e-01,7.298769216000e-02
6.275,5.000000000000e-03,2.764880876000e-01,7.299916146000e-02
6.28,5.000000000000e-03,2.787447874000e-01,7.285607769000e-02
6.285,5.000000000000e-03,2.803453161000e-01,7.293914160000e-02
6.29,5.000000000000e-03,2.820355389000e-01,7.286330725000e-02
6.295,5.000000000000e-03,2.837625944000e-01,7.285606981000e-02
6.3,5.000000000000e-03,2.853134558000e-01,7.286002421000e-02
6.305,5.000000000000e-03,2.864641042000e-01,7.271251773000e-02
6.31,5.000000000000e-03,2.876681558000e-01,7.279735354000e-02
6.315,5.000000000000e-03,2.888550188000e-01,7.271552294000e-02
6.32,5.000000000000e-03,2.900438532000e-01,7.272321080000e-02
6.325,5.000000000000e-03,2.911908881000e-01,7.271873001000e-02
6.33,5.000000000000e-03,2.921524871000e-01,7.257602196000e-02
6.335,5.000000000000e-03,2.929981150000e-01,7.266017945000e-02
6.34,5.000000000000e-03,2.936624678000e-01,7.257238321000e-02
6.345,5.000000000000e-03,2.941548276000e-01,7.259612455000e-02
6.35,5.000000000000e-03,2.944858450000e-01,7.258257671000e-02
6.355,5.000000000000e-03,2.946081661000e-01,7.245516081000e-02
6.36,5.000000000000e-03,2.941911811000e-01,7.252891415000e-02
6.365,5.000000000000e-03,2.935533382000e-01,7.243399872000e-02
6.37,5.000000000000e-03,2.926925080000e-01,7.247019155000e-02
6.375,5.000000000000e-03,2.916243165000e-01,7.244742488000e-02
6.38,5.000000000000e-03,2.903481445000e-01,7.233917120000e-02
6.385,5.000000000000e-03,2.888758314000e-01,7.240208002000e-02
6.39,5.000000000000e-03,2.872035390000e-01,7.229997001000e-02
6.395,5.000000000000e-03,2.853542239000e-01,7.233524403000e-02
6.4,5.000000000000e-03,2.833246920000e-01,7.230435518000e-02
6.405,5.000000000000e-03,2.811219651000e-01,7.221723533000e-02
6.41,5.000000000000e-03,2.787531633000e-01,7.226928952000e-02
6.415,5.000000000000e-03,2.762284597000e-01,7.215915437000e-02
6.42,5.000000000000e-03,2.735578409000e-01,7.220491123000e-02
6.425,5.000000000000e-03,2.707456408000e-01,7.216565592000e-02
6.43,5.000000000000e-03,2.677922804000e-01,7.210719393000e-02
6.435,5.000000000000e-03,2.647050075000e-01,7.214824432000e-02
6.44,5.000000000000e-03,2.614994315000e-01,7.203214931000e-02
6.445,5.000000000000e-03,2.581773868000e-01,7.208426417000e-02
6.45,5.000000000000e-03,2.569645729000e-01,7.203432406000e-02
6.455,5.000000000000e-03,2.589169237000e-01,7.200068630000e-02
6.46,5.000000000000e-03,2.607540161000e-01,7.202991233000e-02
6.465,5.000000000000e-03,2.624692525000e-01,7.190466768000e-02
6.47,5.000000000000e-03,2.640511691000e-01,7.196654453000e-02
6.475,5.000000000000e-03,2.654947315000e-01,7.190740496000e-02
6.48,5.000000000000e-03,2.667982425000e-01,7.188481120000e-02
6.485,5.000000000000e-03,2.679663587000e-01,7.190356980000e-02
6.49,5.000000000000e-03,2.689919213000e-01,7.177190648000e-02
6.495,5.000000000000e-03,2.698737296000e-01,7.183695523000e-02
6.5,5.000000000000e-03,2.706094070000e-01,7.176997504000e-02
6.505,5.000000000000e-03,2.711999340000e-01,7.176536147000e-02
6.51,5.000000000000e-03,2.716466569000e-01,7.177382030000e-02
6.515,5.000000000000e-03,2.719504613000e-01,7.163537059000e-02
6.52,5.000000000000e-03,2.721091975000e-01,7.171576943000e-02
6.525,5.000000000000e-03,2.721242283000e-01,7.164061285000e-02
6.53,5.000000000000e-03,2.719971725000e-01,7.165123406000e-02
6.535,5.000000000000e-03,2.717334878000e-01,7.164872624000e-02
6.54,5.000000000000e-03,2.713358252000e-01,7.151932493000e-02
6.545,5.000000000000e-03,2.708063543000e-01,7.160223785000e-02
6.55,5.000000000000e-03,2.701480069000e-01,7.151855599000e-02
6.555,5.000000000000e-03,2.693633489000e-01,7.154207928000e-02
6.56,5.000000000000e-03,2.684574260000e-01,7.152875868000e-02
6.565,5.000000000000e-03,2.674368291000e-01,7.141811341000e-02
6.57,5.000000000000e-03,2.663058098000e-01,7.148895004000e-02
6.575,5.000000000000e-03,2.650669845000e-01,7.139686067000e-02
6.58,5.000000000000e-03,2.637236312000e-01,7.142298798000e-02
6.585,5.000000000000e-03,2.622810219000e-01,7.140073947000e-02
6.59,5.000000000000e-03,2.607463368000e-01,7.131457348000e-02
6.595,5.000000000000e-03,2.591250375000e-01,7.137382504000e-02
6.6,5.000000000000e-03,2.574196311000e-01,7.127360996000e-02
6.605,5.000000000000e-03,2.556952893000e-01,7.131293139000e-02
6.61,5.000000000000e-03,2.539298427000e-01,7.127990120000e-02
6.615,5.000000000000e-03,2.520808803000e-01,7.121940477000e-02
6.62,5.000000000000e-03,2.501531784000e-01,7.126605583000e-02
6.625,5.000000000000e-03,2.481517533000e-01,7.115735101000e-02
6.63,5.000000000000e-03,2.460775371000e-01,7.120859734000e-02
6.635,5.000000000000e-03,2.439356658000e-01,7.116503549000e-02
6.64,5.000000000000e-03,2.417311457000e-01,7.113128224000e-02
6.645,5.000000000000e-03,2.394682813000e-01,7.116484282000e-02
6.65,5.000000000000e-03,2.371522652000e-01,7.104700405000e-02
6.655,5.000000000000e-03,2.347868979000e-01,7.110206697000e-02
6.66,5.000000000000e-03,2.323759971000e-01,7.104825036000e-02
6.665,5.000000000000e-03,2.299219933000e-01,7.102543472000e-02
6.67,5.000000000000e-03,2.289437446000e-01,7.104813990000e-02
6.675,5.000000000000e-03,2.300770381000e-01,7.092286037000e-02
6.68,5.000000000000e-03,2.311216504000e-01,7.098873111000e-02
6.685,5.000000000000e-03,2.320803440000e-01,7.092645409000e-02
6.69,5.000000000000e-03,2.329468513000e-01,7.092177241000e-02
6.695,5.000000000000e-03,2.337250956000e-01,7.093300686000e-02
6.7,5.000000000000e-03,2.344152739000e-01,7.079959945000e-02
6.705,5.000000000000e-03,2.350190895000e-01,7.088294150000e-02
6.71,5.000000000000e-03,2.355383613000e-01,7.081172793000e-02
6.715,5.000000000000e-03,2.359727637000e-01,7.082480349000e-02
6.72,5.000000000000e-03,2.363232562000e-01,7.082435518000e-02
6.725,5.000000000000e-03,2.365915493000e-01,7.069847680000e-02
6.73,5.000000000000e-03,2.367853275000e-01,7.078220098000e-02
6.735,5.000000000000e-03,2.369081422000e-01,7.070203792000e-02
6.74,5.000000000000e-03,2.369581604000e-01,7.072139480000e-02
6.745,5.000000000000e-03,2.369448034000e-01,7.071003900000e-02
6.75,5.000000000000e-03,2.368601689000e-01,7.060874020000e-02
6.755,5.000000000000e-03,2.367058995000e-01,7.067918741000e-02
6.76,5.000000000000e-03,2.364849835000e-01,7.059011980000e-02
6.765,5.000000000000e-03,2.362001297000e-01,7.062210632000e-02
6.77,5.000000000000e-03,2.358514914000e-01,7.059971352000e-02
6.775,5.000000000000e-03,2.354423514000e-01,7.052621024000e-02
6.78,5.000000000000e-03,2.349747204000e-01,7.058322205000e-02
6.785,5.000000000000e-03,2.344511658000e-01,7.048466595000e-02
6.79,5.000000000000e-03,2.338743977000e-01,7.052563671000e-02
6.795,5.000000000000e-03,2.332466586000e-01,7.049206355000e-02
6.8,5.000000000000e-03,2.325691975000e-01,7.045056776000e-02
6.805,5.000000000000e-03,2.318455905000e-01,7.049401327000e-02
6.81,5.000000000000e-03,2.310784479000e-01,7.038547372000e-02
6.815,5.000000000000e-03,2.302697475000e-01,7.043335447000e-02
6.82,5.000000000000e-03,2.294218828000e-01,7.038918708000e-02
6.825,5.000000000000e-03,2.285367448000e-01,7.036048162000e-02
6.83,5.000000000000e-03,2.276163809000e-01,7.039287489000e-02
6.835,5.000000000000e-03,2.266630804000e-01,7.027641944000e-02
6.84,5.000000000000e-03,2.256785327000e-01,7.033312850000e-02
6.845,5.000000000000e-03,2.246654252000e-01,7.027970559000e-02
6.85,5.000000000000e-03,2.236255773000e-01,7.027350137000e-02
6.855,5.000000000000e-03,2.225607914000e-01,7.029385152000e-02
6.86,5.000000000000e-03,2.214741998000e-01,7.016934586000e-02
6.865,5.000000000000e-03,2.203658544000e-01,7.024538182000e-02
6.87,5.000000000000e-03,2.192381047000e-01,7.018267482000e-02
6.875,5.000000000000e-03,2.180942991000e-01,7.019368930000e-02
6.88,5.000000000000e-03,2.169376801000e-01,7.020265658000e-02
6.885,5.000000000000e-03,2.157665471000e-01,7.007131477000e-02
6.89,5.000000000000e-03,2.145790456000e-01,7.016356514000e-02
6.895,5.000000000000e-03,2.133792780000e-01,7.009093418000e-02
6.9,5.000000000000e-03,2.121686829000e-01,7.010712632000e-02
6.905,5.000000000000e-03,2.109483210000e-01,7.010412458000e-02
6.91,5.000000000000e-03,2.097190439000e-01,6.997186687000e-02
6.915,5.000000000000e-03,2.084817148000e-01,7.005970815000e-02
6.92,5.000000000000e-03,2.072372396000e-01,6.999554759000e-02
6.925,5.000000000000e-03,2.059870082000e-01,7.018369366000e-02
6.93,5.000000000000e-03,2.047315308000e-01,7.017791971000e-02
6.935,5.000000000000e-03,2.034710119000e-01,7.043750761000e-02
6.94,5.000000000000e-03,2.022058186000e-01,7.049941140000e-02
6.945,5.000000000000e-03,2.009362430000e-01,7.416914098000e-02
6.95,5.000000000000e-03,1.996626242000e-01,7.393706632000e-02
6.955,5.000000000000e-03,1.992682763000e-01,7.358710460000e-02
6.96,5.000000000000e-03,1.997784640000e-01,7.315622902000e-02
6.965,5.000000000000e-03,2.002543528000e-01,7.266284168000e-02
6.97,5.000000000000e-03,2.006956828000e-01,7.211642575000e-02
6.975,5.000000000000e-03,2.011033688000e-01,7.152332661000e-02
6.98,5.000000000000e-03,2.014784354000e-01,7.128776577000e-02
6.985,5.000000000000e-03,2.018218669000e-01,7.106403228000e-02
6.99,5.000000000000e-03,2.021342818000e-01,7.073503246000e-02
6.995,5.000000000000e-03,2.024160903000e-01,7.032149637000e-02
7,5.000000000000e-03,2.026679799000e-01,6.983820897000e-02
7.005,5.000000000000e-03,2.028906397000e-01,6.954931918000e-02
7.01,5.000000000000e-03,2.030851586000e-01,6.967261953000e-02
7.015,5.000000000000e-03,2.032523638000e-01,6.969592388000e-02
7.02,5.000000000000e-03,2.033929162000e-01,6.957583456000e-02
7.025,5.000000000000e-03,2.035072690000e-01,6.958826556000e-02
7.03,5.000000000000e-03,2.036000538000e-01,6.953246938000e-02
7.035,5.000000000000e-03,2.036655877000e-01,6.947788389000e-02
7.04,5.000000000000e-03,2.037091497000e-01,6.949283682000e-02
7.045,5.000000000000e-03,2.037280318000e-01,6.936741098000e-02
7.05,5.000000000000e-03,2.037247801000e-01,6.946158534000e-02
7.055,5.000000000000e-03,2.036982391000e-01,6.939340886000e-02
7.06,5.000000000000e-03,2.036485472000e-01,6.940271473000e-02
7.065,5.000000000000e-03,2.035740895000e-01,6.940107717000e-02
7.07,5.000000000000e-03,2.034850842000e-01,6.929660645000e-02
7.075,5.000000000000e-03,2.033776823000e-01,6.937482116000e-02
7.08,5.000000000000e-03,2.032549430000e-01,6.929538180000e-02
7.085,5.000000000000e-03,2.031125686000e-01,6.933053108000e-02
7.09,5.000000000000e-03,2.029515895000e-01,6.931470182000e-02
7.095,5.000000000000e-03,2.027735206000e-01,6.925386120000e-02
7.1,5.000000000000e-03,2.025779537000e-01,6.931595389000e-02
7.105,5.000000000000e-03,2.023654972000e-01,6.922432975000e-02
7.11,5.000000000000e-03,2.021356025000e-01,6.927534347000e-02
7.115,5.000000000000e-03,2.018891661000e-01,6.924627627000e-02
7.12,5.000000000000e-03,2.016280183000e-01,6.921066347000e-02
7.125,5.000000000000e-03,2.013505360000e-01,6.925798181000e-02
7.13,5.000000000000e-03,2.010571197000e-01,6.915549173000e-02
7.135,5.000000000000e-03,2.007471707000e-01,6.920778876000e-02
7.14,5.000000000000e-03,2.004217495000e-01,6.916790163000e-02
7.145,5.000000000000e-03,2.000814006000e-01,6.914465261000e-02
7.15,5.000000000000e-03,1.997267145000e-01,6.917979702000e-02
7.155,5.000000000000e-03,1.993579172000e-01,6.906885269000e-02
7.16,5.000000000000e-03,1.989758873000e-01,6.913369647000e-02
7.165,5.000000000000e-03,1.985803046000e-01,6.908437050000e-02
7.17,5.000000000000e-03,1.981717687000e-01,6.907871634000e-02
7.175,5.000000000000e-03,1.977509177000e-01,6.910055386000e-02
7.18,5.000000000000e-03,1.973175660000e-01,6.898050705000e-02
7.185,5.000000000000e-03,1.968718952000e-01,6.906464897000e-02
7.19,5.000000000000e-03,1.964146542000e-01,6.900492004000e-02
7.195,5.000000000000e-03,1.959460087000e-01,6.901091872000e-02
7.2,5.000000000000e-03,1.954977449000e-01,6.901988649000e-02
7.205,5.000000000000e-03,1.950397331000e-01,6.889895956000e-02
7.21,5.000000000000e-03,1.945703839000e-01,6.898904445000e-02
7.215,5.000000000000e-03,1.940901678000e-01,6.891902381000e-02
7.22,5.000000000000e-03,1.935989271000e-01,6.893952276000e-02
7.225,5.000000000000e-03,1.930967329000e-01,6.893576086000e-02
7.23,5.000000000000e-03,1.925837031000e-01,6.884828647000e-02
7.235,5.000000000000e-03,1.920598365000e-01,6.892244193000e-02
7.24,5.000000000000e-03,1.915252190000e-01,6.884086636000e-02
7.245,5.000000000000e-03,1.909799429000e-01,6.886921961000e-02
7.25,5.000000000000e-03,1.904242146000e-01,6.885226170000e-02
7.255,5.000000000000e-03,1.898579576000e-01,6.879612822000e-02
7.26,5.000000000000e-03,1.892812607000e-01,6.885439045000e-02
7.265,5.000000000000e-03,1.886939000000e-01,6.876170739000e-02
7.27,5.000000000000e-03,1.880954133000e-01,6.879734496000e-02
7.275,5.000000000000e-03,1.874904189000e-01,6.876801537000e-02
7.28,5.000000000000e-03,1.868773721000e-01,6.872603403000e-02
7.285,5.000000000000e-03,1.862553173000e-01,6.877087169000e-02
7.29,5.000000000000e-03,1.856241432000e-01,6.866892250000e-02
7.295,5.000000000000e-03,1.849858334000e-01,6.871508043000e-02
7.3,5.000000000000e-03,1.843392018000e-01,6.867440194000e-02
7.305,5.000000000000e-03,1.836834061000e-01,6.865788480000e-02
7.31,5.000000000000e-03,1.830190770000e-01,6.868866192000e-02
7.315,5.000000000000e-03,1.823458997000e-01,6.857711980000e-02
7.32,5.000000000000e-03,1.816640470000e-01,6.864480867000e-02
7.325,5.000000000000e-03,1.809734358000e-01,6.859216686000e-02
7.33,5.000000000000e-03,1.802744400000e-01,6.859162619000e-02
7.335,5.000000000000e-03,1.795670988000e-01,6.860887877000e-02
7.34,5.000000000000e-03,1.788515490000e-01,6.848742335000e-02
7.345,5.000000000000e-03,1.781279284000e-01,6.856940422000e-02
7.35,5.000000000000e-03,1.773962139000e-01,6.850726022000e-02
7.355,5.000000000000e-03,1.766561553000e-01,6.851626509000e-02
7.36,5.000000000000e-03,1.759085945000e-01,6.851975837000e-02
7.365,5.000000000000e-03,1.759773970000e-01,6.842087871000e-02
7.37,5.000000000000e-03,1.762351966000e-01,6.850321754000e-02
7.375,5.000000000000e-03,1.764825563000e-01,6.842894653000e-02
7.38,5.000000000000e-03,1.767202507000e-01,6.845012405000e-02
7.385,5.000000000000e-03,1.769456489000e-01,6.844001239000e-02
7.39,5.000000000000e-03,1.771599983000e-01,6.837226437000e-02
7.395,5.000000000000e-03,1.773672028000e-01,6.843855726000e-02
7.4,5.000000000000e-03,1.775638763000e-01,6.835256359000e-02
7.405,5.000000000000e-03,1.777503163000e-01,6.838733339000e-02
7.41,5.000000000000e-03,1.779292431000e-01,6.836326267000e-02
7.415,5.000000000000e-03,1.780964367000e-01,6.831132577000e-02
7.42,5.000000000000e-03,1.782535847000e-01,6.836412643000e-02
7.425,5.000000000000e-03,1.783996376000e-01,6.826842284000e-02
7.43,5.000000000000e-03,1.785352048000e-01,6.830729401000e-02
7.435,5.000000000000e-03,1.786599174000e-01,6.827286719000e-02
7.44,5.000000000000e-03,1.787740304000e-01,6.824706301000e-02
7.445,5.000000000000e-03,1.788772983000e-01,6.828538880000e-02
7.45,5.000000000000e-03,1.789697186000e-01,6.818089888000e-02
7.455,5.000000000000e-03,1.790513358000e-01,6.824190170000e-02
7.46,5.000000000000e-03,1.791226070000e-01,6.819288215000e-02
7.465,5.000000000000e-03,1.791843159000e-01,6.818307270000e-02
7.47,5.000000000000e-03,1.792357816000e-01,6.820629358000e-02
7.475,5.000000000000e-03,1.792769868000e-01,6.809102647000e-02
7.48,5.000000000000e-03,1.793079115000e-01,6.816968540000e-02
7.485,5.000000000000e-03,1.793285324000e-01,6.811097486000e-02
7.49,5.000000000000e-03,1.793388997000e-01,6.810999795000e-02
7.495,5.000000000000e-03,1.793390018000e-01,6.811991556000e-02
7.5,5.000000000000e-03,1.793290365000e-01,6.801664387000e-02
7.505,5.000000000000e-03,1.793090774000e-01,6.810382307000e-02
7.51,5.000000000000e-03,1.792791709000e-01,6.803395097000e-02
7.515,5.000000000000e-03,1.792392915000e-01,6.804868517000e-02
7.52,5.000000000000e-03,1.791894536000e-01,6.804475254000e-02
7.525,5.000000000000e-03,1.791296586000e-01,6.796995188000e-02
7.53,5.000000000000e-03,1.790599298000e-01,6.804082216000e-02
7.535,5.000000000000e-03,1.789803717000e-01,6.796004427000e-02
7.54,5.000000000000e-03,1.788910079000e-01,6.799103272000e-02
7.545,5.000000000000e-03,1.787921040000e-01,6.797257298000e-02
7.55,5.000000000000e-03,1.786835923000e-01,6.791731724000e-02
7.555,5.000000000000e-03,1.785654559000e-01,6.797260490000e-02
7.56,5.000000000000e-03,1.784377315000e-01,6.788079873000e-02
7.565,5.000000000000e-03,1.783004443000e-01,6.791644690000e-02
7.57,5.000000000000e-03,1.781536697000e-01,6.788605683000e-02
7.575,5.000000000000e-03,1.779975086000e-01,6.785338190000e-02
7.58,5.000000000000e-03,1.778318822000e-01,6.789440440000e-02
7.585,5.000000000000e-03,1.776565124000e-01,6.779248126000e-02
7.59,5.000000000000e-03,1.774724039000e-01,6.784995188000e-02
7.595,5.000000000000e-03,1.772790507000e-01,6.780794153000e-02
7.6,5.000000000000e-03,1.770788365000e-01,6.779504969000e-02
7.605,5.000000000000e-03,1.768702547000e-01,6.782147493000e-02
7.61,5.000000000000e-03,1.766527943000e-01,6.770926729000e-02
7.615,5.000000000000e-03,1.764260830000e-01,6.778379731000e-02
7.62,5.000000000000e-03,1.761909877000e-01,6.773119293000e-02
7.625,5.000000000000e-03,1.759473361000e-01,6.772532182000e-02
7.63,5.000000000000e-03,1.756957879000e-01,6.773896046000e-02
7.635,5.000000000000e-03,1.754349871000e-01,6.762685490000e-02
7.64,5.000000000000e-03,1.751665773000e-01,6.771962477000e-02
7.645,5.000000000000e-03,1.748888453000e-01,6.765597796000e-02
7.65,5.000000000000e-03,1.746032237000e-01,6.767031784000e-02
7.655,5.000000000000e-03,1.743091230000e-01,6.766976088000e-02
7.66,5.000000000000e-03,1.740070322000e-01,6.759250002000e-02
7.665,5.000000000000e-03,1.736967873000e-01,6.766831829000e-02
7.67,5.000000000000e-03,1.733789543000e-01,6.759258859000e-02
7.675,5.000000000000e-03,1.730530461000e-01,6.762435394000e-02
7.68,5.000000000000e-03,1.727198890000e-01,6.760831062000e-02
7.685,5.000000000000e-03,1.723788268000e-01,6.755331962000e-02
7.69,5.000000000000e-03,1.720305670000e-01,6.761193123000e-02
7.695,5.000000000000e-03,1.716752013000e-01,6.752326782000e-02
7.7,5.000000000000e-03,1.713127671000e-01,6.755710898000e-02
7.705,5.000000000000e-03,1.709434500000e-01,6.752749289000e-02
7.71,5.000000000000e-03,1.705676060000e-01,6.749030807000e-02
7.715,5.000000000000e-03,1.701850966000e-01,6.753371954000e-02
7.72,5.000000000000e-03,1.697960474000e-01,6.743417513000e-02
7.725,5.000000000000e-03,1.694005622000e-01,6.748424330000e-02
7.73,5.000000000000e-03,1.689986576000e-01,6.744403482000e-02
7.735,5.000000000000e-03,1.685903953000e-01,6.742493323000e-02
7.74,5.000000000000e-03,1.681756744000e-01,6.745525685000e-02
7.745,5.000000000000e-03,1.677569078000e-01,6.734650181000e-02
7.75,5.000000000000e-03,1.673339237000e-01,6.741734539000e-02
7.755,5.000000000000e-03,1.669075772000e-01,6.736877352000e-02
7.76,5.000000000000e-03,1.664782009000e-01,6.735858305000e-02
7.765,5.000000000000e-03,1.660437893000e-01,6.737849736000e-02
7.77,5.000000000000e-03,1.656068884000e-01,6.726348649000e-02
7.775,5.000000000000e-03,1.651632388000e-01,6.739627845000e-02
7.78,5.000000000000e-03,1.647155028000e-01,6.731559508000e-02
7.785,5.000000000000e-03,1.642616575000e-01,6.732706364000e-02
7.79,5.000000000000e-03,1.638041228000e-01,6.730818393000e-02
7.795,5.000000000000e-03,1.633422224000e-01,6.727615625000e-02
7.8,5.000000000000e-03,1.628761657000e-01,6.735817323000e-02
7.805,5.000000000000e-03,1.624054031000e-01,6.728086051000e-02
7.81,5.000000000000e-03,1.619309084000e-01,6.733980743000e-02
7.815,5.000000000000e-03,1.614525110000e-01,6.733475607000e-02
7.82,5.000000000000e-03,1.609701488000e-01,6.739154479000e-02
7.825,5.000000000000e-03,1.604836495000e-01,6.746655165000e-02
7.83,5.000000000000e-03,1.599930905000e-01,6.750415380000e-02
7.835,5.000000000000e-03,1.594991768000e-01,6.765687429000e-02
7.84,5.000000000000e-03,1.590016684000e-01,6.762366846000e-02
7.845,5.000000000000e-03,1.585004849000e-01,7.129837111000e-02
7.85,5.000000000000e-03,1.579956848000e-01,7.101904195000e-02
7.855,5.000000000000e-03,1.574876354000e-01,7.064536142000e-02
7.86,5.000000000000e-03,1.573847896000e-01,7.020331743000e-02
7.865,5.000000000000e-03,1.575923481000e-01,6.970592888000e-02
7.87,5.000000000000e-03,1.577924816000e-01,6.916171459000e-02
7.875,5.000000000000e-03,1.579851209000e-01,6.857472875000e-02
7.88,5.000000000000e-03,1.581710698000e-01,6.836558871000e-02
7.885,5.000000000000e-03,1.583503598000e-01,6.809653249000e-02
7.89,5.000000000000e-03,1.585223737000e-01,6.774199839000e-02
7.895,5.000000000000e-03,1.586871864000e-01,6.731798474000e-02
7.9,5.000000000000e-03,1.588447563000e-01,6.697012455000e-02
7.905,5.000000000000e-03,1.589950391000e-01,6.701090708000e-02
7.91,5.000000000000e-03,1.591380141000e-01,6.709957588000e-02
7.915,5.000000000000e-03,1.592737205000e-01,6.703349254000e-02
7.92,5.000000000000e-03,1.594021784000e-01,6.700433494000e-02
7.925,5.000000000000e-03,1.595233930000e-01,6.700738896000e-02
7.93,5.000000000000e-03,1.596373604000e-01,6.688081718000e-02
7.935,5.000000000000e-03,1.597440436000e-01,6.696103752000e-02
7.94,5.000000000000e-03,1.598434919000e-01,6.689009825000e-02
7.945,5.000000000000e-03,1.599356736000e-01,6.692803860000e-02
7.95,5.000000000000e-03,1.600205742000e-01,6.691624631000e-02
7.955,5.000000000000e-03,1.600982076000e-01,6.684908333000e-02
7.96,5.000000000000e-03,1.601686350000e-01,6.691058737000e-02
7.965,5.000000000000e-03,1.602318956000e-01,6.682558902000e-02
7.97,5.000000000000e-03,1.602880477000e-01,6.682767471000e-02
7.975,5.000000000000e-03,1.603371236000e-01,6.680388092000e-02
7.98,5.000000000000e-03,1.603791142000e-01,6.679134117000e-02
7.985,5.000000000000e-03,1.604140313000e-01,6.683468474000e-02
7.99,5.000000000000e-03,1.604418109000e-01,6.673692629000e-02
7.995,5.000000000000e-03,1.604625326000e-01,6.680698902000e-02
8,5.000000000000e-03,1.604762231000e-01,6.676751778000e-02
8.005,5.000000000000e-03,1.604830419000e-01,6.674970811000e-02
8.01,5.000000000000e-03,1.604830236000e-01,6.677806731000e-02
8.015,5.000000000000e-03,1.604761794000e-01,6.666948622000e-02
8.02,5.000000000000e-03,1.604625512000e-01,6.674161423000e-02
8.025,5.000000000000e-03,1.604422067000e-01,6.669090510000e-02
8.03,5.000000000000e-03,1.604152036000e-01,6.669546679000e-02
8.035,5.000000000000e-03,1.603815974000e-01,6.670889391000e-02
8.04,5.000000000000e-03,1.603414378000e-01,6.660745231000e-02
8.045,5.000000000000e-03,1.602948162000e-01,6.669855048000e-02
8.05,5.000000000000e-03,1.602417649000e-01,6.663453236000e-02
8.055,5.000000000000e-03,1.601823087000e-01,6.665017438000e-02
8.06,5.000000000000e-03,1.601164840000e-01,6.664869937000e-02
8.065,5.000000000000e-03,1.600444190000e-01,6.658533983000e-02
8.07,5.000000000000e-03,1.599670515000e-01,6.665835761000e-02
8.075,5.000000000000e-03,1.598912275000e-01,6.658147876000e-02
8.08,5.000000000000e-03,1.598092066000e-01,6.660852341000e-02
8.085,5.000000000000e-03,1.597211133000e-01,6.659235101000e-02
8.09,5.000000000000e-03,1.596271355000e-01,6.654150780000e-02
8.095,5.000000000000e-03,1.595275773000e-01,6.659902537000e-02
8.1,5.000000000000e-03,1.594217954000e-01,6.651139148000e-02
8.105,5.000000000000e-03,1.593098178000e-01,6.655248367000e-02
8.11,5.000000000000e-03,1.591920829000e-01,6.652375167000e-02
8.115,5.000000000000e-03,1.590687327000e-01,6.649979408000e-02
8.12,5.000000000000e-03,1.589398731000e-01,6.654090816000e-02
8.125,5.000000000000e-03,1.588055700000e-01,6.644152417000e-02
8.13,5.000000000000e-03,1.586658700000e-01,6.650739675000e-02
8.135,5.000000000000e-03,1.585208219000e-01,6.646544965000e-02
8.14,5.000000000000e-03,1.583704606000e-01,6.645103300000e-02
8.145,5.000000000000e-03,1.582147494000e-01,6.647672523000e-02
8.15,5.000000000000e-03,1.580537800000e-01,6.636631015000e-02
8.155,5.000000000000e-03,1.578877043000e-01,6.645593586000e-02
8.16,5.000000000000e-03,1.577164644000e-01,6.640167275000e-02
8.165,5.000000000000e-03,1.575410655000e-01,6.640784692000e-02
8.17,5.000000000000e-03,1.573612224000e-01,6.641774409000e-02
8.175,5.000000000000e-03,1.571771016000e-01,6.632817394000e-02
8.18,5.000000000000e-03,1.569879971000e-01,6.641343485000e-02
8.185,5.000000000000e-03,1.567940064000e-01,6.634648073000e-02
8.19,5.000000000000e-03,1.565949982000e-01,6.636731900000e-02
8.195,5.000000000000e-03,1.563915819000e-01,6.636164156000e-02
8.2,5.000000000000e-03,1.561837498000e-01,6.630132574000e-02
8.205,5.000000000000e-03,1.559714530000e-01,6.636917100000e-02
8.21,5.000000000000e-03,1.557553225000e-01,6.628984877000e-02
8.215,5.000000000000e-03,1.555346364000e-01,6.631344513000e-02
8.22,5.000000000000e-03,1.553102521000e-01,6.629473487000e-02
8.225,5.000000000000e-03,1.550814224000e-01,6.625546593000e-02
8.23,5.000000000000e-03,1.548486754000e-01,6.630796244000e-02
8.235,5.000000000000e-03,1.546118150000e-01,6.621769084000e-02
8.24,5.000000000000e-03,1.543706558000e-01,6.626544352000e-02
8.245,5.000000000000e-03,1.541258455000e-01,6.623383188000e-02
8.25,5.000000000000e-03,1.538772238000e-01,6.621573166000e-02
8.255,5.000000000000e-03,1.536246399000e-01,6.625171417000e-02
8.26,5.000000000000e-03,1.533685419000e-01,6.614953095000e-02
8.265,5.000000000000e-03,1.531089797000e-01,6.621720572000e-02
8.27,5.000000000000e-03,1.528456343000e-01,6.617329920000e-02
8.275,5.000000000000e-03,1.525786935000e-01,6.616479684000e-02
8.28,5.000000000000e-03,1.523088477000e-01,6.618589102000e-02
8.285,5.000000000000e-03,1.520347076000e-01,6.607309468000e-02
8.29,5.000000000000e-03,1.517573972000e-01,6.616968563000e-02
8.295,5.000000000000e-03,1.514765191000e-01,6.611319292000e-02
8.3,5.000000000000e-03,1.511923015000e-01,6.612076016000e-02
8.305,5.000000000000e-03,1.509054793000e-01,6.612651785000e-02
8.31,5.000000000000e-03,1.506145923000e-01,6.604774078000e-02
8.315,5.000000000000e-03,1.503204917000e-01,6.612854553000e-02
8.32,5.000000000000e-03,1.500236957000e-01,6.605887071000e-02
8.325,5.000000000000e-03,1.497231737000e-01,6.608584472000e-02
8.33,5.000000000000e-03,1.494195868000e-01,6.607585361000e-02
8.335,5.000000000000e-03,1.491133447000e-01,6.601259947000e-02
8.34,5.000000000000e-03,1.488036668000e-01,6.607688724000e-02
8.345,5.000000000000e-03,1.484910224000e-01,6.599535230000e-02
8.35,5.000000000000e-03,1.481755430000e-01,6.603028447000e-02
8.355,5.000000000000e-03,1.478571057000e-01,6.600796471000e-02
8.36,5.000000000000e-03,1.475361101000e-01,6.597428385000e-02
8.365,5.000000000000e-03,1.472130073000e-01,6.602275040000e-02
8.37,5.000000000000e-03,1.468869835000e-01,6.592980421000e-02
8.375,5.000000000000e-03,1.465599142000e-01,6.598389712000e-02
8.38,5.000000000000e-03,1.462310059000e-01,6.594918305000e-02
8.385,5.000000000000e-03,1.459000607000e-01,6.592840467000e-02
8.39,5.000000000000e-03,1.455672422000e-01,6.596104913000e-02
8.395,5.000000000000e-03,1.452323659000e-01,6.585682806000e-02
8.4,5.000000000000e-03,1.448959308000e-01,6.593140125000e-02
8.405,5.000000000000e-03,1.445576888000e-01,6.588461158000e-02
8.41,5.000000000000e-03,1.442171265000e-01,6.588151178000e-02
8.415,5.000000000000e-03,1.438746307000e-01,6.589878799000e-02
8.42,5.000000000000e-03,1.435297966000e-01,6.579412208000e-02
8.425,5.000000000000e-03,1.431829622000e-01,6.588855286000e-02
8.43,5.000000000000e-03,1.428341175000e-01,6.582897459000e-02
8.435,5.000000000000e-03,1.424840396000e-01,6.584080319000e-02
8.44,5.000000000000e-03,1.421381849000e-01,6.584310969000e-02
8.445,5.000000000000e-03,1.420088345000e-01,6.577687470000e-02
8.45,5.000000000000e-03,1.421232561000e-01,6.585318361000e-02
8.455,5.000000000000e-03,1.422336605000e-01,6.578036335000e-02
8.46,5.000000000000e-03,1.423394474000e-01,6.579931757000e-02
8.465,5.000000000000e-03,1.424406811000e-01,6.578736559000e-02
8.47,5.000000000000e-03,1.425373780000e-01,6.573330667000e-02
8.475,5.000000000000e-03,1.426295772000e-01,6.579409674000e-02
8.48,5.000000000000e-03,1.427172142000e-01,6.571026354000e-02
8.485,5.000000000000e-03,1.428003425000e-01,6.574870885000e-02
8.49,5.000000000000e-03,1.428789528000e-01,6.572445564000e-02
8.495,5.000000000000e-03,1.429530552000e-01,6.568698728000e-02
8.5,5.000000000000e-03,1.430226904000e-01,6.573131718000e-02
8.505,5.000000000000e-03,1.430878716000e-01,6.563584794000e-02
8.51,5.000000000000e-03,1.431487052000e-01,6.570182499000e-02
8.515,5.000000000000e-03,1.432052347000e-01,6.566408843000e-02
8.52,5.000000000000e-03,1.432574973000e-01,6.566475582000e-02
8.525,5.000000000000e-03,1.433054833000e-01,6.569217401000e-02
8.53,5.000000000000e-03,1.433491777000e-01,6.558421371000e-02
8.535,5.000000000000e-03,1.433885693000e-01,6.565218761000e-02
8.54,5.000000000000e-03,1.434236442000e-01,6.560296062000e-02
8.545,5.000000000000e-03,1.434537943000e-01,6.557363686000e-02
8.55,5.000000000000e-03,1.434804573000e-01,6.560539877000e-02
8.555,5.000000000000e-03,1.435026641000e-01,6.550216440000e-02
8.56,5.000000000000e-03,1.435219789000e-01,6.560689907000e-02
8.565,5.000000000000e-03,1.435366250000e-01,6.552988306000e-02
8.57,5.000000000000e-03,1.435479746000e-01,6.556452870000e-02
8.575,5.000000000000e-03,1.435545882000e-01,6.554747869000e-02
8.58,5.000000000000e-03,1.435585289000e-01,6.549163587000e-02
8.585,5.000000000000e-03,1.435579519000e-01,6.554705600000e-02
8.59,5.000000000000e-03,1.435548517000e-01,6.548746106000e-02
8.595,5.000000000000e-03,1.435469178000e-01,6.549534974000e-02
8.6,5.000000000000e-03,1.435359886000e-01,6.549588632000e-02
8.605,5.000000000000e-03,1.435203774000e-01,6.543337707000e-02
8.61,5.000000000000e-03,1.435017534000e-01,6.550616972000e-02
8.615,5.000000000000e-03,1.434788182000e-01,6.540344168000e-02
8.62,5.000000000000e-03,1.434528494000e-01,6.546386403000e-02
8.625,5.000000000000e-03,1.434230824000e-01,6.543955625000e-02
8.63,5.000000000000e-03,1.433896473000e-01,6.541430832000e-02
8.635,5.000000000000e-03,1.433526445000e-01,6.545325969000e-02
8.64,5.000000000000e-03,1.433121107000e-01,6.535465996000e-02
8.645,5.000000000000e-03,1.432680574000e-01,6.541676338000e-02
8.65,5.000000000000e-03,1.432204527000e-01,6.537587792000e-02
8.655,5.000000000000e-03,1.431692686000e-01,6.536111059000e-02
8.66,5.000000000000e-03,1.431145977000e-01,6.538609670000e-02
8.665,5.000000000000e-03,1.430566056000e-01,6.527736551000e-02
8.67,5.000000000000e-03,1.429953517000e-01,6.537329978000e-02
8.675,5.000000000000e-03,1.429308399000e-01,6.531941696000e-02
8.68,5.000000000000e-03,1.428630867000e-01,6.532405812000e-02
8.685,5.000000000000e-03,1.427921250000e-01,6.533273393000e-02
8.69,5.000000000000e-03,1.427179759000e-01,6.525137712000e-02
8.695,5.000000000000e-03,1.426406491000e-01,6.533361346000e-02
8.7,5.000000000000e-03,1.425601518000e-01,6.526623302000e-02
8.705,5.000000000000e-03,1.424764435000e-01,6.526864754000e-02
8.71,5.000000000000e-03,1.423900222000e-01,6.527884336000e-02
8.715,5.000000000000e-03,1.423004572000e-01,6.519649442000e-02
8.72,5.000000000000e-03,1.422081921000e-01,6.527831035000e-02
8.725,5.000000000000e-03,1.421129198000e-01,6.518591568000e-02
8.73,5.000000000000e-03,1.420149532000e-01,6.523320539000e-02
8.735,5.000000000000e-03,1.419140451000e-01,6.520023435000e-02
8.74,5.000000000000e-03,1.418103803000e-01,6.517850653000e-02
8.745,5.000000000000e-03,1.417038110000e-01,6.521376958000e-02
8.75,5.000000000000e-03,1.415944962000e-01,6.513975939000e-02
8.755,5.000000000000e-03,1.414824645000e-01,6.517312020000e-02
8.76,5.000000000000e-03,1.413678264000e-01,6.515849584000e-02
8.765,5.000000000000e-03,1.412506677000e-01,6.512062931000e-02
8.77,5.000000000000e-03,1.411310119000e-01,6.517273963000e-02
8.775,5.000000000000e-03,1.410089627000e-01,6.505757984000e-02
8.78,5.000000000000e-03,1.408843701000e-01,6.515201607000e-02
8.785,5.000000000000e-03,1.407574326000e-01,6.509278921000e-02
8.79,5.000000000000e-03,1.406279225000e-01,6.510389962000e-02
8.795,5.000000000000e-03,1.404960439000e-01,6.510764692000e-02
8.8,5.000000000000e-03,1.403614439000e-01,6.502135046000e-02
8.805,5.000000000000e-03,1.402245996000e-01,6.510051482000e-02
8.81,5.000000000000e-03,1.400852410000e-01,6.505847913000e-02
8.815,5.000000000000e-03,1.399439482000e-01,6.505446376000e-02
8.82,5.000000000000e-03,1.398002596000e-01,6.507277844000e-02
8.825,5.000000000000e-03,1.396547633000e-01,6.499008668000e-02
8.83,5.000000000000e-03,1.395068441000e-01,6.508278092000e-02
8.835,5.000000000000e-03,1.393571830000e-01,6.499721509000e-02
8.84,5.000000000000e-03,1.392050580000e-01,6.502645127000e-02
8.845,5.000000000000e-03,1.390512104000e-01,6.500100596000e-02
8.85,5.000000000000e-03,1.388947968000e-01,6.496578801000e-02
8.855,5.000000000000e-03,1.387366863000e-01,6.501151505000e-02
8.86,5.000000000000e-03,1.385760941000e-01,6.494489353000e-02
8.865,5.000000000000e-03,1.384140639000e-01,6.496369081000e-02
8.87,5.000000000000e-03,1.382496366000e-01,6.495629331000e-02
8.875,5.000000000000e-03,1.380838886000e-01,6.490949538000e-02
8.88,5.000000000000e-03,1.379157608000e-01,6.497293414000e-02
8.885,5.000000000000e-03,1.377463764000e-01,6.486447008000e-02
8.89,5.000000000000e-03,1.375745995000e-01,6.493781476000e-02
8.895,5.000000000000e-03,1.374016390000e-01,6.488621875000e-02
8.9,5.000000000000e-03,1.372261847000e-01,6.488868244000e-02
8.905,5.000000000000e-03,1.370491129000e-01,6.492169056000e-02
8.91,5.000000000000e-03,1.368703659000e-01,6.481615915000e-02
8.915,5.000000000000e-03,1.366903815000e-01,6.488663063000e-02
8.92,5.000000000000e-03,1.365077303000e-01,6.485394206000e-02
8.925,5.000000000000e-03,1.363240376000e-01,6.484305102000e-02
8.93,5.000000000000e-03,1.361380388000e-01,6.487067110000e-02
8.935,5.000000000000e-03,1.359515098000e-01,6.476694276000e-02
8.94,5.000000000000e-03,1.357624870000e-01,6.486971542000e-02
8.945,5.000000000000e-03,1.355726390000e-01,6.480986581000e-02
8.95,5.000000000000e-03,1.353808269000e-01,6.482995500000e-02
8.955,5.000000000000e-03,1.351874778000e-01,6.482650089000e-02
8.96,5.000000000000e-03,1.349924850000e-01,6.475447474000e-02
8.965,5.000000000000e-03,1.347955412000e-01,6.482518038000e-02
8.97,5.000000000000e-03,1.345972291000e-01,6.475033316000e-02
8.975,5.000000000000e-03,1.343978443000e-01,6.477612889000e-02
8.98,5.000000000000e-03,1.341971694000e-01,6.476077570000e-02
8.985,5.000000000000e-03,1.339948112000e-01,6.472356183000e-02
8.99,5.000000000000e-03,1.337913185000e-01,6.477732225000e-02
8.995,5.000000000000e-03,1.335867063000e-01,6.469033799000e-02
9,5.000000000000e-03,1.333805349000e-01,6.474040664000e-02
9.005,5.000000000000e-03,1.331728460000e-01,6.471102652000e-02
9.01,5.000000000000e-03,1.329633949000e-01,6.468720975000e-02
9.015,5.000000000000e-03,1.327525442000e-01,6.472456908000e-02
9.02,5.000000000000e-03,1.325400269000e-01,6.462600912000e-02
9.025,5.000000000000e-03,1.323261929000e-01,6.469997879000e-02
9.03,5.000000000000e-03,1.321105310000e-01,6.465811848000e-02
9.035,5.000000000000e-03,1.318939370000e-01,6.465222939000e-02
9.04,5.000000000000e-03,1.316757036000e-01,6.467307897000e-02
9.045,5.000000000000e-03,1.314558594000e-01,6.456605359000e-02
9.05,5.000000000000e-03,1.312348591000e-01,6.466357015000e-02
9.055,5.000000000000e-03,1.310120752000e-01,6.460831785000e-02
9.06,5.000000000000e-03,1.307879917000e-01,6.461723587000e-02
9.065,5.000000000000e-03,1.305621707000e-01,6.462219048000e-02
9.07,5.000000000000e-03,1.303348433000e-01,6.455343728000e-02
9.075,5.000000000000e-03,1.301062689000e-01,6.463219476000e-02
9.08,5.000000000000e-03,1.298759961000e-01,6.456326152000e-02
9.085,5.000000000000e-03,1.296443811000e-01,6.457582762000e-02
9.09,5.000000000000e-03,1.294114926000e-01,6.456664925000e-02
9.095,5.000000000000e-03,1.291770411000e-01,6.451478073000e-02
9.1,5.000000000000e-03,1.289411184000e-01,6.457708325000e-02
9.105,5.000000000000e-03,1.287037478000e-01,6.449651428000e-02
9.11,5.000000000000e-03,1.284649668000e-01,6.453476067000e-02
9.115,5.000000000000e-03,1.282246957000e-01,6.451174134000e-02
9.12,5.000000000000e-03,1.279830461000e-01,6.448311251000e-02
9.125,5.000000000000e-03,1.277399755000e-01,6.452820949000e-02
9.13,5.000000000000e-03,1.274959364000e-01,6.443520871000e-02
9.135,5.000000000000e-03,1.272505180000e-01,6.448956378000e-02
9.14,5.000000000000e-03,1.270303577000e-01,6.445396564000e-02
9.145,5.000000000000e-03,1.271153611000e-01,6.443750438000e-02
9.15,5.000000000000e-03,1.271981782000e-01,6.446658327000e-02
9.155,5.000000000000e-03,1.272787591000e-01,6.436221345000e-02
9.16,5.000000000000e-03,1.273571071000e-01,6.445157140000e-02
9.165,5.000000000000e-03,1.274332126000e-01,6.440278329000e-02
9.17,5.000000000000e-03,1.275069843000e-01,6.440283333000e-02
9.175,5.000000000000e-03,1.275784905000e-01,6.441579654000e-02
9.18,5.000000000000e-03,1.276477590000e-01,6.433273347000e-02
9.185,5.000000000000e-03,1.277148197000e-01,6.441921157000e-02
9.19,5.000000000000e-03,1.277796863000e-01,6.435642297000e-02
9.195,5.000000000000e-03,1.278423380000e-01,6.437209448000e-02
9.2,5.000000000000e-03,1.279028230000e-01,6.436896517000e-02
9.205,5.000000000000e-03,1.279611590000e-01,6.430305140000e-02
9.21,5.000000000000e-03,1.280173489000e-01,6.437249658000e-02
9.215,5.000000000000e-03,1.280713875000e-01,6.429750910000e-02
9.22,5.000000000000e-03,1.281232154000e-01,6.432549685000e-02
9.225,5.000000000000e-03,1.281728444000e-01,6.430969696000e-02
9.23,5.000000000000e-03,1.282203507000e-01,6.427381809000e-02
9.235,5.000000000000e-03,1.282657803000e-01,6.432630812000e-02
9.24,5.000000000000e-03,1.283091760000e-01,6.423917184000e-02
9.245,5.000000000000e-03,1.283505649000e-01,6.428697716000e-02
9.25,5.000000000000e-03,1.283899508000e-01,6.425831850000e-02
9.255,5.000000000000e-03,1.284273335000e-01,6.423653627000e-02
9.26,5.000000000000e-03,1.284627171000e-01,6.427269633000e-02
9.265,5.000000000000e-03,1.284960997000e-01,6.417386464000e-02
9.27,5.000000000000e-03,1.285274395000e-01,6.425323199000e-02
9.275,5.000000000000e-03,1.285566898000e-01,6.421054190000e-02
9.28,5.000000000000e-03,1.285838804000e-01,6.420950518000e-02
9.285,5.000000000000e-03,1.286091169000e-01,6.422891117000e-02
9.29,5.000000000000e-03,1.286323771000e-01,6.412940930000e-02
9.295,5.000000000000e-03,1.286541608000e-01,6.422444940000e-02
9.3,5.000000000000e-03,1.286742077000e-01,6.416831873000e-02
9.305,5.000000000000e-03,1.286923597000e-01,6.418553930000e-02
9.31,5.000000000000e-03,1.287085939000e-01,6.418960033000e-02
9.315,5.000000000000e-03,1.287230270000e-01,6.411696135000e-02
9.32,5.000000000000e-03,1.287357484000e-01,6.419448758000e-02
9.325,5.000000000000e-03,1.287461999000e-01,6.412551323000e-02
9.33,5.000000000000e-03,1.287547867000e-01,6.414621982000e-02
9.335,5.000000000000e-03,1.287613655000e-01,6.413692919000e-02
9.34,5.000000000000e-03,1.287660966000e-01,6.408574876000e-02
9.345,5.000000000000e-03,1.287689597000e-01,6.414666824000e-02
9.35,5.000000000000e-03,1.287699534000e-01,6.406601606000e-02
9.355,5.000000000000e-03,1.287690786000e-01,6.411083975000e-02
9.36,5.000000000000e-03,1.287663094000e-01,6.408733298000e-02
9.365,5.000000000000e-03,1.287616139000e-01,6.405252964000e-02
9.37,5.000000000000e-03,1.287549847000e-01,6.409620884000e-02
9.375,5.000000000000e-03,1.287463806000e-01,6.400313278000e-02
9.38,5.000000000000e-03,1.287357729000e-01,6.406498025000e-02
9.385,5.000000000000e-03,1.287231778000e-01,6.402922462000e-02
9.39,5.000000000000e-03,1.287086513000e-01,6.401108985000e-02
9.395,5.000000000000e-03,1.286922091000e-01,6.403945305000e-02
9.4,5.000000000000e-03,1.286738229000e-01,6.393543175000e-02
9.405,5.000000000000e-03,1.286534864000e-01,6.402902927000e-02
9.41,5.000000000000e-03,1.286311652000e-01,6.397946757000e-02
9.415,5.000000000000e-03,1.286068204000e-01,6.397700283000e-02
9.42,5.000000000000e-03,1.285804384000e-01,6.398985506000e-02
9.425,5.000000000000e-03,1.285519708000e-01,6.390775467000e-02
9.43,5.000000000000e-03,1.285213697000e-01,6.399377874000e-02
9.435,5.000000000000e-03,1.284886030000e-01,6.393152768000e-02
9.44,5.000000000000e-03,1.284536796000e-01,6.394148289000e-02
9.445,5.000000000000e-03,1.284166800000e-01,6.394002103000e-02
9.45,5.000000000000e-03,1.283776272000e-01,6.387612400000e-02
9.455,5.000000000000e-03,1.283364982000e-01,6.394597837000e-02
9.46,5.000000000000e-03,1.282932612000e-01,6.387211989000e-02
9.465,5.000000000000e-03,1.282479114000e-01,6.390087717000e-02
9.47,5.000000000000e-03,1.282003292000e-01,6.388624196000e-02
9.475,5.000000000000e-03,1.281505172000e-01,6.381014071000e-02
9.48,5.000000000000e-03,1.280995946000e-01,6.386274689000e-02
9.485,5.000000000000e-03,1.280464864000e-01,6.377702266000e-02
9.49,5.000000000000e-03,1.279910482000e-01,6.381762833000e-02
9.495,5.000000000000e-03,1.279333167000e-01,6.378677515000e-02
9.5,5.000000000000e-03,1.278733477000e-01,6.403419932000e-02
9.505,5.000000000000e-03,1.278111915000e-01,6.406660280000e-02
9.51,5.000000000000e-03,1.277468617000e-01,6.396361484000e-02
9.515,5.000000000000e-03,1.276803684000e-01,6.399915457000e-02
9.52,5.000000000000e-03,1.276116934000e-01,6.397050368000e-02
9.525,5.000000000000e-03,1.275408421000e-01,6.417353549000e-02
9.53,5.000000000000e-03,1.274677871000e-01,6.419518984000e-02
9.535,5.000000000000e-03,1.273924872000e-01,6.407523063000e-02
9.54,5.000000000000e-03,1.273149573000e-01,6.737129514000e-02
9.545,5.000000000000e-03,1.272352075000e-01,6.706756304000e-02
9.55,5.000000000000e-03,1.271532696000e-01,6.668999689000e-02
9.555,5.000000000000e-03,1.270691156000e-01,6.625437822000e-02
9.56,5.000000000000e-03,1.269827621000e-01,6.577040214000e-02
9.565,5.000000000000e-03,1.268942598000e-01,6.524410578000e-02
9.57,5.000000000000e-03,1.268036847000e-01,6.510479581000e-02
9.575,5.000000000000e-03,1.267110434000e-01,6.486921707000e-02
9.58,5.000000000000e-03,1.266163528000e-01,6.454796199000e-02
9.585,5.000000000000e-03,1.265196134000e-01,6.415730150000e-02
9.59,5.000000000000e-03,1.264208185000e-01,6.370928573000e-02
9.595,5.000000000000e-03,1.263199700000e-01,6.354822370000e-02
9.6,5.000000000000e-03,1.262170838000e-01,6.373440953000e-02
9.605,5.000000000000e-03,1.261121962000e-01,6.370304454000e-02
9.61,5.000000000000e-03,1.260053163000e-01,6.365516590000e-02
9.615,5.000000000000e-03,1.258964693000e-01,6.369484988000e-02
9.62,5.000000000000e-03,1.257856864000e-01,6.359912871000e-02
9.625,5.000000000000e-03,1.256729889000e-01,6.363139362000e-02
9.63,5.000000000000e-03,1.255583723000e-01,6.359394286000e-02
9.635,5.000000000000e-03,1.254417668000e-01,6.358855767000e-02
9.64,5.000000000000e-03,1.253231818000e-01,6.361506243000e-02
9.645,5.000000000000e-03,1.252026513000e-01,6.348683613000e-02
9.65,5.000000000000e-03,1.250807006000e-01,6.360149011000e-02
9.655,5.000000000000e-03,1.249573820000e-01,6.353343252000e-02
9.66,5.000000000000e-03,1.248321788000e-01,6.355162417000e-02
9.665,5.000000000000e-03,1.247058438000e-01,6.354576156000e-02
9.67,5.000000000000e-03,1.245780979000e-01,6.346776338000e-02
9.675,5.000000000000e-03,1.244486223000e-01,6.355224713000e-02
9.68,5.000000000000e-03,1.243180361000e-01,6.348953783000e-02
9.685,5.000000000000e-03,1.241853148000e-01,6.350061812000e-02
9.69,5.000000000000e-03,1.240514867000e-01,6.349726742000e-02
9.695,5.000000000000e-03,1.239157177000e-01,6.344409610000e-02
9.7,5.000000000000e-03,1.237784431000e-01,6.351002888000e-02
9.705,5.000000000000e-03,1.236396728000e-01,6.343393737000e-02
9.71,5.000000000000e-03,1.234992637000e-01,6.346912046000e-02
9.715,5.000000000000e-03,1.233571385000e-01,6.345240570000e-02
9.72,5.000000000000e-03,1.232134782000e-01,6.342009902000e-02
9.725,5.000000000000e-03,1.230681226000e-01,6.349422355000e-02
9.73,5.000000000000e-03,1.229213653000e-01,6.338679419000e-02
9.735,5.000000000000e-03,1.227729676000e-01,6.345817623000e-02
9.74,5.000000000000e-03,1.226231430000e-01,6.340769550000e-02
9.745,5.000000000000e-03,1.224715546000e-01,6.341109782000e-02
9.75,5.000000000000e-03,1.223184053000e-01,6.342621934000e-02
9.755,5.000000000000e-03,1.221634206000e-01,6.334701128000e-02
9.76,5.000000000000e-03,1.220071081000e-01,6.340948793000e-02
9.765,5.000000000000e-03,1.218492299000e-01,6.335739110000e-02
9.77,5.000000000000e-03,1.216895133000e-01,6.338556824000e-02
9.775,5.000000000000e-03,1.215284371000e-01,6.338564941000e-02
9.78,5.000000000000e-03,1.213656382000e-01,6.331338014000e-02
9.785,5.000000000000e-03,1.212012973000e-01,6.340847574000e-02
9.79,5.000000000000e-03,1.210355979000e-01,6.332653621000e-02
9.795,5.000000000000e-03,1.208682069000e-01,6.336539287000e-02
9.8,5.000000000000e-03,1.206995316000e-01,6.334953042000e-02
9.805,5.000000000000e-03,1.205290554000e-01,6.329344466000e-02
9.81,5.000000000000e-03,1.203574781000e-01,6.334886595000e-02
9.815,5.000000000000e-03,1.201843970000e-01,6.327245051000e-02
9.82,5.000000000000e-03,1.200096470000e-01,6.332473179000e-02
9.825,5.000000000000e-03,1.198337277000e-01,6.329602863000e-02
9.83,5.000000000000e-03,1.196564161000e-01,6.324299375000e-02
9.835,5.000000000000e-03,1.194775959000e-01,6.330416391000e-02
9.84,5.000000000000e-03,1.192974159000e-01,6.322740379000e-02
9.845,5.000000000000e-03,1.191158988000e-01,6.327340766000e-02
9.85,5.000000000000e-03,1.189332199000e-01,6.325117918000e-02
9.855,5.000000000000e-03,1.187491969000e-01,6.321792838000e-02
9.86,5.000000000000e-03,1.185642727000e-01,6.326188595000e-02
9.865,5.000000000000e-03,1.183776912000e-01,6.317375093000e-02
9.87,5.000000000000e-03,1.181898627000e-01,6.324142565000e-02
9.875,5.000000000000e-03,1.180011648000e-01,6.320577615000e-02
9.88,5.000000000000e-03,1.178107677000e-01,6.319232375000e-02
9.885,5.000000000000e-03,1.176194733000e-01,6.321870055000e-02
9.89,5.000000000000e-03,1.174266581000e-01,6.311355267000e-02
9.895,5.000000000000e-03,1.172330079000e-01,6.320979692000e-02
9.9,5.000000000000e-03,1.170379595000e-01,6.316156678000e-02
9.905,5.000000000000e-03,1.168420895000e-01,6.316530149000e-02
9.91,5.000000000000e-03,1.168772491000e-01,6.317616399000e-02
9.915,5.000000000000e-03,1.169423905000e-01,6.310204656000e-02
9.92,5.000000000000e-03,1.170058461000e-01,6.318605921000e-02
9.925,5.000000000000e-03,1.170676165000e-01,6.312320937000e-02
9.93,5.000000000000e-03,1.171277912000e-01,6.313034591000e-02
9.935,5.000000000000e-03,1.171863726000e-01,6.312751917000e-02
9.94,5.000000000000e-03,1.172433640000e-01,6.307320710000e-02
9.945,5.000000000000e-03,1.172988069000e-01,6.314109481000e-02
9.95,5.000000000000e-03,1.173526975000e-01,6.306707816000e-02
9.955,5.000000000000e-03,1.174050398000e-01,6.309927168000e-02
9.96,5.000000000000e-03,1.174558006000e-01,6.308277121000e-02
9.965,5.000000000000e-03,1.175051494000e-01,6.304725654000e-02
9.97,5.000000000000e-03,1.175529941000e-01,6.309816937000e-02
9.975,5.000000000000e-03,1.175992086000e-01,6.301231775000e-02
9.98,5.000000000000e-03,1.176438748000e-01,6.306507718000e-02
9.985,5.000000000000e-03,1.176870587000e-01,6.303599031000e-02
9.99,5.000000000000e-03,1.177287936000e-01,6.301568920000e-02
9.995,5.000000000000e-03,1.177690958000e-01,6.305044447000e-02
10,5.000000000000e-03,1.178079776000e-01,6.295223464000e-02
10.005,5.000000000000e-03,1.178454295000e-01,6.303574007000e-02
10.01,5.000000000000e-03,1.178814546000e-01,6.299102583000e-02
10.015,5.000000000000e-03,1.179160142000e-01,6.298153773000e-02
10.02,5.000000000000e-03,1.179489384000e-01,6.300097442000e-02
10.025,5.000000000000e-03,1.179805900000e-01,6.291139155000e-02
10.03,5.000000000000e-03,1.180106736000e-01,6.300340218000e-02
10.035,5.000000000000e-03,1.180392087000e-01,6.295013817000e-02
10.04,5.000000000000e-03,1.180662994000e-01,6.296051696000e-02
10.045,5.000000000000e-03,1.180918972000e-01,6.296597017000e-02
10.05,5.000000000000e-03,1.181160229000e-01,6.289678168000e-02
10.055,5.000000000000e-03,1.181386956000e-01,6.297231859000e-02
10.06,5.000000000000e-03,1.181598784000e-01,6.290343537000e-02
10.065,5.000000000000e-03,1.181795394000e-01,6.292752598000e-02
10.07,5.000000000000e-03,1.181976500000e-01,6.291742906000e-02
10.075,5.000000000000e-03,1.182141681000e-01,6.287460063000e-02
10.08,5.000000000000e-03,1.182290008000e-01,6.293369435000e-02
10.085,5.000000000000e-03,1.182421255000e-01,6.285253384000e-02
10.09,5.000000000000e-03,1.182536057000e-01,6.289554103000e-02
10.095,5.000000000000e-03,1.182634418000e-01,6.287171413000e-02
10.1,5.000000000000e-03,1.182716394000e-01,6.283898947000e-02
10.105,5.000000000000e-03,1.182781657000e-01,6.288102810000e-02
10.11,5.000000000000e-03,1.182830097000e-01,6.278904569000e-02
10.115,5.000000000000e-03,1.182862100000e-01,6.286091846000e-02
10.12,5.000000000000e-03,1.182877191000e-01,6.282453180000e-02
10.125,5.000000000000e-03,1.182874978000e-01,6.281238736000e-02
10.13,5.000000000000e-03,1.182855218000e-01,6.283796232000e-02
10.135,5.000000000000e-03,1.182817222000e-01,6.273414408000e-02
10.14,5.000000000000e-03,1.182761142000e-01,6.283430921000e-02
10.145,5.000000000000e-03,1.182687357000e-01,6.278449094000e-02
10.15,5.000000000000e-03,1.182595507000e-01,6.278989442000e-02
10.155,5.000000000000e-03,1.182485472000e-01,6.279924568000e-02
10.16,5.000000000000e-03,1.182357217000e-01,6.272663714000e-02
10.165,5.000000000000e-03,1.182210689000e-01,6.280897724000e-02
10.17,5.000000000000e-03,1.182045934000e-01,6.274596897000e-02
10.175,5.000000000000e-03,1.181863000000e-01,6.275711915000e-02
10.18,5.000000000000e-03,1.181661985000e-01,6.275301289000e-02
10.185,5.000000000000e-03,1.181442689000e-01,6.269965065000e-02
10.19,5.000000000000e-03,1.181204925000e-01,6.276571869000e-02
10.195,5.000000000000e-03,1.180948951000e-01,6.269155278000e-02
10.2,5.000000000000e-03,1.180674906000e-01,6.272811716000e-02
10.205,5.000000000000e-03,1.180382776000e-01,6.271070545000e-02
10.21,5.000000000000e-03,1.180072458000e-01,6.267240759000e-02
10.215,5.000000000000e-03,1.179743824000e-01,6.272122823000e-02
10.22,5.000000000000e-03,1.179396707000e-01,6.263476630000e-02
10.225,5.000000000000e-03,1.179031225000e-01,6.269355479000e-02
10.23,5.000000000000e-03,1.178647815000e-01,6.266284912000e-02
10.235,5.000000000000e-03,1.178246687000e-01,6.264198065000e-02
10.24,5.000000000000e-03,1.177828001000e-01,6.267507369000e-02
10.245,5.000000000000e-03,1.177391732000e-01,6.257661437000e-02
10.25,5.000000000000e-03,1.176938227000e-01,6.266399790000e-02
10.255,5.000000000000e-03,1.176467788000e-01,6.262096873000e-02
10.26,5.000000000000e-03,1.175980384000e-01,6.261821041000e-02
10.265,5.000000000000e-03,1.175476121000e-01,6.263579864000e-02
10.27,5.000000000000e-03,1.174954970000e-01,6.252668890000e-02
10.275,5.000000000000e-03,1.174416686000e-01,6.264413579000e-02
10.28,5.000000000000e-03,1.173861562000e-01,6.258698354000e-02
10.285,5.000000000000e-03,1.173289970000e-01,6.259870445000e-02
10.29,5.000000000000e-03,1.172702350000e-01,6.260109109000e-02
10.295,5.000000000000e-03,1.172098812000e-01,6.253158879000e-02
10.3,5.000000000000e-03,1.171479493000e-01,6.260635209000e-02
10.305,5.000000000000e-03,1.170844777000e-01,6.253791290000e-02
10.31,5.000000000000e-03,1.170195024000e-01,6.256648365000e-02
10.315,5.000000000000e-03,1.169530465000e-01,6.255658795000e-02
10.32,5.000000000000e-03,1.168851091000e-01,6.251363190000e-02
10.325,5.000000000000e-03,1.168156840000e-01,6.257140816000e-02
10.33,5.000000000000e-03,1.167447833000e-01,6.249051971000e-02
10.335,5.000000000000e-03,1.166724255000e-01,6.253255421000e-02
10.34,5.000000000000e-03,1.165986558000e-01,6.250898332000e-02
10.345,5.000000000000e-03,1.165235063000e-01,6.247103283000e-02
10.35,5.000000000000e-03,1.164469935000e-01,6.251416573000e-02
10.355,5.000000000000e-03,1.163691389000e-01,6.242369271000e-02
10.36,5.000000000000e-03,1.162899494000e-01,6.252860993000e-02
10.365,5.000000000000e-03,1.162094704000e-01,6.250000346000e-02
10.37,5.000000000000e-03,1.161277152000e-01,6.255948824000e-02
10.375,5.000000000000e-03,1.160447068000e-01,6.259514015000e-02
10.38,5.000000000000e-03,1.159604530000e-01,6.249819691000e-02
10.385,5.000000000000e-03,1.158749272000e-01,6.283847733000e-02
10.39,5.000000000000e-03,1.157881232000e-01,6.277245038000e-02
10.395,5.000000000000e-03,1.157000574000e-01,6.663300652000e-02
10.4,5.000000000000e-03,1.156107661000e-01,6.636554766000e-02
10.405,5.000000000000e-03,1.155207267000e-01,6.600320351000e-02
10.41,5.000000000000e-03,1.154295989000e-01,6.556969828000e-02
10.415,5.000000000000e-03,1.153374348000e-01,6.508163603000e-02
10.42,5.000000000000e-03,1.152443366000e-01,6.454808548000e-02
10.425,5.000000000000e-03,1.151499516000e-01,6.397535012000e-02
10.43,5.000000000000e-03,1.150545192000e-01,6.345291204000e-02
10.435,5.000000000000e-03,1.149579284000e-01,6.318593923000e-02
10.44,5.000000000000e-03,1.148601538000e-01,6.284593158000e-02
10.445,5.000000000000e-03,1.147613860000e-01,6.244547993000e-02
10.45,5.000000000000e-03,1.146614446000e-01,6.226346866000e-02
10.455,5.000000000000e-03,1.145608106000e-01,6.233664723000e-02
10.46,5.000000000000e-03,1.144593231000e-01,6.237491782000e-02
10.465,5.000000000000e-03,1.143568498000e-01,6.228031608000e-02
10.47,5.000000000000e-03,1.142534007000e-01,6.233359893000e-02
10.475,5.000000000000e-03,1.141489336000e-01,6.229824330000e-02
10.48,5.000000000000e-03,1.140436102000e-01,6.226686686000e-02
10.485,5.000000000000e-03,1.139373431000e-01,6.229670585000e-02
10.49,5.000000000000e-03,1.138300187000e-01,6.219619435000e-02
10.495,5.000000000000e-03,1.137219102000e-01,6.228714356000e-02
10.5,5.000000000000e-03,1.136128920000e-01,6.224067511000e-02
10.505,5.000000000000e-03,1.135028526000e-01,6.224023707000e-02
10.51,5.000000000000e-03,1.133918203000e-01,6.225496735000e-02
10.515,5.000000000000e-03,1.132798323000e-01,6.214340410000e-02
10.52,5.000000000000e-03,1.131670160000e-01,6.225887036000e-02
10.525,5.000000000000e-03,1.130532888000e-01,6.219992621000e-02
10.53,5.000000000000e-03,1.129386599000e-01,6.220693325000e-02
10.535,5.000000000000e-03,1.128231363000e-01,6.220729972000e-02
10.54,5.000000000000e-03,1.127067074000e-01,6.214671084000e-02
10.545,5.000000000000e-03,1.125893654000e-01,6.221674661000e-02
10.55,5.000000000000e-03,1.124710887000e-01,6.214557250000e-02
10.555,5.000000000000e-03,1.123518496000e-01,6.218083362000e-02
10.56,5.000000000000e-03,1.122316414000e-01,6.216685476000e-02
10.565,5.000000000000e-03,1.121105701000e-01,6.213035830000e-02
10.57,5.000000000000e-03,1.119885501000e-01,6.218336456000e-02
10.575,5.000000000000e-03,1.118655375000e-01,6.209998161000e-02
10.58,5.000000000000e-03,1.117418135000e-01,6.215244913000e-02
10.585,5.000000000000e-03,1.116171988000e-01,6.212538649000e-02
10.59,5.000000000000e-03,1.114916548000e-01,6.210610003000e-02
10.595,5.000000000000e-03,1.113651951000e-01,6.214294092000e-02
10.6,5.000000000000e-03,1.112378194000e-01,6.204805999000e-02
10.605,5.000000000000e-03,1.111095220000e-01,6.213088088000e-02
10.61,5.000000000000e-03,1.109802805000e-01,6.208974709000e-02
10.615,5.000000000000e-03,1.108501819000e-01,6.208826285000e-02
10.62,5.000000000000e-03,1.107191658000e-01,6.210879644000e-02
10.625,5.000000000000e-03,1.105872300000e-01,6.200185967000e-02
10.63,5.000000000000e-03,1.104543793000e-01,6.211263739000e-02
10.635,5.000000000000e-03,1.103206195000e-01,6.205786772000e-02
10.64,5.000000000000e-03,1.101858567000e-01,6.207336404000e-02
10.645,5.000000000000e-03,1.100501537000e-01,6.207756628000e-02
10.65,5.000000000000e-03,1.099134492000e-01,6.195821163000e-02
10.655,5.000000000000e-03,1.097758524000e-01,6.208167244000e-02
10.66,5.000000000000e-03,1.096373491000e-01,6.201433944000e-02
10.665,5.000000000000e-03,1.094978900000e-01,6.204090723000e-02
10.67,5.000000000000e-03,1.093575512000e-01,6.203167381000e-02
10.675,5.000000000000e-03,1.092163046000e-01,6.198871092000e-02
10.68,5.000000000000e-03,1.090741579000e-01,6.204742219000e-02
10.685,5.000000000000e-03,1.089311011000e-01,6.196806009000e-02
10.69,5.000000000000e-03,1.087871181000e-01,6.201008868000e-02
10.695,5.000000000000e-03,1.086422569000e-01,6.198724766000e-02
10.7,5.000000000000e-03,1.084965327000e-01,6.196089752000e-02
10.705,5.000000000000e-03,1.083499484000e-01,6.200276342000e-02
10.71,5.000000000000e-03,1.082025099000e-01,6.191159668000e-02
10.715,5.000000000000e-03,1.080542057000e-01,6.198502568000e-02
10.72,5.000000000000e-03,1.079050326000e-01,6.194817918000e-02
10.725,5.000000000000e-03,1.077549979000e-01,6.194138185000e-02
10.73,5.000000000000e-03,1.076041271000e-01,6.196642014000e-02
10.735,5.000000000000e-03,1.074523617000e-01,6.186303582000e-02
10.74,5.000000000000e-03,1.072999907000e-01,6.196610747000e-02
10.745,5.000000000000e-03,1.071468406000e-01,6.191430637000e-02
10.75,5.000000000000e-03,1.069929087000e-01,6.193053623000e-02
10.755,5.000000000000e-03,1.069129873000e-01,6.193583468000e-02
10.76,5.000000000000e-03,1.069522194000e-01,6.181698020000e-02
10.765,5.000000000000e-03,1.069900603000e-01,6.193635880000e-02
10.77,5.000000000000e-03,1.070264764000e-01,6.187424593000e-02
10.775,5.000000000000e-03,1.070615070000e-01,6.189520132000e-02
10.78,5.000000000000e-03,1.070951099000e-01,6.188848405000e-02
10.785,5.000000000000e-03,1.071271915000e-01,6.184321038000e-02
10.79,5.000000000000e-03,1.071580097000e-01,6.190451409000e-02
10.795,5.000000000000e-03,1.071874802000e-01,6.182711156000e-02
10.8,5.000000000000e-03,1.072155959000e-01,6.186757025000e-02
10.805,5.000000000000e-03,1.072423956000e-01,6.184649030000e-02
10.81,5.000000000000e-03,1.072678595000e-01,6.181758225000e-02
10.815,5.000000000000e-03,1.072920045000e-01,6.186153403000e-02
10.82,5.000000000000e-03,1.073148930000e-01,6.177181417000e-02
10.825,5.000000000000e-03,1.073363884000e-01,6.184391423000e-02
10.83,5.000000000000e-03,1.073566483000e-01,6.180820510000e-02
10.835,5.000000000000e-03,1.073754116000e-01,6.180283245000e-02
10.84,5.000000000000e-03,1.073929197000e-01,6.182803350000e-02
10.845,5.000000000000e-03,1.074090967000e-01,6.172480847000e-02
10.85,5.000000000000e-03,1.074240869000e-01,6.183010634000e-02
10.855,5.000000000000e-03,1.074401913000e-01,6.177897580000e-02
10.86,5.000000000000e-03,1.074560548000e-01,6.179355715000e-02
10.865,5.000000000000e-03,1.074707297000e-01,6.180049914000e-02
10.87,5.000000000000e-03,1.074844492000e-01,6.168406382000e-02
10.875,5.000000000000e-03,1.074969214000e-01,6.180163279000e-02
10.88,5.000000000000e-03,1.075081792000e-01,6.173659348000e-02
10.885,5.000000000000e-03,1.075182752000e-01,6.176099166000e-02
10.89,5.000000000000e-03,1.075273645000e-01,6.175265593000e-02
10.895,5.000000000000e-03,1.075349276000e-01,6.171434734000e-02
10.9,5.000000000000e-03,1.075414260000e-01,6.177209574000e-02
10.905,5.000000000000e-03,1.075466579000e-01,6.169276308000e-02
10.91,5.000000000000e-03,1.075508052000e-01,6.173501500000e-02
10.915,5.000000000000e-03,1.075538875000e-01,6.171130677000e-02
10.92,5.000000000000e-03,1.075558753000e-01,6.168981785000e-02
10.925,5.000000000000e-03,1.075567743000e-01,6.172783896000e-02
10.93,5.000000000000e-03,1.075566189000e-01,6.163613920000e-02
10.935,5.000000000000e-03,1.075554339000e-01,6.172064494000e-02
10.94,5.000000000000e-03,1.075531858000e-01,6.167956270000e-02
10.945,5.000000000000e-03,1.075498559000e-01,6.168236686000e-02
10.95,5.000000000000e-03,1.075454466000e-01,6.169954409000e-02
10.955,5.000000000000e-03,1.075399274000e-01,6.159047049000e-02
10.96,5.000000000000e-03,1.075332972000e-01,6.171157187000e-02
10.965,5.000000000000e-03,1.075256035000e-01,6.165384823000e-02
10.97,5.000000000000e-03,1.075168828000e-01,6.166036552000e-02
10.975,5.000000000000e-03,1.075071627000e-01,6.165930985000e-02
10.98,5.000000000000e-03,1.074964579000e-01,6.161307738000e-02
10.985,5.000000000000e-03,1.074847742000e-01,6.167760305000e-02
10.99,5.000000000000e-03,1.074721082000e-01,6.160346912000e-02
10.995,5.000000000000e-03,1.074584692000e-01,6.163983717000e-02
11,5.000000000000e-03,1.074438431000e-01,6.161958335000e-02
11.005,5.000000000000e-03,1.074282140000e-01,6.158983791000e-02
11.01,5.000000000000e-03,1.074115679000e-01,6.163104821000e-02
11.015,5.000000000000e-03,1.073938812000e-01,6.154001003000e-02
11.02,5.000000000000e-03,1.073751606000e-01,6.161662935000e-02
11.025,5.000000000000e-03,1.073554324000e-01,6.157683926000e-02
11.03,5.000000000000e-03,1.073347180000e-01,6.157507497000e-02
11.035,5.000000000000e-03,1.073130243000e-01,6.159151898000e-02
11.04,5.000000000000e-03,1.072903469000e-01,6.148235781000e-02
11.045,5.000000000000e-03,1.072666884000e-01,6.159348310000e-02
11.05,5.000000000000e-03,1.072420496000e-01,6.153272042000e-02
11.055,5.000000000000e-03,1.072164268000e-01,6.153249629000e-02
11.06,5.000000000000e-03,1.071898139000e-01,6.152634232000e-02
11.065,5.000000000000e-03,1.071622159000e-01,6.147370971000e-02
11.07,5.000000000000e-03,1.071336167000e-01,6.153049805000e-02
11.075,5.000000000000e-03,1.071040044000e-01,6.145041409000e-02
11.08,5.000000000000e-03,1.070733934000e-01,6.147374975000e-02
11.085,5.000000000000e-03,1.070417955000e-01,6.144560759000e-02
11.09,5.000000000000e-03,1.070092282000e-01,6.140855287000e-02
11.095,5.000000000000e-03,1.069756854000e-01,6.143811647000e-02
11.1,5.000000000000e-03,1.069411657000e-01,6.133759872000e-02
11.105,5.000000000000e-03,1.069056640000e-01,6.139998086000e-02
11.11,5.000000000000e-03,1.068691780000e-01,6.134859799000e-02
11.115,5.000000000000e-03,1.068316946000e-01,6.132524333000e-02
11.12,5.000000000000e-03,1.067932190000e-01,6.132680566000e-02
11.125,5.000000000000e-03,1.067537491000e-01,6.120391956000e-02
11.13,5.000000000000e-03,1.067132702000e-01,6.126912797000e-02
11.135,5.000000000000e-03,1.066717900000e-01,6.119434045000e-02
11.14,5.000000000000e-03,1.066293363000e-01,6.114908751000e-02
11.145,5.000000000000e-03,1.065859241000e-01,6.113708055000e-02
11.15,5.000000000000e-03,1.065415469000e-01,6.102405859000e-02
11.155,5.000000000000e-03,1.064962124000e-01,6.114080005000e-02
11.16,5.000000000000e-03,1.064499063000e-01,6.108666055000e-02
11.165,5.000000000000e-03,1.064026850000e-01,6.108060213000e-02
11.17,5.000000000000e-03,1.063545756000e-01,6.107299180000e-02
11.175,5.000000000000e-03,1.063055113000e-01,6.098463663000e-02
11.18,5.000000000000e-03,1.062554858000e-01,6.104896446000e-02
11.185,5.000000000000e-03,1.062044896000e-01,6.097674875000e-02
11.19,5.000000000000e-03,1.061525266000e-01,6.116370017000e-02
11.195,5.000000000000e-03,1.060996310000e-01,6.117814828000e-02
11.2,5.000000000000e-03,1.060457496000e-01,6.107325468000e-02
11.205,5.000000000000e-03,1.059909301000e-01,6.148069696000e-02
11.21,5.000000000000e-03,1.059351815000e-01,6.143735328000e-02
11.215,5.000000000000e-03,1.058784528000e-01,6.167426646000e-02
11.22,5.000000000000e-03,1.058208588000e-01,6.152266213000e-02
11.225,5.000000000000e-03,1.057623992000e-01,6.123834951000e-02
11.23,5.000000000000e-03,1.057030750000e-01,6.085155409000e-02
11.235,5.000000000000e-03,1.056428826000e-01,6.038291163000e-02
11.24,5.000000000000e-03,1.055818219000e-01,6.368487979000e-02
11.245,5.000000000000e-03,1.055198875000e-01,6.341095316000e-02
11.25,5.000000000000e-03,1.054570720000e-01,6.294095423000e-02
11.255,5.000000000000e-03,1.053933679000e-01,6.231987432000e-02
11.26,5.000000000000e-03,1.053287891000e-01,6.157764880000e-02
11.265,5.000000000000e-03,1.052633884000e-01,6.073737895000e-02
11.27,5.000000000000e-03,1.051971954000e-01,5.981321334000e-02
11.275,5.000000000000e-03,1.051302324000e-01,5.881809588000e-02
11.28,5.000000000000e-03,1.050625137000e-01,5.776102917000e-02
11.285,5.000000000000e-03,1.049940481000e-01,5.664928320000e-02
11.29,5.000000000000e-03,1.049248355000e-01,5.548984637000e-02
11.295,5.000000000000e-03,1.048548777000e-01,5.428599776000e-02
11.3,5.000000000000e-03,1.047841660000e-01,5.413389540000e-02
11.305,5.000000000000e-03,1.047126904000e-01,5.412718009000e-02
11.31,5.000000000000e-03,1.046404179000e-01,5.416201687000e-02
11.315,5.000000000000e-03,1.045672394000e-01,5.419588327000e-02
11.32,5.000000000000e-03,1.044934783000e-01,5.418469911000e-02
11.325,5.000000000000e-03,1.044191058000e-01,5.424945182000e-02
11.33,5.000000000000e-03,1.043439429000e-01,5.423300555000e-02
11.335,5.000000000000e-03,1.042680457000e-01,5.429810544000e-02
11.34,5.000000000000e-03,1.041914619000e-01,5.432031543000e-02
11.345,5.000000000000e-03,1.041143404000e-01,5.432338195000e-02
11.35,5.000000000000e-03,1.040367647000e-01,5.436369117000e-02
11.355,5.000000000000e-03,1.039590452000e-01,5.432677405000e-02
11.36,5.000000000000e-03,1.038807770000e-01,5.440039520000e-02
11.365,5.000000000000e-03,1.038019206000e-01,5.439991559000e-02
11.37,5.000000000000e-03,1.037225985000e-01,5.442052567000e-02
11.375,5.000000000000e-03,1.036427188000e-01,5.445380242000e-02
11.38,5.000000000000e-03,1.035628276000e-01,5.442156517000e-02
11.385,5.000000000000e-03,1.034817176000e-01,5.447865330000e-02
11.39,5.000000000000e-03,1.034003362000e-01,5.445395578000e-02
11.395,5.000000000000e-03,1.033180571000e-01,5.447707984000e-02
11.4,5.000000000000e-03,1.032355803000e-01,5.448450088000e-02
11.405,5.000000000000e-03,1.031525345000e-01,5.443228897000e-02
11.41,5.000000000000e-03,1.030690980000e-01,5.446144201000e-02
11.415,5.000000000000e-03,1.029851976000e-01,5.444628438000e-02
11.42,5.000000000000e-03,1.029008302000e-01,5.446035119000e-02
11.425,5.000000000000e-03,1.028159870000e-01,5.447790022000e-02
11.43,5.000000000000e-03,1.027306650000e-01,5.449262437000e-02
11.435,5.000000000000e-03,1.026448411000e-01,5.449700421000e-02
11.44,5.000000000000e-03,1.025584913000e-01,5.446620173000e-02
11.445,5.000000000000e-03,1.024715866000e-01,5.446558681000e-02
11.45,5.000000000000e-03,1.023840853000e-01,5.445026289000e-02
11.455,5.000000000000e-03,1.022959818000e-01,5.442209545000e-02
11.46,5.000000000000e-03,1.022073626000e-01,5.440953606000e-02
11.465,5.000000000000e-03,1.021183085000e-01,5.436203044000e-02
11.47,5.000000000000e-03,1.020287848000e-01,5.430227426000e-02
11.475,5.000000000000e-03,1.019387978000e-01,5.422608265000e-02
11.48,5.000000000000e-03,1.018483526000e-01,5.416114049000e-02
11.485,5.000000000000e-03,1.017574388000e-01,5.408217175000e-02
11.49,5.000000000000e-03,1.016660341000e-01,5.397665185000e-02
11.495,5.000000000000e-03,1.015740596000e-01,5.388533810000e-02
11.5,5.000000000000e-03,1.014817004000e-01,5.380695226000e-02
11.505,5.000000000000e-03,1.013889121000e-01,5.374643460000e-02
11.51,5.000000000000e-03,1.012955130000e-01,5.371468961000e-02
11.515,5.000000000000e-03,1.012014599000e-01,5.373143292000e-02
11.52,5.000000000000e-03,1.011068806000e-01,5.372568964000e-02
11.525,5.000000000000e-03,1.010117580000e-01,5.367866556000e-02
11.53,5.000000000000e-03,1.009161116000e-01,5.367879496000e-02
11.535,5.000000000000e-03,1.008199626000e-01,5.372954029000e-02
11.54,5.000000000000e-03,1.007233044000e-01,5.384229501000e-02
11.545,5.000000000000e-03,1.006261386000e-01,5.423539757000e-02
11.55,5.000000000000e-03,1.005284556000e-01,5.450989474000e-02
11.555,5.000000000000e-03,1.004302439000e-01,5.470520258000e-02
11.56,5.000000000000e-03,1.003314871000e-01,5.482036999000e-02
11.565,5.000000000000e-03,1.002321650000e-01,5.477936080000e-02
11.57,5.000000000000e-03,1.001322543000e-01,5.463670045000e-02
11.575,5.000000000000e-03,1.000317235000e-01,5.439770705000e-02
11.58,5.000000000000e-03,9.993056694000e-02,5.407784455000e-02
11.585,5.000000000000e-03,9.982884583000e-02,5.369482935000e-02
11.59,5.000000000000e-03,9.972652193000e-02,5.327173306000e-02
11.595,5.000000000000e-03,9.962360981000e-02,5.281022494000e-02
11.6,5.000000000000e-03,9.952012031000e-02,5.228246852000e-02
11.605,5.000000000000e-03,9.941607197000e-02,5.184987735000e-02
11.61,5.000000000000e-03,9.931146835000e-02,5.165623277000e-02
11.615,5.000000000000e-03,9.920631814000e-02,5.281461879000e-02
11.62,5.000000000000e-03,9.910063099000e-02,5.259919309000e-02
11.625,5.000000000000e-03,9.899439031000e-02,5.238382917000e-02
11.63,5.000000000000e-03,9.888758759000e-02,5.236481382000e-02
11.635,5.000000000000e-03,9.878019928000e-02,5.244322325000e-02
11.64,5.000000000000e-03,9.867222651000e-02,5.247861202000e-02
11.645,5.000000000000e-03,9.856368404000e-02,5.246202406000e-02
11.65,5.000000000000e-03,9.845456781000e-02,5.239960243000e-02
11.655,5.000000000000e-03,9.834491827000e-02,5.228865396000e-02
11.66,5.000000000000e-03,9.823470107000e-02,5.212539608000e-02
11.665,5.000000000000e-03,9.812391485000e-02,5.191888778000e-02
11.67,5.000000000000e-03,9.801258105000e-02,5.165810309000e-02
11.675,5.000000000000e-03,9.790070543000e-02,5.135766118000e-02
11.68,5.000000000000e-03,9.778830745000e-02,5.101804789000e-02
11.685,5.000000000000e-03,9.767540341000e-02,5.063196501000e-02
11.69,5.000000000000e-03,9.756199965000e-02,5.021236021000e-02
11.695,5.000000000000e-03,9.744811242000e-02,4.985881869000e-02
11.7,5.000000000000e-03,9.733372085000e-02,4.944531311000e-02
11.705,5.000000000000e-03,9.723577228000e-02,4.895006058000e-02
11.71,5.000000000000e-03,9.725808143000e-02,4.859195985000e-02
11.715,5.000000000000e-03,9.727955257000e-02,4.833896604000e-02
11.72,5.000000000000e-03,9.730017619000e-02,4.800043239000e-02
11.725,5.000000000000e-03,9.731995756000e-02,4.763065114000e-02
11.73,5.000000000000e-03,9.733897293000e-02,4.718515086000e-02
11.735,5.000000000000e-03,9.735728214000e-02,4.665140791000e-02
11.74,5.000000000000e-03,9.737481181000e-02,4.599731872000e-02
11.745,5.000000000000e-03,9.739142276000e-02,4.527397229000e-02
11.75,5.000000000000e-03,9.740721989000e-02,4.450687822000e-02
11.755,5.000000000000e-03,9.742222075000e-02,4.369365137000e-02
11.76,5.000000000000e-03,9.743646754000e-02,4.284596572000e-02
11.765,5.000000000000e-03,9.744994345000e-02,4.215066463000e-02
11.77,5.000000000000e-03,9.746273380000e-02,4.148093613000e-02
11.775,5.000000000000e-03,9.747476501000e-02,4.082715085000e-02
11.78,5.000000000000e-03,9.748608949000e-02,4.019186409000e-02
11.785,5.000000000000e-03,9.749668895000e-02,4.103728184000e-02
11.79,5.000000000000e-03,9.750657833000e-02,4.044132822000e-02
11.795,5.000000000000e-03,9.751575993000e-02,3.984442203000e-02
11.8,5.000000000000e-03,9.752420537000e-02,3.926368590000e-02
11.805,5.000000000000e-03,9.753192636000e-02,3.867907414000e-02
11.81,5.000000000000e-03,9.753884138000e-02,3.811339202000e-02
11.815,5.000000000000e-03,9.754497948000e-02,3.754104192000e-02
11.82,5.000000000000e-03,9.755033072000e-02,3.698739728000e-02
11.825,5.000000000000e-03,9.755513309000e-02,3.642418968000e-02
11.83,5.000000000000e-03,9.755932724000e-02,3.588169759000e-02
11.835,5.000000000000e-03,9.756293341000e-02,3.532632335000e-02
11.84,5.000000000000e-03,9.756593268000e-02,3.479290944000e-02
11.845,5.000000000000e-03,9.756835095000e-02,3.424032398000e-02
11.85,5.000000000000e-03,9.757011133000e-02,3.371402875000e-02
11.855,5.000000000000e-03,9.757132162000e-02,3.316261865000e-02
11.86,5.000000000000e-03,9.757182372000e-02,3.264238679000e-02
11.865,5.000000000000e-03,9.757175595000e-02,3.209095577000e-02
11.87,5.000000000000e-03,9.757097464000e-02,3.157416425000e-02
11.875,5.000000000000e-03,9.756960818000e-02,3.103308968000e-02
11.88,5.000000000000e-03,9.756749059000e-02,3.065800646000e-02
11.885,5.000000000000e-03,9.756477562000e-02,3.023778497000e-02
11.89,5.000000000000e-03,9.756147014000e-02,2.980169743000e-02
11.895,5.000000000000e-03,9.755748994000e-02,2.936267174000e-02
11.9,5.000000000000e-03,9.755292640000e-02,2.890656960000e-02
11.905,5.000000000000e-03,9.754773819000e-02,2.843815353000e-02
11.91,5.000000000000e-03,9.754196530000e-02,2.794129051000e-02
11.915,5.000000000000e-03,9.753558736000e-02,2.743655583000e-02
11.92,5.000000000000e-03,9.752859962000e-02,2.690920236000e-02
11.925,5.000000000000e-03,9.752107893000e-02,2.636073868000e-02
11.93,5.000000000000e-03,9.751288613000e-02,2.581250006000e-02
11.935,5.000000000000e-03,9.750405639000e-02,2.524598624000e-02
11.94,5.000000000000e-03,9.749458328000e-02,2.467806181000e-02
11.945,5.000000000000e-03,9.748440719000e-02,2.409464295000e-02
11.95,5.000000000000e-03,9.747354710000e-02,2.349526810000e-02
11.955,5.000000000000e-03,9.746205610000e-02,2.298008173000e-02
11.96,5.000000000000e-03,9.744995343000e-02,2.867143185000e-02
11.965,5.000000000000e-03,9.743727176000e-02,2.910978666000e-02
11.97,5.000000000000e-03,9.742407567000e-02,2.102738935000e-02
11.975,5.000000000000e-03,9.741030331000e-02,2.041188638000e-02
11.98,5.000000000000e-03,9.739592914000e-02,1.980816960000e-02
11.985,5.000000000000e-03,9.738099131000e-02,1.922033458000e-02
11.99,5.000000000000e-03,9.736548882000e-02,1.870623462000e-02
11.995,5.000000000000e-03,9.734939248000e-02,1.820675684000e-02
12,5.000000000000e-03,9.733270230000e-02,1.771979661000e-02
12.005,5.000000000000e-03,9.731541032000e-02,1.724840396000e-02
12.01,5.000000000000e-03,9.729751988000e-02,1.679381602000e-02
12.015,5.000000000000e-03,9.727900099000e-02,1.635591539000e-02
12.02,5.000000000000e-03,9.725984218000e-02,1.593327149000e-02
12.025,5.000000000000e-03,9.724009155000e-02,1.552475175000e-02
12.03,5.000000000000e-03,9.721978179000e-02,1.556894689000e-02
12.035,5.000000000000e-03,9.719893632000e-02,1.520467810000e-02
12.04,5.000000000000e-03,9.717756049000e-02,1.484108099000e-02
12.045,5.000000000000e-03,9.715564647000e-02,1.447841635000e-02
12.05,5.000000000000e-03,9.713320466000e-02,1.411715609000e-02
12.055,5.000000000000e-03,9.711023845000e-02,1.471604364000e-02
12.06,5.000000000000e-03,9.708673473000e-02,1.437032064000e-02
12.065,5.000000000000e-03,9.706267777000e-02,1.403156534000e-02
12.07,5.000000000000e-03,9.703805439000e-02,1.369932090000e-02
12.075,5.000000000000e-03,9.701285943000e-02,1.337305408000e-02
12.08,5.000000000000e-03,9.698709967000e-02,1.305240216000e-02
12.085,5.000000000000e-03,9.696079042000e-02,1.273697761000e-02
12.09,5.000000000000e-03,9.693394239000e-02,1.242637478000e-02
12.095,5.000000000000e-03,9.690656997000e-02,1.212032209000e-02
12.1,5.000000000000e-03,9.687869584000e-02,1.181856072000e-02
12.105,5.000000000000e-03,9.685031229000e-02,1.160358466000e-02
12.11,5.000000000000e-03,9.682142793000e-02,1.160020484000e-02
12.115,5.000000000000e-03,9.679205400000e-02,1.159698548000e-02
12.12,5.000000000000e-03,9.676219520000e-02,1.159359568000e-02
12.125,5.000000000000e-03,9.673185070000e-02,1.159006215000e-02
12.13,5.000000000000e-03,9.670101344000e-02,1.158635738000e-02
12.135,5.000000000000e-03,9.666967524000e-02,1.158249859000e-02
12.14,5.000000000000e-03,9.663783665000e-02,1.157844463000e-02
12.145,5.000000000000e-03,9.660549738000e-02,1.157419438000e-02
12.15,5.000000000000e-03,9.657265752000e-02,1.156971687000e-02
12.155,5.000000000000e-03,9.653931830000e-02,1.156501444000e-02
12.16,5.000000000000e-03,9.650549151000e-02,1.156007490000e-02
12.165,5.000000000000e-03,9.647118067000e-02,1.155490796000e-02
12.17,5.000000000000e-03,9.643639628000e-02,1.154951143000e-02
12.175,5.000000000000e-03,9.640114607000e-02,1.154388593000e-02
12.18,5.000000000000e-03,9.636543248000e-02,1.153790926000e-02
12.185,5.000000000000e-03,9.632925682000e-02,1.153190318000e-02
12.19,5.000000000000e-03,9.629261406000e-02,1.152568958000e-02
12.195,5.000000000000e-03,9.625549988000e-02,1.151925506000e-02
12.2,5.000000000000e-03,9.621789818000e-02,1.151266418000e-02
12.205,5.000000000000e-03,9.617978719000e-02,1.150596369000e-02
12.21,5.000000000000e-03,9.614117232000e-02,1.149918066000e-02
12.215,5.000000000000e-03,9.610206160000e-02,1.149232843000e-02
12.22,5.000000000000e-03,9.606245005000e-02,1.148541275000e-02
12.225,5.000000000000e-03,9.602227991000e-02,1.147844199000e-02
12.23,5.000000000000e-03,9.598170336000e-02,1.147142888000e-02
12.235,5.000000000000e-03,9.594066817000e-02,1.146438826000e-02
12.24,5.000000000000e-03,9.589926122000e-02,1.145733329000e-02
12.245,5.000000000000e-03,9.585749124000e-02,1.145028029000e-02
12.25,5.000000000000e-03,9.581524585000e-02,1.144322664000e-02
12.255,5.000000000000e-03,9.577251083000e-02,1.143616410000e-02
12.26,5.000000000000e-03,9.572927252000e-02,1.142900095000e-02
12.265,5.000000000000e-03,9.568546814000e-02,1.142204162000e-02
12.27,5.000000000000e-03,9.564121445000e-02,1.141514044000e-02
12.275,5.000000000000e-03,9.559666300000e-02,1.140821796000e-02
12.28,5.000000000000e-03,9.555161729000e-02,1.140129054000e-02
12.285,5.000000000000e-03,9.550608007000e-02,1.139437286000e-02
12.29,5.000000000000e-03,9.546005538000e-02,1.138746887000e-02
12.295,5.000000000000e-03,9.541352590000e-02,1.138056901000e-02
12.3,5.000000000000e-03,9.536644880000e-02,1.137365067000e-02
12.305,5.000000000000e-03,9.531880654000e-02,1.136669826000e-02
12.31,5.000000000000e-03,9.527061174000e-02,1.135971410000e-02
12.315,5.000000000000e-03,9.522196536000e-02,1.135268713000e-02
12.32,5.000000000000e-03,9.517281859000e-02,1.134563521000e-02
12.325,5.000000000000e-03,9.512315687000e-02,1.133856300000e-02
12.33,5.000000000000e-03,9.507297138000e-02,1.133147268000e-02
12.335,5.000000000000e-03,9.502223589000e-02,1.132438152000e-02
12.34,5.000000000000e-03,9.497091192000e-02,1.131727165000e-02
12.345,5.000000000000e-03,9.491909394000e-02,1.131012977000e-02
12.35,5.000000000000e-03,9.486707661000e-02,1.130286281000e-02
12.355,5.000000000000e-03,9.481461838000e-02,1.129583045000e-02
12.36,5.000000000000e-03,9.476163526000e-02,1.128884572000e-02
12.365,5.000000000000e-03,9.470822634000e-02,1.128178106000e-02
12.37,5.000000000000e-03,9.465438932000e-02,1.127472073000e-02
12.375,5.000000000000e-03,9.459984742000e-02,1.126771109000e-02
12.38,5.000000000000e-03,9.454482258000e-02,1.126076348000e-02
12.385,5.000000000000e-03,9.448927016000e-02,1.125388222000e-02
12.39,5.000000000000e-03,9.443323562000e-02,1.124706728000e-02
12.395,5.000000000000e-03,9.437671217000e-02,1.124032191000e-02
12.4,5.000000000000e-03,9.431970166000e-02,1.123365294000e-02
12.405,5.000000000000e-03,9.426220638000e-02,1.122700424000e-02
12.41,5.000000000000e-03,9.420423417000e-02,1.122050798000e-02
12.415,5.000000000000e-03,9.414579037000e-02,1.121403568000e-02
12.42,5.000000000000e-03,9.408687141000e-02,1.120771390000e-02
12.425,5.000000000000e-03,9.402754947000e-02,1.120143642000e-02
12.43,5.000000000000e-03,9.396776764000e-02,1.119527139000e-02
12.435,5.000000000000e-03,9.390750024000e-02,1.118916540000e-02
12.44,5.000000000000e-03,9.384671035000e-02,1.118313389000e-02
12.445,5.000000000000e-03,9.378540641000e-02,1.117715148000e-02
12.45,5.000000000000e-03,9.372364191000e-02,1.117119245000e-02
12.455,5.000000000000e-03,9.366145491000e-02,1.116520411000e-02
12.46,5.000000000000e-03,9.359886227000e-02,1.115949098000e-02
12.465,5.000000000000e-03,9.353587587000e-02,1.115369510000e-02
12.47,5.000000000000e-03,9.347250599000e-02,1.114784487000e-02
12.475,5.000000000000e-03,9.340875986000e-02,1.114192759000e-02
12.48,5.000000000000e-03,9.334463667000e-02,1.113600865000e-02
12.485,5.000000000000e-03,9.328012038000e-02,1.113004809000e-02
12.49,5.000000000000e-03,9.321521823000e-02,1.112403839000e-02
12.495,5.000000000000e-03,9.315001273000e-02,1.111795895000e-02
12.5,5.000000000000e-03,9.308454828000e-02,1.111179248000e-02
12.505,5.000000000000e-03,9.301869334000e-02,1.110552711000e-02
12.51,5.000000000000e-03,9.295242726000e-02,1.109915329000e-02
12.515,5.000000000000e-03,9.288576483000e-02,1.109266165000e-02
12.52,5.000000000000e-03,9.281874060000e-02,1.108604434000e-02
12.525,5.000000000000e-03,9.275137963000e-02,1.107929127000e-02
12.53,5.000000000000e-03,9.268369179000e-02,1.107238644000e-02
12.535,5.000000000000e-03,9.261568503000e-02,1.106530641000e-02
12.54,5.000000000000e-03,9.254736808000e-02,1.105805763000e-02
12.545,5.000000000000e-03,9.247874669000e-02,1.105065290000e-02
12.55,5.000000000000e-03,9.240982576000e-02,1.104308456000e-02
12.555,5.000000000000e-03,9.234060493000e-02,1.103534297000e-02
12.56,5.000000000000e-03,9.227106652000e-02,1.102742084000e-02
12.565,5.000000000000e-03,9.220124565000e-02,1.101930619000e-02
12.57,5.000000000000e-03,9.213110936000e-02,1.101099819000e-02
12.575,5.000000000000e-03,9.206063694000e-02,1.100243402000e-02
12.58,5.000000000000e-03,9.198981909000e-02,1.099390845000e-02
12.585,5.000000000000e-03,9.191868123000e-02,1.098516011000e-02
12.59,5.000000000000e-03,9.184724352000e-02,1.097620302000e-02
12.595,5.000000000000e-03,9.177551411000e-02,1.096707369000e-02
12.6,5.000000000000e-03,9.170349177000e-02,1.095778580000e-02
12.605,5.000000000000e-03,9.163117300000e-02,1.094834174000e-02
12.61,5.000000000000e-03,9.155855006000e-02,1.093874236000e-02
12.615,5.000000000000e-03,9.148561084000e-02,1.092899345000e-02
12.62,5.000000000000e-03,9.141234503000e-02,1.091910494000e-02
12.625,5.000000000000e-03,9.133875546000e-02,1.090908871000e-02
12.63,5.000000000000e-03,9.126483907000e-02,1.089895876000e-02
12.635,5.000000000000e-03,9.119058732000e-02,1.088872834000e-02
12.64,5.000000000000e-03,9.111598707000e-02,1.087841429000e-02
12.645,5.000000000000e-03,9.104104812000e-02,1.086803715000e-02
12.65,5.000000000000e-03,9.096575141000e-02,1.085845176000e-02
12.655,5.000000000000e-03,9.089010517000e-02,1.088326313000e-02
12.66,5.000000000000e-03,9.081411293000e-02,1.090671233000e-02
12.665,5.000000000000e-03,9.073777434000e-02,1.092744473000e-02
12.67,5.000000000000e-03,9.066108536000e-02,1.095319277000e-02
12.675,5.000000000000e-03,9.058404958000e-02,1.097578930000e-02
12.68,5.000000000000e-03,9.050667332000e-02,1.100007678000e-02
12.685,5.000000000000e-03,9.042895299000e-02,1.102450963000e-02
12.69,5.000000000000e-03,9.035083032000e-02,1.104574518000e-02
12.695,5.000000000000e-03,9.027229049000e-02,1.107132180000e-02
12.7,5.000000000000e-03,9.019334822000e-02,1.109420783000e-02
12.705,5.000000000000e-03,9.011399278000e-02,1.111397572000e-02
12.71,5.000000000000e-03,9.003421104000e-02,1.113752430000e-02
12.715,5.000000000000e-03,8.995399060000e-02,1.115886830000e-02
12.72,5.000000000000e-03,8.987333994000e-02,1.117702268000e-02
12.725,5.000000000000e-03,8.979227043000e-02,1.119951284000e-02
12.73,5.000000000000e-03,8.971079961000e-02,1.121936018000e-02
12.735,5.000000000000e-03,8.962891116000e-02,1.123601120000e-02
12.74,5.000000000000e-03,8.954660008000e-02,1.125169945000e-02
12.745,5.000000000000e-03,8.946386695000e-02,1.127037353000e-02
12.75,5.000000000000e-03,8.938071111000e-02,1.128590436000e-02
12.755,5.000000000000e-03,8.929712427000e-02,1.129841368000e-02
12.76,5.000000000000e-03,8.921310562000e-02,1.131615767000e-02
12.765,5.000000000000e-03,8.919538281000e-02,1.133077295000e-02
12.77,5.000000000000e-03,8.921575377000e-02,1.134227035000e-02
12.775,5.000000000000e-03,8.923558504000e-02,1.135932633000e-02
12.78,5.000000000000e-03,8.925488401000e-02,1.137336944000e-02
12.785,5.000000000000e-03,8.927364826000e-02,1.138426631000e-02
12.79,5.000000000000e-03,8.929188801000e-02,1.139903941000e-02
12.795,5.000000000000e-03,8.930960078000e-02,1.141251234000e-02
12.8,5.000000000000e-03,8.932678679000e-02,1.142285287000e-02
12.805,5.000000000000e-03,8.934344549000e-02,1.143862334000e-02
12.81,5.000000000000e-03,8.935957345000e-02,1.145163604000e-02
12.815,5.000000000000e-03,8.937516377000e-02,1.146395850000e-02
12.82,5.000000000000e-03,8.939020115000e-02,1.147953751000e-02
12.825,5.000000000000e-03,8.940468186000e-02,1.149195446000e-02
12.83,5.000000000000e-03,8.941860760000e-02,1.150367091000e-02
12.835,5.000000000000e-03,8.943198580000e-02,1.151862509000e-02
12.84,5.000000000000e-03,8.944483098000e-02,1.153047813000e-02
12.845,5.000000000000e-03,8.945716188000e-02,1.154579836000e-02
12.85,5.000000000000e-03,8.946897894000e-02,1.155988010000e-02
12.855,5.000000000000e-03,8.948028268000e-02,1.157362908000e-02
12.86,5.000000000000e-03,8.949107529000e-02,1.158950178000e-02
12.865,5.000000000000e-03,8.950136059000e-02,1.160217176000e-02
12.87,5.000000000000e-03,8.951115109000e-02,1.161780123000e-02
12.875,5.000000000000e-03,8.952046193000e-02,1.163250218000e-02
12.88,5.000000000000e-03,8.952930365000e-02,1.164725503000e-02
12.885,5.000000000000e-03,8.953768659000e-02,1.166375103000e-02
12.89,5.000000000000e-03,8.954561255000e-02,1.167698906000e-02
12.895,5.000000000000e-03,8.955306738000e-02,1.169288778000e-02
12.9,5.000000000000e-03,8.956004592000e-02,1.170793763000e-02
12.905,5.000000000000e-03,8.956655032000e-02,1.171973344000e-02
12.91,5.000000000000e-03,8.957259372000e-02,1.173300497000e-02
12.915,5.000000000000e-03,8.957818961000e-02,1.174654826000e-02
12.92,5.000000000000e-03,8.958334197000e-02,1.175679640000e-02
12.925,5.000000000000e-03,8.958805250000e-02,1.176374189000e-02
12.93,5.000000000000e-03,8.959232140000e-02,1.177595157000e-02
12.935,5.000000000000e-03,8.959614528000e-02,1.178512288000e-02
12.94,5.000000000000e-03,8.959951154000e-02,1.179109051000e-02
12.945,5.000000000000e-03,8.960239994000e-02,1.180035014000e-02
12.95,5.000000000000e-03,8.960478709000e-02,1.180884324000e-02
12.955,5.000000000000e-03,8.960676242000e-02,1.181411298000e-02
12.96,5.000000000000e-03,8.960839105000e-02,1.182194863000e-02
12.965,5.000000000000e-03,8.960967710000e-02,1.182929183000e-02
12.97,5.000000000000e-03,8.961055957000e-02,1.183343196000e-02
12.975,5.000000000000e-03,8.961114552000e-02,1.184215532000e-02
12.98,5.000000000000e-03,8.961146192000e-02,1.185392943000e-02
12.985,5.000000000000e-03,8.961138354000e-02,1.186737244000e-02
12.99,5.000000000000e-03,8.961094809000e-02,1.188111372000e-02
12.995,5.000000000000e-03,8.961014963000e-02,1.189621296000e-02
13,5.000000000000e-03,8.960915662000e-02,1.190801428000e-02
13.005,5.000000000000e-03,8.960761218000e-02,1.192483650000e-02
13.01,5.000000000000e-03,8.960578928000e-02,1.194818684000e-02
13.015,5.000000000000e-03,8.960348577000e-02,1.196816719000e-02
13.02,5.000000000000e-03,8.960077808000e-02,1.198457412000e-02
13.025,5.000000000000e-03,8.959761667000e-02,1.199741805000e-02
13.03,5.000000000000e-03,8.959411237000e-02,1.200671542000e-02
13.035,5.000000000000e-03,8.959017313000e-02,1.201249910000e-02
13.04,5.000000000000e-03,8.958590165000e-02,1.201480092000e-02
13.045,5.000000000000e-03,8.958123194000e-02,1.201369255000e-02
13.05,5.000000000000e-03,8.957619509000e-02,1.200921073000e-02
13.055,5.000000000000e-03,8.957081502000e-02,1.200140131000e-02
13.06,5.000000000000e-03,8.956504019000e-02,1.199030987000e-02
13.065,5.000000000000e-03,8.955893543000e-02,1.197599718000e-02
13.07,5.000000000000e-03,8.955244225000e-02,1.195849566000e-02
13.075,5.000000000000e-03,8.954555984000e-02,1.196307575000e-02
13.08,5.000000000000e-03,8.953834646000e-02,1.197225129000e-02
13.085,5.000000000000e-03,8.953070398000e-02,1.198138845000e-02
13.09,5.000000000000e-03,8.952262586000e-02,1.198713390000e-02
13.095,5.000000000000e-03,8.951413644000e-02,1.198951232000e-02
13.1,5.000000000000e-03,8.950523075000e-02,1.199227308000e-02
13.105,5.000000000000e-03,8.949591222000e-02,1.199729082000e-02
13.11,5.000000000000e-03,8.948620319000e-02,1.199888105000e-02
13.115,5.000000000000e-03,8.947615139000e-02,1.199705002000e-02
13.12,5.000000000000e-03,8.946569123000e-02,1.199777618000e-02
13.125,5.000000000000e-03,8.945481680000e-02,1.199831143000e-02
13.13,5.000000000000e-03,8.944355684000e-02,1.199539347000e-02
13.135,5.000000000000e-03,8.943192949000e-02,1.199080435000e-02
13.14,5.000000000000e-03,8.941989636000e-02,1.199013432000e-02
13.145,5.000000000000e-03,8.940744084000e-02,1.198601831000e-02
13.15,5.000000000000e-03,8.939457266000e-02,1.197854071000e-02
13.155,5.000000000000e-03,8.938130367000e-02,1.197503958000e-02
13.16,5.000000000000e-03,8.936760024000e-02,1.196988213000e-02
13.165,5.000000000000e-03,8.935343307000e-02,1.196134754000e-02
13.17,5.000000000000e-03,8.933881818000e-02,1.195554837000e-02
13.175,5.000000000000e-03,8.932376606000e-02,1.194915980000e-02
13.18,5.000000000000e-03,8.930830538000e-02,1.193946379000e-02
13.185,5.000000000000e-03,8.929242876000e-02,1.193276802000e-02
13.19,5.000000000000e-03,8.927611402000e-02,1.192561348000e-02
13.195,5.000000000000e-03,8.925937737000e-02,1.191515693000e-02
13.2,5.000000000000e-03,8.924222163000e-02,1.190820613000e-02
13.205,5.000000000000e-03,8.922463764000e-02,1.190042578000e-02
13.21,5.000000000000e-03,8.920660792000e-02,1.188939208000e-02
13.215,5.000000000000e-03,8.918805794000e-02,1.188391071000e-02
13.22,5.000000000000e-03,8.916919609000e-02,1.187571429000e-02
13.225,5.000000000000e-03,8.914999290000e-02,1.186639549000e-02
13.23,5.000000000000e-03,8.913032884000e-02,1.186122458000e-02
13.235,5.000000000000e-03,8.911017399000e-02,1.185270320000e-02
13.24,5.000000000000e-03,8.908958042000e-02,1.184343804000e-02
13.245,5.000000000000e-03,8.906857851000e-02,1.183755535000e-02
13.25,5.000000000000e-03,8.904724873000e-02,1.182827874000e-02
13.255,5.000000000000e-03,8.902548431000e-02,1.182070608000e-02
13.26,5.000000000000e-03,8.900328200000e-02,1.181393114000e-02
13.265,5.000000000000e-03,8.898065074000e-02,1.180370934000e-02
13.27,5.000000000000e-03,8.895757894000e-02,1.179252093000e-02
13.275,5.000000000000e-03,8.893408193000e-02,1.178435689000e-02
13.28,5.000000000000e-03,8.891020967000e-02,1.177268007000e-02
13.285,5.000000000000e-03,8.888591603000e-02,1.175908703000e-02
13.29,5.000000000000e-03,8.886119460000e-02,1.174893792000e-02
13.295,5.000000000000e-03,8.883603640000e-02,1.173523758000e-02
13.3,5.000000000000e-03,8.881043458000e-02,1.171800646000e-02
13.305,5.000000000000e-03,8.878437447000e-02,1.170346552000e-02
13.31,5.000000000000e-03,8.875784606000e-02,1.168774831000e-02
13.315,5.000000000000e-03,8.873086128000e-02,1.166852091000e-02
13.32,5.000000000000e-03,8.870355719000e-02,1.164585504000e-02
13.325,5.000000000000e-03,8.867589807000e-02,1.162828358000e-02
13.33,5.000000000000e-03,8.864785581000e-02,1.160761166000e-02
13.335,5.000000000000e-03,8.861942623000e-02,1.158356545000e-02
13.34,5.000000000000e-03,8.859061109000e-02,1.155742953000e-02
13.345,5.000000000000e-03,8.856140581000e-02,1.153582952000e-02
13.35,5.000000000000e-03,8.853181135000e-02,1.151097295000e-02
13.355,5.000000000000e-03,8.850182507000e-02,1.148280252000e-02
13.36,5.000000000000e-03,8.847144478000e-02,1.145152470000e-02
13.365,5.000000000000e-03,8.844066891000e-02,1.142192750000e-02
13.37,5.000000000000e-03,8.840949160000e-02,1.139324569000e-02
13.375,5.000000000000e-03,8.837790896000e-02,1.136202810000e-02
13.38,5.000000000000e-03,8.834591648000e-02,1.132778718000e-02
13.385,5.000000000000e-03,8.831358008000e-02,1.129944084000e-02
13.39,5.000000000000e-03,8.828086970000e-02,1.126914697000e-02
13.395,5.000000000000e-03,8.824779311000e-02,1.123878193000e-02
13.4,5.000000000000e-03,8.821436150000e-02,1.121260373000e-02
13.405,5.000000000000e-03,8.818058031000e-02,1.118329381000e-02
13.41,5.000000000000e-03,8.814645342000e-02,1.115652548000e-02
13.415,5.000000000000e-03,8.811197441000e-02,1.113058331000e-02
13.42,5.000000000000e-03,8.807713739000e-02,1.110137968000e-02
13.425,5.000000000000e-03,8.804194418000e-02,1.106894208000e-02
13.43,5.000000000000e-03,8.800637566000e-02,1.104093339000e-02
13.435,5.000000000000e-03,8.797045893000e-02,1.101136393000e-02
13.44,5.000000000000e-03,8.793420124000e-02,1.097834896000e-02
13.445,5.000000000000e-03,8.789756392000e-02,1.094390789000e-02
13.45,5.000000000000e-03,8.786053547000e-02,1.091274726000e-02
13.455,5.000000000000e-03,8.782316514000e-02,1.087819135000e-02
13.46,5.000000000000e-03,8.778542722000e-02,1.084759710000e-02
13.465,5.000000000000e-03,8.774731039000e-02,1.081382325000e-02
13.47,5.000000000000e-03,8.770894433000e-02,1.078275173000e-02
13.475,5.000000000000e-03,8.767022914000e-02,1.075008440000e-02
13.48,5.000000000000e-03,8.763115868000e-02,1.071514997000e-02
13.485,5.000000000000e-03,8.759173535000e-02,1.068433888000e-02
13.49,5.000000000000e-03,8.755195265000e-02,1.065022695000e-02
13.495,5.000000000000e-03,8.751180304000e-02,1.061657653000e-02
13.5,5.000000000000e-03,8.747126099000e-02,1.058497693000e-02
13.505,5.000000000000e-03,8.743027921000e-02,1.055191350000e-02
13.51,5.000000000000e-03,8.738918208000e-02,1.052392184000e-02
13.515,5.000000000000e-03,8.734777974000e-02,1.049587102000e-02
13.52,5.000000000000e-03,8.730599063000e-02,1.047162420000e-02
13.525,5.000000000000e-03,8.726381917000e-02,1.044993694000e-02
13.53,5.000000000000e-03,8.722131373000e-02,1.042959548000e-02
13.535,5.000000000000e-03,8.717872176000e-02,1.041367700000e-02
13.54,5.000000000000e-03,8.713553382000e-02,1.039697804000e-02
13.545,5.000000000000e-03,8.709217241000e-02,1.038423643000e-02
13.55,5.000000000000e-03,8.704836241000e-02,1.037003695000e-02
13.555,5.000000000000e-03,8.700426064000e-02,1.035430155000e-02
13.56,5.000000000000e-03,8.695977840000e-02,1.034138779000e-02
13.565,5.000000000000e-03,8.691491401000e-02,1.032473836000e-02
13.57,5.000000000000e-03,8.686970347000e-02,1.030474552000e-02
13.575,5.000000000000e-03,8.682411088000e-02,1.028869164000e-02
13.58,5.000000000000e-03,8.677815024000e-02,1.026886355000e-02
13.585,5.000000000000e-03,8.673179513000e-02,1.024526807000e-02
13.59,5.000000000000e-03,8.668504199000e-02,1.022019171000e-02
13.595,5.000000000000e-03,8.663786205000e-02,1.019725931000e-02
13.6,5.000000000000e-03,8.659022543000e-02,1.017068421000e-02
13.605,5.000000000000e-03,8.654215217000e-02,1.014047943000e-02
13.61,5.000000000000e-03,8.649367267000e-02,1.013332361000e-02
13.615,5.000000000000e-03,8.644483428000e-02,1.012676333000e-02
13.62,5.000000000000e-03,8.639562997000e-02,1.012020133000e-02
13.625,5.000000000000e-03,8.634605951000e-02,1.011363510000e-02
13.63,5.000000000000e-03,8.629612751000e-02,1.010706269000e-02
13.635,5.000000000000e-03,8.624582684000e-02,1.010048253000e-02
13.64,5.000000000000e-03,8.619515350000e-02,1.009389353000e-02
13.645,5.000000000000e-03,8.614410802000e-02,1.008729489000e-02
13.65,5.000000000000e-03,8.609268323000e-02,1.008068609000e-02
13.655,5.000000000000e-03,8.604086673000e-02,1.007406694000e-02
13.66,5.000000000000e-03,8.598864958000e-02,1.006743619000e-02
13.665,5.000000000000e-03,8.593603483000e-02,1.006079454000e-02
13.67,5.000000000000e-03,8.588301513000e-02,1.005414146000e-02
13.675,5.000000000000e-03,8.582956908000e-02,1.004747592000e-02
13.68,5.000000000000e-03,8.577569244000e-02,1.004079690000e-02
13.685,5.000000000000e-03,8.572142271000e-02,1.003410287000e-02
13.69,5.000000000000e-03,8.566678171000e-02,1.002739197000e-02
13.695,5.000000000000e-03,8.561177686000e-02,1.002066188000e-02
13.7,5.000000000000e-03,8.555640474000e-02,1.001390982000e-02
13.705,5.000000000000e-03,8.550067805000e-02,1.000713246000e-02
13.71,5.000000000000e-03,8.544459421000e-02,1.000032595000e-02
13.715,5.000000000000e-03,8.538814885000e-02,9.993485888000e-03
13.72,5.000000000000e-03,8.533134390000e-02,9.986607478000e-03
13.725,5.000000000000e-03,8.527417771000e-02,9.979685423000e-03
13.73,5.000000000000e-03,8.521665108000e-02,9.972714392000e-03
13.735,5.000000000000e-03,8.515876483000e-02,9.965688992000e-03
13.74,5.000000000000e-03,8.510051683000e-02,9.958603744000e-03
13.745,5.000000000000e-03,8.504190128000e-02,9.951453129000e-03
13.75,5.000000000000e-03,8.498290165000e-02,9.944231663000e-03
13.755,5.000000000000e-03,8.492352480000e-02,9.936933982000e-03
13.76,5.000000000000e-03,8.486379626000e-02,9.929554942000e-03
13.765,5.000000000000e-03,8.480373896000e-02,9.922089696000e-03
13.77,5.000000000000e-03,8.474336088000e-02,9.914533783000e-03
13.775,5.000000000000e-03,8.468266390000e-02,9.906883183000e-03
13.78,5.000000000000e-03,8.462164797000e-02,9.914839765000e-03
13.785,5.000000000000e-03,8.456031397000e-02,9.984104105000e-03
13.79,5.000000000000e-03,8.449866151000e-02,1.005133684000e-02
13.795,5.000000000000e-03,8.443669227000e-02,1.011644970000e-02
13.8,5.000000000000e-03,8.437440476000e-02,1.017934741000e-02
13.805,5.000000000000e-03,8.431181426000e-02,1.023992382000e-02
13.81,5.000000000000e-03,8.424891852000e-02,1.029806852000e-02
13.815,5.000000000000e-03,8.418572073000e-02,1.035366853000e-02
13.82,5.000000000000e-03,8.412221410000e-02,1.040660449000e-02
13.825,5.000000000000e-03,8.405839065000e-02,1.045675181000e-02
13.83,5.000000000000e-03,8.399424743000e-02,1.050398389000e-02
13.835,5.000000000000e-03,8.392979890000e-02,1.054818022000e-02
13.84,5.000000000000e-03,8.386505483000e-02,1.058919187000e-02
13.845,5.000000000000e-03,8.380002355000e-02,1.062691710000e-02
13.85,5.000000000000e-03,8.373471115000e-02,1.066122103000e-02
13.855,5.000000000000e-03,8.366911525000e-02,1.069197029000e-02
13.86,5.000000000000e-03,8.360323137000e-02,1.071903439000e-02
13.865,5.000000000000e-03,8.353706108000e-02,1.074228108000e-02
13.87,5.000000000000e-03,8.347059697000e-02,1.073518577000e-02
13.875,5.000000000000e-03,8.340384694000e-02,1.082113218000e-02
13.88,5.000000000000e-03,8.333685130000e-02,1.090426633000e-02
13.885,5.000000000000e-03,8.334027165000e-02,1.098439078000e-02
13.89,5.000000000000e-03,8.336158597000e-02,1.106132941000e-02
13.895,5.000000000000e-03,8.338256645000e-02,1.113491325000e-02
13.9,5.000000000000e-03,8.340321193000e-02,1.120497380000e-02
13.905,5.000000000000e-03,8.342351055000e-02,1.127134715000e-02
13.91,5.000000000000e-03,8.344345847000e-02,1.133387795000e-02
13.915,5.000000000000e-03,8.346304242000e-02,1.139242268000e-02
13.92,5.000000000000e-03,8.348224703000e-02,1.144683994000e-02
13.925,5.000000000000e-03,8.350107588000e-02,1.149698708000e-02
13.93,5.000000000000e-03,8.351956177000e-02,1.154272136000e-02
13.935,5.000000000000e-03,8.353771281000e-02,1.158389771000e-02
13.94,5.000000000000e-03,8.355553524000e-02,1.162036849000e-02
13.945,5.000000000000e-03,8.357303414000e-02,1.165198253000e-02
13.95,5.000000000000e-03,8.359020876000e-02,1.167857310000e-02
13.955,5.000000000000e-03,8.360705813000e-02,1.169996770000e-02
13.96,5.000000000000e-03,8.362357965000e-02,1.171598278000e-02
13.965,5.000000000000e-03,8.363976895000e-02,1.172642330000e-02
13.97,5.000000000000e-03,8.365561880000e-02,1.173108249000e-02
13.975,5.000000000000e-03,8.367112031000e-02,1.172974468000e-02
13.98,5.000000000000e-03,8.368626307000e-02,1.172218226000e-02
13.985,5.000000000000e-03,8.370104234000e-02,1.095690938000e-02
13.99,5.000000000000e-03,8.371544997000e-02,1.090469572000e-02
13.995,5.000000000000e-03,8.372947327000e-02,9.710126816000e-03
14,5.000000000000e-03,8.374311127000e-02,9.641532054000e-03
