time_s,eta_G1_m,eta_G2_m,eta_G3_m,eta_G4_m,eta_G5_m,eta_G6_m,eta_G7_m,eta_G8_m
0.01000000,4.201499999995e-07,3.131999999628e-08,2.360000000978e-09,1.700000001881e-10,-1.965000009929e-09,-2.120000008876e-10,1.299999968785e-10,0.000000000000e+00
0.02000000,4.454799999998e-07,3.322999998778e-08,2.530000001166e-09,1.800000010155e-10,-3.304000004145e-09,-9.300001047041e-11,2.499999929295e-10,-1.000005633855e-12
0.03000000,4.713200000006e-07,3.517999999647e-08,2.709999988304e-09,1.899999879651e-10,-4.352000010366e-09,-2.600000770236e-11,3.799999898080e-10,0.000000000000e+00
0.04000000,4.981399999993e-07,3.719999999707e-08,2.899999990147e-09,1.999999887925e-10,-5.100000005642e-09,5.999999108663e-11,5.100000005642e-10,0.000000000000e+00
0.05000000,5.262399999928e-07,3.930999999124e-08,3.089999991990e-09,2.199999904473e-10,-5.481000001084e-09,1.499999985333e-10,6.499999982701e-10,0.000000000000e+00
0.06000000,5.557699999936e-07,4.152999999452e-08,3.289999994660e-09,2.299999912747e-10,-5.518000001370e-09,2.499999929295e-10,7.699999943211e-10,0.000000000000e+00
0.07000000,5.868399999970e-07,4.385999999301e-08,3.499999998158e-09,2.399999921021e-10,-5.268000008440e-09,3.599999881532e-10,8.599999878900e-10,0.000000000000e+00
0.08000000,6.195399999964e-07,4.630999998756e-08,3.719999988605e-09,2.599999937569e-10,-4.776000012141e-09,4.699999972546e-10,9.199999928544e-10,0.000000000000e+00
0.09000000,6.540099999897e-07,4.887999999204e-08,3.939999992930e-09,2.699999945843e-10,-4.096000011389e-09,5.899999933057e-10,9.399999945092e-10,0.000000000000e+00
0.10000000,6.903399999980e-07,5.159999999504e-08,4.179999998910e-09,2.899999962391e-10,-3.277000004687e-09,7.099999893567e-10,8.999999911996e-10,0.000000000000e+00
0.11000000,7.286499999898e-07,5.445999999576e-08,4.429999991840e-09,2.999999970665e-10,-2.380000002633e-09,8.199999984582e-10,8.099999976308e-10,1.000000082740e-11
0.12000000,7.690699999896e-07,5.747999999584e-08,4.679999998647e-09,3.199999987213e-10,-1.476000002776e-09,9.099999920270e-10,6.499999982701e-10,1.000000082740e-11
0.13000000,8.117199999935e-07,6.066999999610e-08,4.949999993231e-09,3.400000003762e-10,-6.290000048592e-10,9.899999986462e-10,4.299999939450e-10,1.000000082740e-11
0.14000000,8.567299999984e-07,6.402999999655e-08,5.219999987816e-09,3.599999881532e-10,1.099999952237e-10,1.020000001128e-09,1.599999993607e-10,1.000000082740e-11
0.15000000,9.042300000012e-07,6.756999999802e-08,5.509999997932e-09,3.799999898080e-10,6.999999885293e-10,1.020000001128e-09,-1.610000049945e-10,1.000000082740e-11
0.16000000,9.543599999995e-07,7.130999998828e-08,5.799999994172e-09,4.099999922902e-10,1.139999997180e-09,9.499999953366e-10,-5.170000122456e-10,1.999998777702e-11
0.17000000,1.007279999993e-06,7.526999999674e-08,6.099999991238e-09,4.299999939450e-10,1.419999992591e-09,8.299999992856e-10,-8.860000094701e-10,1.999998777702e-11
0.18000000,1.063129999992e-06,7.943999999482e-08,6.409999989132e-09,4.599999964272e-10,1.559999990297e-09,6.399999974427e-10,-1.248000008891e-09,1.999998777702e-11
0.19000000,1.122090000000e-06,8.383999999806e-08,6.720000000904e-09,4.899999989094e-10,1.559999990297e-09,3.799999898080e-10,-1.576000011050e-09,1.999998777702e-11
0.20000000,1.184320000000e-06,8.847999999340e-08,7.039999999625e-09,5.199999875138e-10,1.449999995073e-09,4.999999025923e-11,-1.838000002197e-09,2.999998860442e-11
0.21000000,1.249999999994e-06,9.338999999720e-08,7.359999998346e-09,5.499999899961e-10,1.239999991576e-09,-3.360000055963e-10,-2.009000008019e-09,2.999998860442e-11
0.22000000,1.319340000000e-06,9.855999999475e-08,7.689999997895e-09,5.799999924783e-10,9.499999953366e-10,-7.600000073715e-10,-2.071000010373e-09,3.999998943183e-11
0.23000000,1.392519999990e-06,1.040299999894e-07,8.029999998271e-09,6.199999957879e-10,6.199999957879e-10,-1.204000010802e-09,-2.011000005409e-09,3.999998943183e-11
0.24000000,1.469769999998e-06,1.097999999949e-07,8.369999998648e-09,6.599999990975e-10,2.699999945843e-10,-1.642999999940e-09,-1.821000003566e-09,4.999999025923e-11
0.25000000,1.551310000000e-06,1.158799999984e-07,8.709999999024e-09,6.999999885293e-10,-7.400000057167e-11,-2.047000000061e-09,-1.508000002648e-09,4.999999025923e-11
0.26000000,1.637369999988e-06,1.223099999892e-07,9.070000001055e-09,7.399999918389e-10,-3.830000067095e-10,-2.387000000437e-09,-1.088000009530e-09,5.999999108663e-11
0.27000000,1.728209999996e-06,1.290899999951e-07,9.439999990035e-09,7.899999959760e-10,-6.450000117342e-10,-2.632000006830e-09,-5.880000097935e-10,5.999999108663e-11
0.28000000,1.824089999991e-06,1.362499999907e-07,9.819999993721e-09,8.299999992856e-10,-8.500000009404e-10,-2.753000008515e-09,-4.100000894347e-11,6.999999191404e-11
0.29000000,1.925299999997e-06,1.437999999909e-07,1.022999999989e-08,8.799999895448e-10,-9.880000012563e-10,-2.730000003837e-09,5.100000005642e-10,7.999999274144e-11
0.30000000,2.032119999995e-06,1.517699999981e-07,1.065999999383e-08,9.399999945092e-10,-1.053000006634e-09,-2.546000008041e-09,1.039999988905e-09,7.999999274144e-11
0.31000000,2.144859999997e-06,1.601900000009e-07,1.112999999109e-08,9.899999986462e-10,-1.049000011855e-09,-2.204000010275e-09,1.489999998383e-09,8.999999356885e-11
0.32000000,2.263859999990e-06,1.690700000001e-07,1.163999999165e-08,1.049999989733e-09,-9.840000064765e-10,-1.714000011366e-09,1.839999999587e-09,9.999999439625e-11
0.33000000,2.389450000001e-06,1.784399999982e-07,1.220999999718e-08,1.109999994697e-09,-8.730000056190e-10,-1.103000010771e-09,2.069999990861e-09,1.099999952237e-10
0.34000000,2.522019999993e-06,1.883299999977e-07,1.283999999380e-08,1.169999999662e-09,-7.330000079131e-10,-3.989999997067e-10,2.159999998308e-09,1.099999952237e-10
0.35000000,2.661939999996e-06,1.987700000011e-07,1.353999999620e-08,1.239999991576e-09,-5.790000007222e-10,3.500000012036e-10,2.109999994171e-09,1.199999960511e-10
0.36000000,2.809619999988e-06,2.097899999970e-07,1.432999999218e-08,1.309999997368e-09,-4.280000104329e-10,1.099999993870e-09,1.929999993155e-09,1.299999968785e-10
0.37000000,2.965499999993e-06,2.214199999878e-07,1.522999999726e-08,1.379999989282e-09,-2.929999992629e-10,1.799999996277e-09,1.639999996916e-09,1.399999977059e-10
0.38000000,3.130039999993e-06,2.336899999900e-07,1.621999999590e-08,1.459999995901e-09,-1.820000122832e-10,2.379999988755e-09,1.269999994058e-09,1.399999977059e-10
0.39000000,3.303709999999e-06,2.466499999937e-07,1.733999999143e-08,1.539999988642e-09,-1.000000082740e-10,2.819999997405e-09,8.199999984582e-10,1.499999985333e-10
0.40000000,3.487029999999e-06,2.603200000006e-07,1.856999999605e-08,1.619999995262e-09,-5.100000977087e-11,3.069999990335e-09,3.299999995487e-10,1.599999993607e-10
0.41000000,3.680539999995e-06,2.747599999881e-07,1.990999999590e-08,1.709999988830e-09,-3.500000289591e-11,3.129999995299e-09,-1.560000045808e-10,1.599999993607e-10
0.42000000,3.884809999993e-06,2.900000000000e-07,2.136999999180e-08,1.799999996277e-09,-4.900001238095e-11,2.989999997594e-09,-6.100000088383e-10,1.700000001881e-10
0.43000000,4.100430000001e-06,3.060899999990e-07,2.291999999515e-08,1.889999989846e-09,-8.500000703293e-11,2.649999997217e-09,-9.970000103277e-10,1.700000001881e-10
0.44000000,4.328030000000e-06,3.230799999893e-07,2.456999999290e-08,1.989999998120e-09,-1.370000085599e-10,2.119999994998e-09,-1.292000006980e-09,1.700000001881e-10
0.45000000,4.568289999993e-06,3.410099999879e-07,2.628999999643e-08,2.089999992516e-09,-1.960000078904e-10,1.449999995073e-09,-1.482000008823e-09,1.700000001881e-10
0.46000000,4.821909999994e-06,3.599500000007e-07,2.805999999023e-08,2.199999987740e-09,-2.530000098311e-10,6.800000007523e-10,-1.554000012005e-09,1.700000001881e-10
0.47000000,5.089629999996e-06,3.799399999893e-07,2.987000000121e-08,2.309999996841e-09,-3.000000109443e-10,-1.229999990748e-10,-1.508000002648e-09,1.700000001881e-10
0.48000000,5.372219999994e-06,4.010500000012e-07,3.169999999997e-08,2.419999992065e-09,-3.340000082064e-10,-9.180000093423e-10,-1.358000004115e-09,1.700000001881e-10
0.49000000,5.670520000001e-06,4.233500000006e-07,3.352999999873e-08,2.539999988116e-09,-3.480000038136e-10,-1.642999999940e-09,-1.120000009402e-09,1.700000001881e-10
0.50000000,5.985389999991e-06,4.468899999915e-07,3.535999999749e-08,2.659999998045e-09,-3.410000060100e-10,-2.250000005755e-09,-8.170000093122e-10,1.599999993607e-10
0.51000000,6.317759999999e-06,4.717399999937e-07,3.716999999459e-08,2.789999994923e-09,-3.140000065516e-10,-2.691000006161e-09,-4.760000033022e-10,1.499999985333e-10
0.52000000,6.668579999994e-06,4.979900000007e-07,3.897999999170e-08,2.929999992629e-09,-2.700000084621e-10,-2.942000004724e-09,-1.279999994885e-10,1.399999977059e-10
0.53000000,7.038879999990e-06,5.257099999906e-07,4.078999998880e-08,3.069999990335e-09,-2.140000121553e-10,-2.991000003227e-09,1.999999887925e-10,1.299999968785e-10
0.54000000,7.429729999994e-06,5.549699999968e-07,4.261999998756e-08,3.219999988868e-09,-1.500000124111e-10,-2.844000007718e-09,4.799999980820e-10,1.199999960511e-10
0.55000000,7.842269999989e-06,5.858800000008e-07,4.450999999128e-08,3.370000001279e-09,-8.599999878900e-11,-2.520000000339e-09,6.999999885293e-10,9.999999439625e-11
0.56000000,8.277709999990e-06,6.185099999945e-07,4.647000000080e-08,3.539999987590e-09,-2.500000206851e-11,-2.035000001843e-09,8.400000001130e-10,8.999999356885e-11
0.57000000,8.737299999992e-06,6.529700000008e-07,4.855999999331e-08,3.709999987778e-09,2.999998860442e-11,-1.434000002076e-09,8.999999911996e-10,6.999999191404e-11
0.58000000,9.222389999994e-06,6.893399999985e-07,5.080999999907e-08,3.889999988793e-09,6.999999191404e-11,-7.650000077852e-10,8.899999903722e-10,4.999999025923e-11
0.59000000,9.734380000001e-06,7.277499999986e-07,5.326999999444e-08,4.069999989809e-09,9.999999439625e-11,-8.599999878900e-11,8.099999976308e-10,1.999998777702e-11
0.60000000,1.027476000000e-05,7.682999999953e-07,5.595999999497e-08,4.269999992479e-09,1.199999960511e-10,5.499999899961e-10,6.699999999249e-10,0.000000000000e+00
0.61000000,1.084511999999e-05,8.111099999986e-07,5.892999999091e-08,4.479999995977e-09,1.299999968785e-10,1.109999994697e-09,4.899999989094e-10,-2.600000770236e-11
0.62000000,1.144708999999e-05,8.562899999898e-07,6.219999999779e-08,4.700000000302e-09,1.299999968785e-10,1.539999988642e-09,2.799999954117e-10,-5.300000716080e-11
0.63000000,1.208244999999e-05,9.039899999952e-07,6.577999998869e-08,4.939999992404e-09,1.299999968785e-10,1.829999998759e-09,5.999999108663e-11,-8.100001225309e-11
0.64000000,1.275301999999e-05,9.543299999970e-07,6.967999999219e-08,5.189999999211e-09,1.199999960511e-10,1.949999994810e-09,-1.410000033397e-10,-1.090000034676e-10
0.65000000,1.346075000000e-05,1.007469999995e-06,7.389999999441e-08,5.449999992968e-09,1.199999960511e-10,1.899999990673e-09,-3.199999987213e-10,-1.380000003159e-10
0.66000000,1.420769999999e-05,1.063549999999e-06,7.843999999535e-08,5.729999988380e-09,1.199999960511e-10,1.690000001053e-09,-4.590000046711e-10,-1.660000054082e-10
0.67000000,1.499601999999e-05,1.122719999996e-06,8.326999999253e-08,6.029999999324e-09,1.199999960511e-10,1.350000000677e-09,-5.530000068976e-10,-1.940000105005e-10
0.68000000,1.582798999999e-05,1.185170000001e-06,8.836999999817e-08,6.349999998045e-09,1.399999977059e-10,8.999999911996e-10,-5.950000075972e-10,-2.220000017150e-10
0.69000000,1.670601999999e-05,1.251070000000e-06,9.372999999757e-08,6.689999998422e-09,1.700000001881e-10,3.999999914628e-10,-5.830000093798e-10,-2.480000094174e-10
0.70000000,1.763264000000e-05,1.320609999994e-06,9.931000000130e-08,7.050000000453e-09,1.999999887925e-10,-1.250000103425e-10,-5.230000044154e-10,-2.720000058520e-10
0.71000000,1.861052999999e-05,1.393980000000e-06,1.051199999963e-07,7.439999991088e-09,2.499999929295e-10,-6.260000018354e-10,-4.240000017752e-10,-2.940000048968e-10
0.72000000,1.964249000000e-05,1.471409999995e-06,1.111399999948e-07,7.849999997256e-09,3.099999978939e-10,-1.073000008289e-09,-2.979999996766e-10,-3.140000065516e-10
0.73000000,2.073148999999e-05,1.553099999996e-06,1.173699999968e-07,8.289999992028e-09,3.799999898080e-10,-1.428000009907e-09,-1.580000019707e-10,-3.299999995487e-10
0.74000000,2.188066999999e-05,1.639299999995e-06,1.238299999901e-07,8.759999989283e-09,4.499999955998e-10,-1.664999998985e-09,-1.800000426488e-11,-3.430000033999e-10
0.75000000,2.309333000000e-05,1.730249999998e-06,1.305299999893e-07,9.259999989020e-09,5.199999875138e-10,-1.773000010696e-09,1.099999952237e-10,-3.520000124713e-10
0.76000000,2.437292999999e-05,1.826229999988e-06,1.375199999987e-07,9.789999991239e-09,5.899999933057e-10,-1.749000000384e-09,2.199999904473e-10,-3.560000072511e-10
0.77000000,2.572313999999e-05,1.927509999999e-06,1.448299999929e-07,1.035999999677e-08,6.599999990975e-10,-1.608000010922e-09,2.999999970665e-10,-3.560000072511e-10
0.78000000,2.714782999999e-05,2.034399999989e-06,1.525199999908e-07,1.095999999090e-08,7.299999910115e-10,-1.371000007966e-09,3.500000012036e-10,-3.520000124713e-10
0.79000000,2.865106000000e-05,2.147199999997e-06,1.606299999957e-07,1.160999998917e-08,7.999999968034e-10,-1.060000004438e-09,3.699999889806e-10,-3.430000033999e-10
0.80000000,3.023712000000e-05,2.266259999995e-06,1.692299999995e-07,1.228999998992e-08,8.599999878900e-10,-7.000000024071e-10,3.599999881532e-10,-3.299999995487e-10
0.81000000,3.191055000000e-05,2.391919999997e-06,1.783599999916e-07,1.300999999398e-08,9.099999920270e-10,-3.260000047689e-10,3.199999987213e-10,-3.120000091617e-10
0.82000000,3.367607999999e-05,2.524549999994e-06,1.880799999909e-07,1.377999998831e-08,9.699999969914e-10,2.999998860442e-11,2.599999937569e-10,-2.900000101169e-10
0.83000000,3.553874999999e-05,2.664569999991e-06,1.984399999877e-07,1.460000000064e-08,1.020000001128e-09,3.400000003762e-10,1.899999879651e-10,-2.640000024146e-10
0.84000000,3.750383999999e-05,2.812369999994e-06,2.094699999983e-07,1.545999998853e-08,1.069999991388e-09,5.799999924783e-10,1.099999952237e-10,-2.330000081763e-10
0.85000000,3.957691999999e-05,2.968409999998e-06,2.212099999982e-07,1.637999999526e-08,1.129999996352e-09,7.299999910115e-10,2.999998860442e-11,-1.990000109142e-10
0.86000000,4.176384000000e-05,3.133150000001e-06,2.336699999883e-07,1.734999999226e-08,1.190000001317e-09,7.899999959760e-10,-3.800000591969e-11,-1.610000049945e-10
0.87000000,4.407080999999e-05,3.307070000000e-06,2.468899999997e-07,1.836999999338e-08,1.259999993231e-09,7.599999934937e-10,-9.500000786034e-11,-1.210000016849e-10
0.88000000,4.650431000000e-05,3.490679999996e-06,2.608599999898e-07,1.944999999948e-08,1.339999999850e-09,6.499999982701e-10,-1.340000055361e-10,-7.800000922931e-11
0.89000000,4.907119000000e-05,3.684539999993e-06,2.756199999898e-07,2.058999999666e-08,1.429999993419e-09,4.599999964272e-10,-1.540000071909e-10,-3.400001113985e-11
0.90000000,5.177865999999e-05,3.889199999996e-06,2.911800000005e-07,2.178999999880e-08,1.529999987815e-09,2.299999912747e-10,-1.560000045808e-10,1.000000082740e-11
0.91000000,5.463429999999e-05,4.105269999999e-06,3.075599999958e-07,2.304999999203e-08,1.639999996916e-09,-2.100000728866e-11,-1.390000059498e-10,5.999999108663e-11
0.92000000,5.764608999999e-05,4.333359999997e-06,3.247899999920e-07,2.437999999105e-08,1.759999992967e-09,-2.740000032420e-10,-1.080000117115e-10,9.999999439625e-11
0.93000000,6.082244000000e-05,4.574139999991e-06,3.428999999916e-07,2.577999999587e-08,1.889999989846e-09,-5.060000057844e-10,-6.700000276805e-11,1.399999977059e-10
0.94000000,6.417215000000e-05,4.828299999995e-06,3.619499999996e-07,2.724999999260e-08,2.020000000602e-09,-7.000000024071e-10,-2.100000728866e-11,1.800000010155e-10
0.95000000,6.770454999999e-05,5.096569999988e-06,3.819899999924e-07,2.878999999512e-08,2.169999999135e-09,-8.420000113807e-10,1.999998777702e-11,2.199999904473e-10
0.96000000,7.142937000000e-05,5.379699999988e-06,4.030899999896e-07,3.040999999038e-08,2.319999997669e-09,-9.230000097560e-10,6.999999191404e-11,2.499999929295e-10
0.97000000,7.535688999999e-05,5.678519999996e-06,4.253199999971e-07,3.211999999309e-08,2.479999997029e-09,-9.390000027532e-10,9.999999439625e-11,2.799999954117e-10
0.98000000,7.949790999999e-05,5.993859999998e-06,4.487599999936e-07,3.390999998854e-08,2.639999996390e-09,-8.930000072738e-10,1.199999960511e-10,2.999999970665e-10
0.99000000,8.386377000000e-05,6.326639999998e-06,4.735099999875e-07,3.578999999143e-08,2.799999995751e-09,-7.940000046336e-10,1.299999968785e-10,3.199999987213e-10
1.00000000,8.846635000000e-05,6.677789999993e-06,4.996600000001e-07,3.776999998872e-08,2.969999995939e-09,-6.570000099515e-10,1.299999968785e-10,3.299999995487e-10
1.01000000,9.331819000000e-05,7.048319999994e-06,5.272899999964e-07,3.984999999429e-08,3.139999996127e-09,-4.949999993231e-10,1.199999960511e-10,3.400000003762e-10
1.02000000,9.843241999999e-05,7.439299999995e-06,5.565099999993e-07,4.203999999508e-08,3.319999997142e-09,-3.249999991350e-10,9.999999439625e-11,3.400000003762e-10
1.03000000,1.038228500000e-04,7.851849999990e-06,5.874099999886e-07,4.433999999109e-08,3.499999998158e-09,-1.630000023845e-10,6.999999191404e-11,3.299999995487e-10
1.04000000,1.095039800000e-04,8.287169999996e-06,6.200799999995e-07,4.675999999704e-08,3.690000000001e-09,-2.199999904473e-11,3.999998943183e-11,3.099999978939e-10
1.05000000,1.154910200000e-04,8.746519999991e-06,6.546099999977e-07,4.930999999986e-08,3.889999988793e-09,8.999999356885e-11,0.000000000000e+00,2.899999962391e-10
1.06000000,1.217999400000e-04,9.231249999991e-06,6.910999999915e-07,5.198999999956e-08,4.109999993118e-09,1.499999985333e-10,-3.600000852977e-11,2.599999937569e-10
1.07000000,1.284475100000e-04,9.742779999988e-06,7.296299999876e-07,5.481999999779e-08,4.329999997443e-09,1.800000010155e-10,-7.000000579183e-11,2.299999912747e-10
1.08000000,1.354513200000e-04,1.028259999999e-05,7.703199999959e-07,5.780999999538e-08,4.579999990373e-09,1.700000001881e-10,-1.000000082740e-10,1.800000010155e-10
1.09000000,1.428298300000e-04,1.085229999999e-05,8.132499999952e-07,6.095999999234e-08,4.839999998008e-09,1.199999960511e-10,-1.250000103425e-10,1.399999977059e-10
1.10000000,1.506023900000e-04,1.145356000000e-05,8.585499999963e-07,6.427999998948e-08,5.119999993419e-09,3.999998943183e-11,-1.450000119974e-10,8.999999356885e-11
1.11000000,1.587893000000e-04,1.208813999999e-05,9.063299999945e-07,6.779999998929e-08,5.419999990486e-09,-5.399999891686e-11,-1.590000076046e-10,3.999998943183e-11
1.12000000,1.674118600000e-04,1.275788999999e-05,9.567200000005e-07,7.150999999095e-08,5.739999989207e-09,-1.560000045808e-10,-1.690000084320e-10,-5.000000413702e-12
1.13000000,1.764923600000e-04,1.346479000000e-05,1.009869999999e-06,7.543999999693e-08,6.079999989583e-09,-2.580000102448e-10,-1.760000062356e-10,-5.100000977087e-11
1.14000000,1.860541600000e-04,1.421086999999e-05,1.065939999989e-06,7.959999999418e-08,6.439999991614e-09,-3.510000068374e-10,-1.800000010155e-10,-9.400000222648e-11
1.15000000,1.961217500000e-04,1.499831000000e-05,1.125079999997e-06,8.398999999659e-08,6.829999996127e-09,-4.280000104329e-10,-1.830000040393e-10,-1.320000081462e-10
1.16000000,2.067207400000e-04,1.582936000000e-05,1.187479999998e-06,8.863999999276e-08,7.229999987590e-09,-4.850000123735e-10,-1.860000070630e-10,-1.630000023845e-10
1.17000000,2.178779400000e-04,1.670641000000e-05,1.253339999993e-06,9.355999999738e-08,7.659999995413e-09,-5.190000096356e-10,-1.910000074767e-10,-1.860000070630e-10
1.18000000,2.296214100000e-04,1.763197000000e-05,1.322860000000e-06,9.876999999825e-08,8.099999990185e-09,-5.300000022190e-10,-1.980000052804e-10,-2.010000083041e-10
1.19000000,2.419804600000e-04,1.860865999999e-05,1.396249999994e-06,1.042799999962e-07,8.570000001318e-09,-5.210000070255e-10,-2.070000004739e-10,-2.060000087178e-10
1.20000000,2.549857600000e-04,1.963924999999e-05,1.473729999993e-06,1.100999999920e-07,9.070000001055e-09,-4.940000075671e-10,-2.200000043251e-10,-2.000000026703e-10
1.21000000,2.686693300000e-04,2.072666000000e-05,1.555539999989e-06,1.162699999890e-07,9.589999988568e-09,-4.550000098913e-10,-2.339999999323e-10,-1.820000122832e-10
1.22000000,2.830646100000e-04,2.187394000000e-05,1.641909999989e-06,1.227800000003e-07,1.012999999161e-08,-4.090000005341e-10,-2.500000068073e-10,-1.540000071909e-10
1.23000000,2.982065400000e-04,2.308434999999e-05,1.733099999998e-06,1.296699999875e-07,1.070999999797e-08,-3.610000076648e-10,-2.680000110722e-10,-1.150000095151e-10
1.24000000,3.141315400000e-04,2.436128000000e-05,1.829369999998e-06,1.369499999931e-07,1.131999999293e-08,-3.160000039415e-10,-2.860000014593e-10,-6.700000276805e-11
1.25000000,3.308776200000e-04,2.570836999999e-05,1.930989999996e-06,1.446299999902e-07,1.195999999037e-08,-2.770000062657e-10,-3.030000000903e-10,-1.000000082740e-11
1.26000000,3.484844000000e-04,2.712939999999e-05,2.038259999990e-06,1.527499999959e-07,1.263999999113e-08,-2.470000037835e-10,-3.180000013314e-10,4.999999025923e-11
1.27000000,3.669931800000e-04,2.862841000000e-05,2.151459999988e-06,1.613099999964e-07,1.335999999519e-08,-2.289999995186e-10,-3.310000051826e-10,1.199999960511e-10
1.28000000,3.864469600000e-04,3.020964999999e-05,2.270929999992e-06,1.703499999950e-07,1.411999998868e-08,-2.220000017150e-10,-3.410000060100e-10,1.899999879651e-10
1.29000000,4.068904900000e-04,3.187759999999e-05,2.397000000001e-06,1.798799999925e-07,1.493000000019e-08,-2.260000103727e-10,-3.470000120576e-10,2.599999937569e-10
1.30000000,4.283703600000e-04,3.363700999999e-05,2.530029999989e-06,1.899299999913e-07,1.578999998808e-08,-2.400000059799e-10,-3.490000094475e-10,3.199999987213e-10
1.31000000,4.509349700000e-04,3.549285000000e-05,2.670419999989e-06,2.005199999933e-07,1.669999999399e-08,-2.600000076347e-10,-3.480000038136e-10,3.699999889806e-10
1.32000000,4.746346300000e-04,3.745040000000e-05,2.818559999992e-06,2.116899999877e-07,1.765999999015e-08,-2.860000014593e-10,-3.430000033999e-10,4.199999931176e-10
1.33000000,4.995215400000e-04,3.951517999999e-05,2.974889999993e-06,2.234499999892e-07,1.867999999128e-08,-3.130000009177e-10,-3.340000082064e-10,4.499999955998e-10
1.34000000,5.256499200000e-04,4.169300000000e-05,3.139879999989e-06,2.358599999891e-07,1.976999999820e-08,-3.400000003762e-10,-3.220000099891e-10,4.699999972546e-10
1.35000000,5.530759000000e-04,4.398996999999e-05,3.313999999990e-06,2.489200000011e-07,2.090999999538e-08,-3.630000050547e-10,-3.080000005040e-10,4.699999972546e-10
1.36000000,5.818577300000e-04,4.641252000000e-05,3.497769999999e-06,2.626999999894e-07,2.212999999918e-08,-3.810000093196e-10,-2.920000075068e-10,4.499999955998e-10
1.37000000,6.120555500000e-04,4.896738999999e-05,3.691719999990e-06,2.772199999973e-07,2.341999999489e-08,-3.930000075369e-10,-2.730000114859e-10,4.199999931176e-10
1.38000000,6.437317200000e-04,5.166165999999e-05,3.896429999997e-06,2.925300000012e-07,2.477999999639e-08,-3.980000079506e-10,-2.540000015872e-10,3.699999889806e-10
1.39000000,6.769506300000e-04,5.450276999999e-05,4.112489999999e-06,3.086799999913e-07,2.621999999064e-08,-3.950000049269e-10,-2.339999999323e-10,2.999999970665e-10
1.40000000,7.117787700000e-04,5.749852999999e-05,4.340519999993e-06,3.257199999995e-07,2.774999999233e-08,-3.860000097333e-10,-2.120000008876e-10,2.099999896199e-10
1.41000000,7.482846400000e-04,6.065714999999e-05,4.581199999992e-06,3.436899999876e-07,2.936999998759e-08,-3.710000084922e-10,-1.910000074767e-10,1.099999952237e-10
1.42000000,7.865388700000e-04,6.398726000000e-05,4.835199999997e-06,3.626699999898e-07,3.106999998947e-08,-3.530000042273e-10,-1.680000027982e-10,0.000000000000e+00
1.43000000,8.266139700000e-04,6.749795000000e-05,5.103260000000e-06,3.826999999956e-07,3.286999999963e-08,-3.310000051826e-10,-1.450000119974e-10,-1.130000121252e-10
1.44000000,8.685840100000e-04,7.119875999999e-05,5.386149999995e-06,4.038599999978e-07,3.475999998948e-08,-3.080000005040e-10,-1.210000016849e-10,-2.330000081763e-10
1.45000000,9.125241300000e-04,7.509973000000e-05,5.684699999994e-06,4.262199999883e-07,3.674999998760e-08,-2.850000097032e-10,-9.700000525026e-11,-3.510000068374e-10
1.46000000,9.585091900000e-04,7.921143999999e-05,5.999749999999e-06,4.498399999997e-07,3.883999999399e-08,-2.640000024146e-10,-7.100001142568e-11,-4.629999994510e-10
1.47000000,1.006610120000e-03,8.354498999999e-05,6.332210000001e-06,4.747999999971e-07,4.103999999561e-08,-2.440000007597e-10,-4.500000372332e-11,-5.650000051149e-10
1.48000000,1.056928480000e-03,8.811208999999e-05,6.683049999998e-06,5.011800000010e-07,4.333999999162e-08,-2.280000077626e-10,-1.800000426488e-11,-6.510000039039e-10
1.49000000,1.109572970000e-03,9.292502000000e-05,7.053289999989e-06,5.290599999902e-07,4.575999999756e-08,-2.130000065215e-10,1.000000082740e-11,-7.180000066720e-10
1.50000000,1.164642510000e-03,9.799670999999e-05,7.443989999995e-06,5.585299999999e-07,4.829999999956e-08,-2.010000083041e-10,3.999998943183e-11,-7.609999991276e-10
1.51000000,1.222233410000e-03,1.033407000000e-04,7.856279999996e-06,5.896699999952e-07,5.099000000008e-08,-1.900000018429e-10,5.999999108663e-11,-7.780000116364e-10
1.52000000,1.282446010000e-03,1.089712500000e-04,8.291369999996e-06,6.225599999965e-07,5.381999999832e-08,-1.800000010155e-10,8.999999356885e-11,-7.680000108090e-10
1.53000000,1.345379720000e-03,1.149032800000e-04,8.750499999988e-06,6.573199999999e-07,5.680999999591e-08,-1.700000001881e-10,1.199999960511e-10,-7.289999992555e-10
1.54000000,1.411133800000e-03,1.211524800000e-04,9.235009999997e-06,6.940199999972e-07,5.995999999286e-08,-1.599999993607e-10,1.399999977059e-10,-6.610000047313e-10
1.55000000,1.479807670000e-03,1.277352600000e-04,9.746299999988e-06,7.327799999984e-07,6.328999999083e-08,-1.470000093873e-10,1.700000001881e-10,-5.660000107488e-10
1.56000000,1.551500740000e-03,1.346688300000e-04,1.028583000000e-05,7.736899999972e-07,6.678999998899e-08,-1.329999999022e-10,1.899999879651e-10,-4.440000034300e-10
1.57000000,1.626311820000e-03,1.419712400000e-04,1.085515999999e-05,8.168599999886e-07,7.048999998982e-08,-1.170000069051e-10,2.099999896199e-10,-2.990000053105e-10
1.58000000,1.704338550000e-03,1.496613800000e-04,1.145592000000e-05,8.624099999965e-07,7.438999999332e-08,-9.900000264018e-11,2.199999904473e-10,-1.360000029260e-10
1.59000000,1.785676970000e-03,1.577590600000e-04,1.208982999999e-05,9.104599999893e-07,7.851000000114e-08,-8.000000661923e-11,2.299999912747e-10,3.999998943183e-11
1.60000000,1.870420610000e-03,1.662850100000e-04,1.275870999999e-05,9.611299999907e-07,8.284999999941e-08,-6.100001059828e-11,2.399999921021e-10,2.199999904473e-10
1.61000000,1.958660200000e-03,1.752609800000e-04,1.346447999999e-05,1.014569999999e-06,8.742999998979e-08,-4.100000894347e-11,2.399999921021e-10,3.999999914628e-10
1.62000000,2.050481880000e-03,1.847097000000e-04,1.420915000000e-05,1.070909999998e-06,9.226000000084e-08,-2.199999904473e-11,2.399999921021e-10,5.699999916509e-10
1.63000000,2.145966920000e-03,1.946550200000e-04,1.499484999999e-05,1.130310000000e-06,9.735999999261e-08,-5.000000413702e-12,2.399999921021e-10,7.199999901841e-10
1.64000000,2.245189940000e-03,2.051219000000e-04,1.582383000000e-05,1.192939999992e-06,1.027499999945e-07,1.000000082740e-11,2.299999912747e-10,8.400000001130e-10
1.65000000,2.348217530000e-03,2.161364400000e-04,1.669844999999e-05,1.258970000001e-06,1.084399999934e-07,1.999998777702e-11,2.099999896199e-10,9.299999936818e-10
1.66000000,2.455106510000e-03,2.277259900000e-04,1.762120000000e-05,1.328609999990e-06,1.144499999911e-07,2.999998860442e-11,1.999999887925e-10,9.799999978188e-10
1.67000000,2.565900820000e-03,2.399191300000e-04,1.859471000000e-05,1.402059999989e-06,1.207899999883e-07,3.999998943183e-11,1.800000010155e-10,9.999999994736e-10
1.68000000,2.680628660000e-03,2.527457500000e-04,1.962175999999e-05,1.479530000001e-06,1.274899999876e-07,3.999998943183e-11,1.499999985333e-10,9.599999961640e-10
1.69000000,2.799296090000e-03,2.662370800000e-04,2.070525999999e-05,1.561269999992e-06,1.345699999905e-07,3.999998943183e-11,1.299999968785e-10,8.899999903722e-10
1.70000000,2.921880700000e-03,2.804257400000e-04,2.184828000000e-05,1.647519999995e-06,1.420399999980e-07,3.999998943183e-11,9.999999439625e-11,7.599999934937e-10
1.71000000,3.048324630000e-03,2.953457900000e-04,2.305406000000e-05,1.738569999993e-06,1.499199999977e-07,3.999998943183e-11,6.999999191404e-11,5.999999941331e-10
1.72000000,3.178536110000e-03,3.110327500000e-04,2.432600999999e-05,1.834679999993e-06,1.582299999914e-07,2.999998860442e-11,3.999998943183e-11,3.999999914628e-10
1.73000000,3.312495010000e-03,3.275236700000e-04,2.566771000000e-05,1.936149999993e-06,1.669999999954e-07,1.999998777702e-11,0.000000000000e+00,1.800000010155e-10
1.74000000,3.450141800000e-03,3.448571200000e-04,2.708292999999e-05,2.043309999991e-06,1.762399999966e-07,1.000000082740e-11,-3.000000248221e-11,-7.300000881560e-11
1.75000000,3.591736620000e-03,3.630732800000e-04,2.857565999999e-05,2.156470000000e-06,1.859799999976e-07,1.000000082740e-11,-6.500000537812e-11,-3.320000108165e-10
1.76000000,3.737427360000e-03,3.822141400000e-04,3.015008000000e-05,2.275989999995e-06,1.962599999877e-07,-6.000006047557e-12,-1.010000000301e-10,-5.909999989395e-10
1.77000000,3.887253090000e-03,4.023232900000e-04,3.181059000000e-05,2.402209999988e-06,2.070999999965e-07,-1.699999863103e-11,-1.360000029260e-10,-8.380000027230e-10
1.78000000,4.040922340000e-03,4.234462400000e-04,3.356183000000e-05,2.535519999999e-06,2.185299999985e-07,-2.900001072614e-11,-1.710000058219e-10,-1.063999999218e-09
1.79000000,4.198267500000e-03,4.456301700000e-04,3.540868999999e-05,2.676289999989e-06,2.305999999980e-07,-4.200000069954e-11,-2.040000113279e-10,-1.258000009718e-09
1.80000000,4.359096160000e-03,4.689242000000e-04,3.735630000000e-05,2.824929999992e-06,2.433399999974e-07,-5.600001018458e-11,-2.350000055662e-10,-1.410000005642e-09
1.81000000,4.523184100000e-03,4.933792900000e-04,3.941008000000e-05,2.981850000000e-06,2.567900000000e-07,-6.900000015797e-11,-2.640000024146e-10,-1.511000005672e-09
1.82000000,4.690258520000e-03,5.190483300000e-04,4.157571999999e-05,3.147509999996e-06,2.709999999961e-07,-8.300000964301e-11,-2.910000018730e-10,-1.559000012419e-09
1.83000000,4.859972550000e-03,5.459861600000e-04,4.385920000000e-05,3.322350000001e-06,2.860099999891e-07,-9.700000525026e-11,-3.140000065516e-10,-1.551000008981e-09
1.84000000,5.031878130000e-03,5.742495900000e-04,4.626682999999e-05,3.506869999989e-06,3.018699999968e-07,-1.110000008575e-10,-3.340000082064e-10,-1.486000003603e-09
1.85000000,5.205424020000e-03,6.038973900000e-04,4.880523999999e-05,3.701549999999e-06,3.186299999958e-07,-1.240000047087e-10,-3.490000094475e-10,-1.366000007552e-09
1.86000000,5.380003910000e-03,6.349903500000e-04,5.148138000000e-05,3.906949999993e-06,3.363199999884e-07,-1.360000029260e-10,-3.610000076648e-10,-1.191999998706e-09
1.87000000,5.555048990000e-03,6.675911900000e-04,5.430260000000e-05,4.123629999991e-06,3.550199999952e-07,-1.460000037534e-10,-3.680000054684e-10,-9.690000052354e-10
1.88000000,5.730238320000e-03,7.017647000000e-04,5.727658999999e-05,4.352180000000e-06,3.747599999909e-07,-1.540000071909e-10,-3.700000028584e-10,-7.070000002107e-10
1.89000000,5.905267900000e-03,7.375777600000e-04,6.041144999999e-05,4.593259999991e-06,3.955999999944e-07,-1.590000076046e-10,-3.669999998346e-10,-4.160000122155e-10
1.90000000,6.080083770000e-03,7.750991500000e-04,6.371569999999e-05,4.847539999991e-06,4.175999999967e-07,-1.620000106284e-10,-3.600000020310e-10,-1.080000117115e-10
1.91000000,6.254677720000e-03,8.143996900000e-04,6.719828000000e-05,5.115749999993e-06,4.408299999897e-07,-1.610000049945e-10,-3.470000120576e-10,1.999999887925e-10
1.92000000,6.428963450000e-03,8.555517500000e-04,7.086857999999e-05,5.398649999988e-06,4.653399999915e-07,-1.560000045808e-10,-3.310000051826e-10,4.999999997368e-10
1.93000000,6.601991690000e-03,8.986287200000e-04,7.473650999999e-05,5.697089999993e-06,4.912099999949e-07,-1.480000011433e-10,-3.090000061379e-10,7.799999951486e-10
1.94000000,6.773009060000e-03,9.437050600000e-04,7.881241999999e-05,6.011919999993e-06,5.185099999916e-07,-1.350000111700e-10,-2.850000097032e-10,1.020000001128e-09
1.95000000,6.941295570000e-03,9.908495800000e-04,8.310721999999e-05,6.344069999997e-06,5.473299999892e-07,-1.170000069051e-10,-2.559999989771e-10,1.199999988266e-09
1.96000000,7.106128460000e-03,1.040152760000e-03,8.763236999999e-05,6.694529999990e-06,5.777299999926e-07,-9.500000786034e-11,-2.250000047388e-10,1.329999999022e-09
1.97000000,7.266765360000e-03,1.091718640000e-03,9.239987000000e-05,7.064330000001e-06,6.098299999979e-07,-6.900000015797e-11,-1.919999992328e-10,1.399999990936e-09
1.98000000,7.422450430000e-03,1.145653980000e-03,9.742237999999e-05,7.454559999995e-06,6.437099999979e-07,-3.900001155355e-11,-1.580000019707e-10,1.409999991764e-09
1.99000000,7.572423650000e-03,1.202049170000e-03,1.027131100000e-04,7.866369999998e-06,6.794599999999e-07,-5.000000413702e-12,-1.220000073188e-10,1.350000000677e-09
2.00000000,7.715940810000e-03,1.261003580000e-03,1.082859900000e-04,8.300980000001e-06,7.172100000008e-07,2.999998860442e-11,-8.700000442285e-11,1.229999990748e-09
2.01000000,7.852296700000e-03,1.322615470000e-03,1.141555900000e-04,8.759649999995e-06,7.570499999943e-07,6.999999191404e-11,-5.200000152694e-11,1.049999989733e-09
2.02000000,7.980836280000e-03,1.386982570000e-03,1.203372400000e-04,9.243709999995e-06,7.991099999910e-07,1.199999960511e-10,-1.900000989874e-11,8.299999992856e-10
2.03000000,8.100956260000e-03,1.454202290000e-03,1.268469500000e-04,9.754549999991e-06,8.435000000001e-07,1.700000001881e-10,1.000000082740e-11,5.699999916509e-10
2.04000000,8.212110270000e-03,1.524372460000e-03,1.337015700000e-04,1.029364999999e-05,8.903599999915e-07,2.199999904473e-10,3.999998943183e-11,2.799999954117e-10
2.05000000,8.313806320000e-03,1.597590600000e-03,1.409187400000e-04,1.086252999999e-05,9.398099999891e-07,2.699999945843e-10,5.999999108663e-11,-1.000000082740e-11
2.06000000,8.405658590000e-03,1.673953110000e-03,1.485169200000e-04,1.146280000000e-05,9.920099999922e-07,3.199999987213e-10,8.999999356885e-11,-3.000000109443e-10
2.07000000,8.487202740000e-03,1.753555260000e-03,1.565155100000e-04,1.209615999999e-05,1.047089999998e-06,3.799999898080e-10,9.999999439625e-11,-5.740000003085e-10
2.08000000,8.558173710000e-03,1.836489720000e-03,1.649347700000e-04,1.276437999999e-05,1.105209999991e-06,4.299999939450e-10,1.199999960511e-10,-8.190000067021e-10
2.09000000,8.618366950000e-03,1.922846820000e-03,1.737959600000e-04,1.346933999999e-05,1.166550000001e-06,4.899999989094e-10,1.199999960511e-10,-1.022000012396e-09
2.10000000,8.667646880000e-03,2.012713240000e-03,1.831213400000e-04,1.421301000000e-05,1.231269999999e-06,5.499999899961e-10,1.299999968785e-10,-1.177000011343e-09
2.11000000,8.705590990000e-03,2.106170930000e-03,1.929341800000e-04,1.499748000000e-05,1.299569999988e-06,6.099999949605e-10,1.299999968785e-10,-1.276000000106e-09
2.12000000,8.731948400000e-03,2.203296360000e-03,2.032588600000e-04,1.582494999999e-05,1.371639999997e-06,6.699999999249e-10,1.199999960511e-10,-1.317000009049e-09
2.13000000,8.746461730000e-03,2.304158800000e-03,2.141208800000e-04,1.669774999999e-05,1.447679999989e-06,7.199999901841e-10,1.099999952237e-10,-1.300000010418e-09
2.14000000,8.749588700000e-03,2.408819460000e-03,2.255469400000e-04,1.761832000000e-05,1.527929999995e-06,7.799999951486e-10,8.999999356885e-11,-1.228999998992e-09
2.15000000,8.741216760000e-03,2.517327330000e-03,2.375649000000e-04,1.858927999999e-05,1.612609999993e-06,8.299999992856e-10,6.999999191404e-11,-1.105000008161e-09
2.16000000,8.720966420000e-03,2.629718770000e-03,2.502039300000e-04,1.961334999999e-05,1.701969999990e-06,8.799999895448e-10,4.999999025923e-11,-9.359999997294e-10
2.17000000,8.688707140000e-03,2.746009810000e-03,2.634944700000e-04,2.069343000000e-05,1.796259999992e-06,9.299999936818e-10,1.999998777702e-11,-7.289999992555e-10
2.18000000,8.644740440000e-03,2.866190280000e-03,2.774682600000e-04,2.183255999999e-05,1.895769999996e-06,9.799999978188e-10,-9.000009071336e-12,-4.970000105908e-10
2.19000000,8.589358370000e-03,2.990219930000e-03,2.921585100000e-04,2.303396999999e-05,2.000779999997e-06,1.020000001128e-09,-4.300000633339e-11,-2.510000124412e-10
2.20000000,8.522960420000e-03,3.118021500000e-03,3.075998100000e-04,2.430102999999e-05,2.111579999992e-06,1.059999990560e-09,-7.800000922931e-11,-5.000000413702e-12
2.21000000,8.445950010000e-03,3.249512580000e-03,3.238283000000e-04,2.563731999999e-05,2.228519999994e-06,1.099999993870e-09,-1.150000095151e-10,2.299999912747e-10
2.22000000,8.358758410000e-03,3.384698300000e-03,3.408816400000e-04,2.704656999999e-05,2.351909999990e-06,1.129999996352e-09,-1.530000015570e-10,4.399999947724e-10
2.23000000,8.261850900000e-03,3.523604620000e-03,3.587990700000e-04,2.853273999999e-05,2.482119999994e-06,1.159999998834e-09,-1.900000018429e-10,6.199999957879e-10
2.24000000,8.155727290000e-03,3.666494800000e-03,3.776215000000e-04,3.009997999999e-05,2.619529999998e-06,1.190000001317e-09,-2.260000103727e-10,7.499999926663e-10
2.25000000,8.040905670000e-03,3.813522570000e-03,3.973914900000e-04,3.175262999999e-05,2.764539999991e-06,1.219999989921e-09,-2.609999993908e-10,8.400000001130e-10
2.26000000,7.917927030000e-03,3.964454190000e-03,4.181533600000e-04,3.349527999999e-05,2.917549999995e-06,1.249999992403e-09,-2.929999992629e-10,8.799999895448e-10
2.27000000,7.787349620000e-03,4.119094550000e-03,4.399531700000e-04,3.533275999999e-05,3.079019999991e-06,1.279999994885e-09,-3.210000043552e-10,8.599999878900e-10
2.28000000,7.649739980000e-03,4.277262590000e-03,4.628388300000e-04,3.727011000000e-05,3.249409999989e-06,1.319999998195e-09,-3.460000064237e-10,8.099999976308e-10
2.29000000,7.505669680000e-03,4.438752000000e-03,4.868600300000e-04,3.931266000000e-05,3.429219999990e-06,1.350000000677e-09,-3.650000024447e-10,6.999999885293e-10
2.30000000,7.355722840000e-03,4.603319090000e-03,5.120683900000e-04,4.146601999999e-05,3.618959999993e-06,1.389999990109e-09,-3.790000119297e-10,5.599999908235e-10
2.31000000,7.200473340000e-03,4.770660810000e-03,5.385174000000e-04,4.373605999999e-05,3.819179999989e-06,1.429999993419e-09,-3.870000014894e-10,3.899999906354e-10
2.32000000,7.040507370000e-03,4.940390390000e-03,5.662624800000e-04,4.612897999999e-05,4.030459999999e-06,1.489999998383e-09,-3.889999988793e-10,1.999999887925e-10
2.33000000,6.876496300000e-03,5.112015070000e-03,5.953609700000e-04,4.865128999999e-05,4.253409999988e-06,1.539999988642e-09,-3.840000123434e-10,-4.000008657634e-12
2.34000000,6.709793700000e-03,5.284958110000e-03,6.258722000000e-04,5.130985000000e-05,4.488669999997e-06,1.609999994434e-09,-3.730000058821e-10,-2.110000091315e-10
2.35000000,6.542612710000e-03,5.458622030000e-03,6.578574700000e-04,5.411186000000e-05,4.736919999998e-06,1.690000001053e-09,-3.550000016173e-10,-4.110000118018e-10
2.36000000,6.375356550000e-03,5.632492370000e-03,6.913798800000e-04,5.706490999999e-05,4.998869999995e-06,1.779999994622e-09,-3.310000051826e-10,-5.959999993532e-10
2.37000000,6.207419950000e-03,5.806385270000e-03,7.265048800000e-04,6.017694999999e-05,5.275279999994e-06,1.879999989018e-09,-3.020000083342e-10,-7.570000043478e-10
2.38000000,6.038219310000e-03,5.979888020000e-03,7.632994900000e-04,6.345635999999e-05,5.566939999993e-06,1.989999998120e-09,-2.680000110722e-10,-8.880000068601e-10
2.39000000,5.868457500000e-03,6.153161050000e-03,8.018329400000e-04,6.691195000000e-05,5.874689999991e-06,2.119999994998e-09,-2.289999995186e-10,-9.850000121103e-10
2.40000000,5.698544550000e-03,6.326168470000e-03,8.421762800000e-04,7.055294000000e-05,6.199399999990e-06,2.259999992704e-09,-1.880000044530e-10,-1.045000003197e-09
2.41000000,5.528846330000e-03,6.498421500000e-03,8.844016100000e-04,7.438907000000e-05,6.542020000000e-06,2.419999992065e-09,-1.430000007296e-10,-1.066000010486e-09
2.42000000,5.359712920000e-03,6.669017370000e-03,9.285823000000e-04,7.843050999999e-05,6.903519999990e-06,2.589999992253e-09,-9.800001088411e-11,-1.048000006221e-09
2.43000000,5.191436040000e-03,6.837234360000e-03,9.747879200000e-04,8.268795999999e-05,7.284929999990e-06,2.779999994096e-09,-5.100000977087e-11,-9.920000099140e-10
2.44000000,5.024312360000e-03,7.002363800000e-03,1.023096880000e-03,8.717267000000e-05,7.687349999994e-06,2.979999996766e-09,-6.000006047557e-12,-9.010000107113e-10
2.45000000,4.858613870000e-03,7.163685890000e-03,1.073610160000e-03,9.189642000000e-05,8.111919999998e-06,3.209999988041e-09,3.999998943183e-11,-7.820000064163e-10
2.46000000,4.694598010000e-03,7.320464920000e-03,1.126435880000e-03,9.687156999999e-05,8.559849999992e-06,3.449999994021e-09,7.999999274144e-11,-6.400000113205e-10
2.47000000,4.532512310000e-03,7.471958320000e-03,1.181664160000e-03,1.021111000000e-04,9.032430000000e-06,3.709999987778e-09,1.199999960511e-10,-4.840000067396e-10
2.48000000,4.372627590000e-03,7.617425540000e-03,1.239391410000e-03,1.076286500000e-04,9.530989999992e-06,3.989999997067e-09,1.599999993607e-10,-3.220000099891e-10
2.49000000,4.215457450000e-03,7.756152090000e-03,1.299714770000e-03,1.134384700000e-04,1.005694999999e-05,4.279999993306e-09,1.899999879651e-10,-1.630000023845e-10
2.50000000,4.062201000000e-03,7.887465180000e-03,1.362730600000e-03,1.195555800000e-04,1.061180999999e-05,4.599999992028e-09,2.099999896199e-10,-1.400000948504e-11
2.51000000,3.913490370000e-03,8.010743150000e-03,1.428535370000e-03,1.259956900000e-04,1.119713000000e-05,4.929999991576e-09,2.399999921021e-10,1.199999960511e-10
2.52000000,3.768665220000e-03,8.125415950000e-03,1.497225480000e-03,1.327752600000e-04,1.181458999999e-05,5.279999992780e-09,2.499999929295e-10,2.299999912747e-10
2.53000000,3.626823390000e-03,8.230968570000e-03,1.568897410000e-03,1.399116000000e-04,1.246593000000e-05,5.649999995638e-09,2.599999937569e-10,3.199999987213e-10
2.54000000,3.488175650000e-03,8.326937780000e-03,1.643646700000e-03,1.474227900000e-04,1.315299000000e-05,6.029999999324e-09,2.699999945843e-10,3.899999906354e-10
2.55000000,3.352834840000e-03,8.412950880000e-03,1.721567800000e-03,1.553278200000e-04,1.387772000000e-05,6.439999991614e-09,2.599999937569e-10,4.199999931176e-10
2.56000000,3.220862390000e-03,8.488588820000e-03,1.802753360000e-03,1.636465600000e-04,1.464215999999e-05,6.859999998610e-09,2.599999937569e-10,4.299999939450e-10
2.57000000,3.092290450000e-03,8.553582960000e-03,1.887293380000e-03,1.723997900000e-04,1.544848000000e-05,7.289999992555e-09,2.399999921021e-10,4.099999922902e-10
2.58000000,2.967143770000e-03,8.607746810000e-03,1.975274870000e-03,1.816092900000e-04,1.629892999999e-05,7.749999988982e-09,2.299999912747e-10,3.699999889806e-10
2.59000000,2.845432270000e-03,8.650968030000e-03,2.066780860000e-03,1.912978800000e-04,1.719592999999e-05,8.220000000114e-09,2.099999896199e-10,3.099999978939e-10
2.60000000,2.727149390000e-03,8.682883950000e-03,2.161887320000e-03,2.014893200000e-04,1.814198000000e-05,8.699999998196e-09,1.800000010155e-10,2.399999921021e-10
2.61000000,2.612280300000e-03,8.703152680000e-03,2.260664010000e-03,2.122085200000e-04,1.913973999999e-05,9.199999997933e-09,1.599999993607e-10,1.599999993607e-10
2.62000000,2.500802490000e-03,8.711916630000e-03,2.363176470000e-03,2.234816600000e-04,2.019201999999e-05,9.719999999325e-09,1.299999968785e-10,6.999999191404e-11
2.63000000,2.392685290000e-03,8.709401650000e-03,2.469478620000e-03,2.353360600000e-04,2.130175999999e-05,1.025999998849e-08,9.999999439625e-11,-2.600000770236e-11
2.64000000,2.287895990000e-03,8.695447990000e-03,2.579607660000e-03,2.478000500000e-04,2.247206000000e-05,1.081999999319e-08,6.999999191404e-11,-1.170000069051e-10
2.65000000,2.186399340000e-03,8.669459740000e-03,2.693589060000e-03,2.609034100000e-04,2.370619000000e-05,1.141000000038e-08,4.999999025923e-11,-2.040000113279e-10
2.66000000,2.088151940000e-03,8.631697730000e-03,2.811424850000e-03,2.746771800000e-04,2.500758000000e-05,1.201999999534e-08,2.999998860442e-11,-2.820000066794e-10
2.67000000,1.993116010000e-03,8.582454640000e-03,2.933089930000e-03,2.891537800000e-04,2.637985999999e-05,1.265999999278e-08,1.000000082740e-11,-3.490000094475e-10
2.68000000,1.901244700000e-03,8.522100980000e-03,3.058524440000e-03,3.043670400000e-04,2.782682999999e-05,1.333999999353e-08,-1.100000646126e-11,-4.040000001204e-10
2.69000000,1.812496920000e-03,8.451009110000e-03,3.187635250000e-03,3.203522100000e-04,2.935251000000e-05,1.404999999677e-08,-2.199999904473e-11,-4.440000034300e-10
2.70000000,1.726835120000e-03,8.369588430000e-03,3.320405830000e-03,3.371461000000e-04,3.096111999999e-05,1.479999998943e-08,-2.800000509229e-11,-4.690000054985e-10
2.71000000,1.644278360000e-03,8.278279280000e-03,3.456772370000e-03,3.547870400000e-04,3.265710000000e-05,1.560000000012e-08,-3.000000248221e-11,-4.780000006921e-10
2.72000000,1.564922600000e-03,8.177557920000e-03,3.596994600000e-03,3.733150100000e-04,3.444512999999e-05,1.644000000023e-08,-2.600000770236e-11,-4.720000085223e-10
2.73000000,1.488896150000e-03,8.067927540000e-03,3.741216990000e-03,3.927715600000e-04,3.633012000000e-05,1.732999999060e-08,-1.800000426488e-11,-4.529999986236e-10
2.74000000,1.416020930000e-03,7.949914270000e-03,3.889454320000e-03,4.131999900000e-04,3.831723999999e-05,1.826999999899e-08,-6.000006047557e-12,-4.220000043853e-10
2.75000000,1.346017460000e-03,7.824064220000e-03,4.041420410000e-03,4.346452600000e-04,4.041193000000e-05,1.925999999763e-08,1.000000082740e-11,-3.820000010757e-10
2.76000000,1.278748370000e-03,7.690939020000e-03,4.196947490000e-03,4.571541900000e-04,4.261991000000e-05,2.031000000124e-08,2.999998860442e-11,-3.349999999624e-10
2.77000000,1.214136940000e-03,7.551109710000e-03,4.355843230000e-03,4.807753600000e-04,4.494718999999e-05,2.142999999677e-08,4.999999025923e-11,-2.850000097032e-10
2.78000000,1.152112680000e-03,7.405152000000e-03,4.517885250000e-03,5.055591000000e-04,4.740011000000e-05,2.261999999809e-08,6.999999191404e-11,-2.339999999323e-10
2.79000000,1.092592970000e-03,7.253649110000e-03,4.682805490000e-03,5.315577800000e-04,4.998532000000e-05,2.387999999132e-08,8.999999356885e-11,-1.860000070630e-10
2.80000000,1.035501800000e-03,7.097186730000e-03,4.850267750000e-03,5.588255100000e-04,5.270979999999e-05,2.522999999199e-08,9.999999439625e-11,-1.440000063635e-10
2.81000000,9.807625100000e-04,6.936373540000e-03,5.019843590000e-03,5.874183800000e-04,5.558089999999e-05,2.665999999929e-08,1.199999960511e-10,-1.090000034676e-10
2.82000000,9.283010400000e-04,6.772231620000e-03,5.191002480000e-03,6.173942900000e-04,5.860635999999e-05,2.819000000098e-08,1.299999968785e-10,-8.400000139908e-11
2.83000000,8.780444000000e-04,6.606727160000e-03,5.363155790000e-03,6.488131600000e-04,6.179430000000e-05,2.980999999624e-08,1.399999977059e-10,-7.100001142568e-11
2.84000000,8.299236400000e-04,6.441381110000e-03,5.535730720000e-03,6.817369500000e-04,6.515322999999e-05,3.154000000061e-08,1.399999977059e-10,-7.100001142568e-11
2.85000000,7.838726300000e-04,6.275561390000e-03,5.708335090000e-03,7.162291800000e-04,6.869213999999e-05,3.338000000019e-08,1.399999977059e-10,-8.400000139908e-11
2.86000000,7.398272400000e-04,6.108351970000e-03,5.880731660000e-03,7.523557300000e-04,7.242043000000e-05,3.531999999418e-08,1.399999977059e-10,-1.100000091014e-10
2.87000000,6.977272600000e-04,5.940324930000e-03,6.052714740000e-03,7.901843400000e-04,7.634797999999e-05,3.738999999892e-08,1.299999968785e-10,-1.470000093873e-10
2.88000000,6.575124100000e-04,5.771996470000e-03,6.224343360000e-03,8.297847200000e-04,8.048518999999e-05,3.957999999971e-08,1.199999960511e-10,-1.940000105005e-10
2.89000000,6.191258100000e-04,5.603705690000e-03,6.395593280000e-03,8.712281300000e-04,8.484293000000e-05,4.190999999820e-08,1.099999952237e-10,-2.470000037835e-10
2.90000000,5.825124300000e-04,5.435804560000e-03,6.565585260000e-03,9.145866200000e-04,8.943268000000e-05,4.436999999358e-08,8.999999356885e-11,-3.040000057242e-10
2.91000000,5.476161800000e-04,5.268612510000e-03,6.733553560000e-03,9.599322600000e-04,9.426641999999e-05,4.695999999971e-08,6.999999191404e-11,-3.610000076648e-10
2.92000000,5.143829700000e-04,5.102426090000e-03,6.898792930000e-03,1.007332890000e-03,9.935677999999e-05,4.968999998967e-08,4.999999025923e-11,-4.140000009478e-10
2.93000000,4.827578500000e-04,4.937531990000e-03,7.060602650000e-03,1.056886630000e-03,1.047169900000e-04,5.255999999121e-08,2.999998860442e-11,-4.590000046711e-10
2.94000000,4.526872200000e-04,4.774202240000e-03,7.218267810000e-03,1.108698040000e-03,1.103609200000e-04,5.556999999046e-08,1.000000082740e-11,-4.940000075671e-10
2.95000000,4.241163700000e-04,4.612694560000e-03,7.371062390000e-03,1.162861810000e-03,1.163031700000e-04,5.872000000129e-08,-8.000003437481e-12,-5.140000092219e-10
2.96000000,3.969911800000e-04,4.453264240000e-03,7.518256340000e-03,1.219470500000e-03,1.225590100000e-04,6.202999999760e-08,-2.100000728866e-11,-5.200000013916e-10
2.97000000,3.712572400000e-04,4.296221360000e-03,7.659130290000e-03,1.278620510000e-03,1.291445000000e-04,6.549999999328e-08,-3.100000811607e-11,-5.090000088082e-10
2.98000000,3.468604600000e-04,4.142399690000e-03,7.792996070000e-03,1.340407240000e-03,1.360764200000e-04,6.914999998997e-08,-3.400001113985e-11,-4.800000119598e-10
2.99000000,3.237502000000e-04,3.993003240000e-03,7.919208730000e-03,1.404925960000e-03,1.433724100000e-04,7.297000000073e-08,-3.100000811607e-11,-4.340000026026e-10
3.00000000,3.018761400000e-04,3.847893710000e-03,8.037170390000e-03,1.472272160000e-03,1.510509600000e-04,7.697999999945e-08,-2.000000165481e-11,-3.720000002483e-10
3.01000000,2.811881800000e-04,3.706114120000e-03,8.146340170000e-03,1.542541470000e-03,1.591314000000e-04,8.119000000084e-08,0.000000000000e+00,-2.960000022867e-10
3.02000000,2.616395900000e-04,3.567396860000e-03,8.246228270000e-03,1.615828830000e-03,1.676339800000e-04,8.562999999351e-08,2.999998860442e-11,-2.090000117416e-10
3.03000000,2.431856400000e-04,3.431929970000e-03,8.336394700000e-03,1.692228120000e-03,1.765798900000e-04,9.028999999050e-08,6.999999191404e-11,-1.150000095151e-10
3.04000000,2.257832000000e-04,3.299788650000e-03,8.416474750000e-03,1.771831500000e-03,1.859913300000e-04,9.521999999595e-08,1.199999960511e-10,-1.699999863103e-11
3.05000000,2.093924400000e-04,3.171008190000e-03,8.486109740000e-03,1.854729100000e-03,1.958915800000e-04,1.004099999952e-07,1.700000001881e-10,7.999999274144e-11
3.06000000,1.939743200000e-04,3.045605660000e-03,8.545004360000e-03,1.941008150000e-03,2.063049600000e-04,1.058999999914e-07,2.399999921021e-10,1.700000001881e-10
3.07000000,1.794922000000e-04,2.923590400000e-03,8.593002930000e-03,2.030752100000e-03,2.172569300000e-04,1.116999999995e-07,3.099999978939e-10,2.499999929295e-10
3.08000000,1.659111500000e-04,2.804951270000e-03,8.630024620000e-03,2.124039470000e-03,2.287741300000e-04,1.178299999932e-07,3.899999906354e-10,3.199999987213e-10
3.09000000,1.531967800000e-04,2.689669840000e-03,8.655711760000e-03,2.220943240000e-03,2.408844200000e-04,1.243199999890e-07,4.699999972546e-10,3.699999889806e-10
3.10000000,1.413164900000e-04,2.577722440000e-03,8.669787370000e-03,2.321529100000e-03,2.536169100000e-04,1.311700000006e-07,5.599999908235e-10,3.999999914628e-10
3.11000000,1.302375900000e-04,2.469077430000e-03,8.672723950000e-03,2.425853970000e-03,2.670020300000e-04,1.384099999890e-07,6.399999974427e-10,4.199999931176e-10
3.12000000,1.199280200000e-04,2.363696610000e-03,8.664463710000e-03,2.533963450000e-03,2.810715700000e-04,1.460699999983e-07,7.199999901841e-10,4.099999922902e-10
3.13000000,1.103561000000e-04,2.261543770000e-03,8.644493750000e-03,2.645889310000e-03,2.958587200000e-04,1.541599999877e-07,7.999999968034e-10,3.899999906354e-10
3.14000000,1.014899200000e-04,2.162574240000e-03,8.612637700000e-03,2.761644600000e-03,3.113981200000e-04,1.627000000004e-07,8.699999887174e-10,3.500000012036e-10
3.15000000,9.329798999999e-05,2.066747150000e-03,8.569268770000e-03,2.881217610000e-03,3.277259300000e-04,1.717299999981e-07,9.399999945092e-10,3.099999978939e-10
3.16000000,8.574863999999e-05,1.974014080000e-03,8.514744350000e-03,3.004565860000e-03,3.448798700000e-04,1.812699999965e-07,9.999999994736e-10,2.499999929295e-10
3.17000000,7.881047000000e-05,1.884328170000e-03,8.449414100000e-03,3.131611120000e-03,3.628992400000e-04,1.913499999978e-07,1.059999990560e-09,1.899999879651e-10
3.18000000,7.245240999999e-05,1.797646020000e-03,8.373664930000e-03,3.262277850000e-03,3.818250200000e-04,2.019999999908e-07,1.109999994697e-09,1.199999960511e-10
3.19000000,6.664374000000e-05,1.713923680000e-03,8.287917010000e-03,3.396560070000e-03,4.016999100000e-04,2.132599999927e-07,1.149999998007e-09,5.999999108663e-11
3.20000000,6.135441999999e-05,1.633184900000e-03,8.192628230000e-03,3.534512970000e-03,4.225683200000e-04,2.251499999911e-07,1.190000001317e-09,1.000000082740e-11
3.21000000,5.655501000000e-05,1.555532460000e-03,8.088286440000e-03,3.676377160000e-03,4.444765200000e-04,2.377299999912e-07,1.219999989921e-09,-3.700000028584e-11
3.22000000,5.221707000000e-05,1.481057950000e-03,7.975401440000e-03,3.822299840000e-03,4.674726000000e-04,2.510199999944e-07,1.249999992403e-09,-7.500000620553e-11
3.23000000,4.831307000000e-05,1.409577150000e-03,7.854511740000e-03,3.972016760000e-03,4.916065700000e-04,2.650599999904e-07,1.289999995713e-09,-1.040000030539e-10
3.24000000,4.481654999999e-05,1.340802290000e-03,7.726161630000e-03,4.125347270000e-03,5.169303100000e-04,2.798799999953e-07,1.319999998195e-09,-1.240000047087e-10
3.25000000,4.170229000000e-05,1.274626080000e-03,7.590911120000e-03,4.282111920000e-03,5.434977600000e-04,2.955299999996e-07,1.359999987627e-09,-1.360000029260e-10
3.26000000,3.894592999999e-05,1.210985190000e-03,7.449329000000e-03,4.442107050000e-03,5.713647500000e-04,3.120399999917e-07,1.409999991764e-09,-1.410000033397e-10
3.27000000,3.652403000000e-05,1.149799540000e-03,7.301982820000e-03,4.605092110000e-03,6.005891800000e-04,3.294399999881e-07,1.469999996728e-09,-1.420000089736e-10
3.28000000,3.441376999999e-05,1.090997810000e-03,7.149452510000e-03,4.770772760000e-03,6.312309500000e-04,3.477899999937e-07,1.529999987815e-09,-1.410000033397e-10
3.29000000,3.259372999999e-05,1.034509190000e-03,6.992350970000e-03,4.938776150000e-03,6.633520100000e-04,3.671299999980e-07,1.609999994434e-09,-1.410000033397e-10
3.30000000,3.104337000000e-05,9.802616400000e-04,6.831375630000e-03,5.108629640000e-03,6.970162800000e-04,3.874999999903e-07,1.709999988830e-09,-1.430000007296e-10
3.31000000,2.974175999999e-05,9.281884900000e-04,6.668210640000e-03,5.279775430000e-03,7.322900100000e-04,4.089599999896e-07,1.819999997932e-09,-1.500000124111e-10
3.32000000,2.866855000000e-05,8.782211100000e-04,6.504849750000e-03,5.451630260000e-03,7.692413000000e-04,4.315899999885e-07,1.939999993983e-09,-1.630000023845e-10
3.33000000,2.780426000000e-05,8.302953900000e-04,6.341289230000e-03,5.623671360000e-03,8.079404400000e-04,4.554399999912e-07,2.079999991689e-09,-1.810000066493e-10
3.34000000,2.712998000000e-05,7.843490600000e-04,6.176489780000e-03,5.795687990000e-03,8.484595900000e-04,4.805899999905e-07,2.239999991049e-09,-2.060000087178e-10
3.35000000,2.662848000000e-05,7.403205900000e-04,6.010518490000e-03,5.967276330000e-03,8.908721500000e-04,5.071199999929e-07,2.419999992065e-09,-2.350000055662e-10
3.36000000,2.628303999999e-05,6.981517800000e-04,5.843988850000e-03,6.138569900000e-03,9.352521700000e-04,5.351299999928e-07,2.609999993908e-09,-2.680000110722e-10
3.37000000,2.607608999999e-05,6.577835000000e-04,5.677334030000e-03,6.309531580000e-03,9.816742800000e-04,5.646999999970e-07,2.809999996578e-09,-3.020000083342e-10
3.38000000,2.599414000000e-05,6.191619000000e-04,5.510915760000e-03,6.479754810000e-03,1.030212290000e-03,5.959299999997e-07,3.020000000076e-09,-3.349999999624e-10
3.39000000,2.602486000000e-05,5.822318000000e-04,5.345063980000e-03,6.648338850000e-03,1.080978730000e-03,6.289099999945e-07,3.239999990523e-09,-3.650000024447e-10
3.40000000,2.615959999999e-05,5.469406200000e-04,5.180090850000e-03,6.814585770000e-03,1.134095710000e-03,6.637499999906e-07,3.459999994848e-09,-3.900000045132e-10
3.41000000,2.638903999999e-05,5.132372100000e-04,5.016284280000e-03,6.977811130000e-03,1.189651320000e-03,7.005399999954e-07,3.679999999173e-09,-4.070000031442e-10
3.42000000,2.670198999999e-05,4.810705400000e-04,4.853912620000e-03,7.137322320000e-03,1.247743620000e-03,7.393899999902e-07,3.909999990448e-09,-4.170000039716e-10
3.43000000,2.708877999999e-05,4.503937600000e-04,4.693232100000e-03,7.292414520000e-03,1.308468030000e-03,7.804099999981e-07,4.129999994773e-09,-4.160000122155e-10
3.44000000,2.753912999999e-05,4.211599000000e-04,4.534479080000e-03,7.442375450000e-03,1.371919730000e-03,8.236999999994e-07,4.339999998271e-09,-4.060000113881e-10
3.45000000,2.804387999999e-05,3.933239100000e-04,4.377910310000e-03,7.586495430000e-03,1.438194100000e-03,8.693899999912e-07,4.549999987891e-09,-3.870000014894e-10
3.46000000,2.859487000000e-05,3.668420300000e-04,4.224007850000e-03,7.724079880000e-03,1.507388330000e-03,9.175799999955e-07,4.759999991388e-09,-3.600000020310e-10
3.47000000,2.918438999999e-05,3.416728100000e-04,4.073848510000e-03,7.854476160000e-03,1.579602020000e-03,9.684299999979e-07,4.959999994059e-09,-3.249999991350e-10
3.48000000,2.980536000000e-05,3.177759700000e-04,3.928158310000e-03,7.977075920000e-03,1.654936880000e-03,1.022059999994e-06,5.149999995901e-09,-2.870000070931e-10
3.49000000,3.045098000000e-05,2.951139400000e-04,3.786331000000e-03,8.091319590000e-03,1.733496370000e-03,1.078639999999e-06,5.339999997744e-09,-2.450000063936e-10
3.50000000,3.111456999999e-05,2.736488700000e-04,3.647476200000e-03,8.196704110000e-03,1.815384280000e-03,1.138329999997e-06,5.529999999587e-09,-2.030000056941e-10
3.51000000,3.178948999999e-05,2.533447300000e-04,3.511770240000e-03,8.292772180000e-03,1.900703940000e-03,1.201289999989e-06,5.729999988380e-09,-1.640000080183e-10
3.52000000,3.246860999999e-05,2.341660800000e-04,3.379326080000e-03,8.379118510000e-03,1.989556570000e-03,1.267729999990e-06,5.939999991877e-09,-1.279999994885e-10
3.53000000,3.314418000000e-05,2.160773900000e-04,3.250171350000e-03,8.455429590000e-03,2.082039750000e-03,1.337839999990e-06,6.159999996203e-09,-9.900000264018e-11
3.54000000,3.380813999999e-05,1.990439200000e-04,3.124339860000e-03,8.521308290000e-03,2.178246410000e-03,1.411819999991e-06,6.399999988305e-09,-7.700000359545e-11
3.55000000,3.445199999999e-05,1.830300900000e-04,3.001846070000e-03,8.576610080000e-03,2.278262870000e-03,1.489899999998e-06,6.669999996767e-09,-6.399999974427e-11
3.56000000,3.506699000000e-05,1.680003400000e-04,2.882687920000e-03,8.621236220000e-03,2.382167680000e-03,1.572299999988e-06,6.969999993833e-09,-6.000000496442e-11
3.57000000,3.564400999999e-05,1.539188100000e-04,2.766857730000e-03,8.654926340000e-03,2.490029690000e-03,1.659269999996e-06,7.309999994209e-09,-6.399999974427e-11
3.58000000,3.617387999999e-05,1.407492200000e-04,2.654335120000e-03,8.677227070000e-03,2.601905740000e-03,1.751049999998e-06,7.689999997895e-09,-7.700000359545e-11
3.59000000,3.664747000000e-05,1.284553300000e-04,2.545094490000e-03,8.688354920000e-03,2.717836900000e-03,1.847909999991e-06,8.119999991840e-09,-9.800001088411e-11
3.60000000,3.705587000000e-05,1.170009700000e-04,2.439107420000e-03,8.688715630000e-03,2.837842210000e-03,1.950119999997e-06,8.599999989922e-09,-1.260000020986e-10
3.61000000,3.739068000000e-05,1.063500800000e-04,2.336338400000e-03,8.678072970000e-03,2.961914110000e-03,2.057969999997e-06,9.139999992969e-09,-1.590000076046e-10
3.62000000,3.764432999999e-05,9.646731000000e-05,2.236749570000e-03,8.655820020000e-03,3.090011280000e-03,2.171769999990e-06,9.740000000980e-09,-1.960000078904e-10
3.63000000,3.781090999999e-05,8.731842000000e-05,2.140301280000e-03,8.622102280000e-03,3.222090880000e-03,2.291830000001e-06,1.038999999925e-08,-2.350000055662e-10
3.64000000,3.788486999999e-05,7.887032999999e-05,2.046949980000e-03,8.577259850000e-03,3.358236550000e-03,2.418509999991e-06,1.109999998861e-08,-2.760000006319e-10
3.65000000,3.785867999999e-05,7.109124999999e-05,1.956647340000e-03,8.521672260000e-03,3.498429030000e-03,2.552169999989e-06,1.186999999681e-08,-3.160000039415e-10
3.66000000,3.772515000000e-05,6.395076000000e-05,1.869348110000e-03,8.455716510000e-03,3.643011500000e-03,2.693179999999e-06,1.269999999609e-08,-3.550000016173e-10
3.67000000,3.747525999999e-05,5.742004999999e-05,1.785005210000e-03,8.379799890000e-03,3.792216240000e-03,2.841970000000e-06,1.357999999951e-08,-3.910000101470e-10
3.68000000,3.710535000000e-05,5.147144999999e-05,1.703581400000e-03,8.294365120000e-03,3.945927420000e-03,2.998960000000e-06,1.450999999320e-08,-4.240000017752e-10
3.69000000,3.661374000000e-05,4.607845000000e-05,1.625098890000e-03,8.199881230000e-03,4.103906090000e-03,3.164599999994e-06,1.547999999019e-08,-4.540000042574e-10
3.70000000,3.599959999999e-05,4.121538999999e-05,1.549664470000e-03,8.096849730000e-03,4.265923210000e-03,3.339389999996e-06,1.649999999132e-08,-4.800000119598e-10
3.71000000,3.526325000000e-05,3.685766000000e-05,1.477340480000e-03,7.985795280000e-03,4.431809510000e-03,3.523809999989e-06,1.755999999575e-08,-5.010000053707e-10
3.72000000,3.440622999999e-05,3.298122999999e-05,1.407942290000e-03,7.867257080000e-03,4.601387770000e-03,3.718419999993e-06,1.864999998880e-08,-5.190000096356e-10
3.73000000,3.343142999999e-05,2.956211999999e-05,1.341190160000e-03,7.741798600000e-03,4.774434830000e-03,3.923749999996e-06,1.977999999903e-08,-5.319999996090e-10
3.74000000,3.234324000000e-05,2.657644000000e-05,1.276997360000e-03,7.609979070000e-03,4.950631660000e-03,4.140419999993e-06,2.092999999703e-08,-5.400000030464e-10
3.75000000,3.114758999999e-05,2.400063999999e-05,1.215300230000e-03,7.472372360000e-03,5.129526170000e-03,4.369029999993e-06,2.210999999752e-08,-5.450000034601e-10
3.76000000,2.985195999999e-05,2.181108999999e-05,1.156019370000e-03,7.329560030000e-03,5.310584690000e-03,4.610239999994e-06,2.332000000049e-08,-5.460000090940e-10
3.77000000,2.846534999999e-05,1.998257999999e-05,1.099082430000e-03,7.182116960000e-03,5.493371810000e-03,4.864739999999e-06,2.456999999290e-08,-5.430000060702e-10
3.78000000,2.699832000000e-05,1.848975999999e-05,1.044418050000e-03,7.030643470000e-03,5.677709460000e-03,5.133249999997e-06,2.585999998861e-08,-5.360000082666e-10
3.79000000,2.546280000000e-05,1.730745999999e-05,9.919526200000e-04,6.875815250000e-03,5.863775240000e-03,5.416539999997e-06,2.718999998763e-08,-5.269999991953e-10
3.80000000,2.387189000000e-05,1.641040000000e-05,9.416160700000e-04,6.719012910000e-03,6.051084810000e-03,5.715419999996e-06,2.857999999162e-08,-5.130000035880e-10
3.81000000,2.223971000000e-05,1.577389999999e-05,8.933368800000e-04,6.562177630000e-03,6.240341650000e-03,6.030729999995e-06,3.001999999974e-08,-4.970000105908e-10
3.82000000,2.058117999999e-05,1.537449000000e-05,8.470471000000e-04,6.405700920000e-03,6.431407560000e-03,6.363400000001e-06,3.152999999978e-08,-4.770000089360e-10
3.83000000,1.891139999999e-05,1.518865000000e-05,8.026805100000e-04,6.249270300000e-03,6.623461770000e-03,6.714369999994e-06,3.312999999339e-08,-4.550000098913e-10
3.84000000,1.724569999999e-05,1.519850999999e-05,7.601758600000e-04,6.092226840000e-03,6.815483410000e-03,7.084630000001e-06,3.482999999527e-08,-4.300000078228e-10
3.85000000,1.559920999999e-05,1.539090000000e-05,7.194700200000e-04,5.935161210000e-03,7.006512850000e-03,7.475260000001e-06,3.663999999237e-08,-4.030000083644e-10
3.86000000,1.398654000000e-05,1.575193999999e-05,6.805064000000e-04,5.778542570000e-03,7.195705200000e-03,7.887379999988e-06,3.858000000023e-08,-3.750000032721e-10
3.87000000,1.242145999999e-05,1.626498000000e-05,6.432291300000e-04,5.622696080000e-03,7.382197450000e-03,8.322159999991e-06,4.066999999275e-08,-3.450000007899e-10
3.88000000,1.091673999999e-05,1.691250999999e-05,6.075857700000e-04,5.467951550000e-03,7.565101420000e-03,8.780859999988e-06,4.290999999768e-08,-3.170000095754e-10
3.89000000,9.483889999995e-06,1.767860999999e-05,5.735262300000e-04,5.314604240000e-03,7.743599800000e-03,9.264789999991e-06,4.532999998974e-08,-2.890000044831e-10
3.90000000,8.133119999990e-06,1.854875000000e-05,5.410043900000e-04,5.162927850000e-03,7.917051420000e-03,9.775339999990e-06,4.792999999670e-08,-2.640000024146e-10
3.91000000,6.873229999996e-06,1.950917999999e-05,5.099758100000e-04,5.013187470000e-03,8.085059420000e-03,1.031398000000e-05,5.070999999079e-08,-2.430000090037e-10
3.92000000,5.711539999995e-06,2.054681999999e-05,4.803991800000e-04,4.865638490000e-03,8.247561250000e-03,1.088224000000e-05,5.368999998756e-08,-2.280000077626e-10
3.93000000,4.653669999993e-06,2.164933000000e-05,4.522335400000e-04,4.720510030000e-03,8.403976380000e-03,1.148175000000e-05,5.687000000087e-08,-2.180000069352e-10
3.94000000,3.703499999994e-06,2.280494000000e-05,4.254414000000e-04,4.578026470000e-03,8.553831220000e-03,1.211424000000e-05,6.024999998910e-08,-2.170000013013e-10
3.95000000,2.863110000001e-06,2.400245999999e-05,3.999864900000e-04,4.438430550000e-03,8.697701680000e-03,1.278149999999e-05,6.382999999388e-08,-2.239999991049e-10
3.96000000,2.133000000001e-06,2.523128000000e-05,3.758336200000e-04,4.302054460000e-03,8.834959340000e-03,1.348543999999e-05,6.760000000050e-08,-2.390000003460e-10
3.97000000,1.512240000001e-06,2.648141999999e-05,3.529486900000e-04,4.169513590000e-03,8.964981620000e-03,1.422806000000e-05,7.157999999674e-08,-2.640000024146e-10
3.98000000,9.986600000012e-07,2.774362999999e-05,3.313002400000e-04,4.041637840000e-03,9.086493010000e-03,1.501147999999e-05,7.575999999565e-08,-2.979999996766e-10
3.99000000,5.889899999945e-07,2.900943999999e-05,3.108563300000e-04,3.918417800000e-03,9.198438530000e-03,1.583791000000e-05,8.013999999723e-08,-3.410000060100e-10
4.00000000,2.790799999985e-07,3.027113000000e-05,2.915866500000e-04,3.799653860000e-03,9.300006960000e-03,1.670970999999e-05,8.471999998760e-08,-3.910000101470e-10
4.01000000,6.419999999674e-08,3.152174000000e-05,2.734627700000e-04,3.684758580000e-03,9.390649820000e-03,1.762935999999e-05,8.951999999618e-08,-4.480000120877e-10
4.02000000,-6.176000000302e-08,3.275514999999e-05,2.564566900000e-04,3.573767950000e-03,9.469954090000e-03,1.859942999999e-05,9.453999999520e-08,-5.120000118319e-10
4.03000000,-1.044550000107e-07,3.396593999999e-05,2.405415500000e-04,3.466697210000e-03,9.537632490000e-03,1.962269000000e-05,9.978999999938e-08,-5.790000007222e-10
4.04000000,-6.709200001120e-08,3.514939999999e-05,2.256926000000e-04,3.363565440000e-03,9.593485350000e-03,2.070203000000e-05,1.052799999957e-07,-6.490000065140e-10
4.05000000,4.728999999926e-08,3.630132000000e-05,2.118856200000e-04,3.264345810000e-03,9.637388950000e-03,2.184048999999e-05,1.110199999987e-07,-7.200000040619e-10
4.06000000,2.350599999923e-07,3.741795999999e-05,1.990975800000e-04,3.169016580000e-03,9.669254910000e-03,2.304129000000e-05,1.170499999981e-07,-7.910000016098e-10
4.07000000,4.895699999979e-07,3.849599000000e-05,1.873072300000e-04,3.077541900000e-03,9.689110760000e-03,2.430782000000e-05,1.233699999936e-07,-8.590000100117e-10
4.08000000,8.030599999986e-07,3.953224999999e-05,1.764936700000e-04,2.989877690000e-03,9.697088620000e-03,2.564365999999e-05,1.300199999887e-07,-9.240000015120e-10
4.09000000,1.168319999995e-06,4.052370999999e-05,1.666368400000e-04,2.905974380000e-03,9.693404740000e-03,2.705255999999e-05,1.370199999989e-07,-9.830000008426e-10
4.10000000,1.578579999995e-06,4.146748999999e-05,1.577174300000e-04,2.825773550000e-03,9.677579280000e-03,2.853849999999e-05,1.444099999998e-07,-1.034000010613e-09
4.11000000,2.027409999994e-06,4.236068999999e-05,1.497165100000e-04,2.749213000000e-03,9.648839970000e-03,3.010566999999e-05,1.522199999937e-07,-1.078000008703e-09
4.12000000,2.508619999994e-06,4.320036000000e-05,1.426146600000e-04,2.676229520000e-03,9.607771430000e-03,3.175845999999e-05,1.604699999963e-07,-1.112000005965e-09
4.13000000,3.016250000001e-06,4.398359999999e-05,1.363939300000e-04,2.606756300000e-03,9.554903070000e-03,3.350148999999e-05,1.692299999995e-07,-1.136000002400e-09
4.14000000,3.544549999998e-06,4.470748999999e-05,1.310358300000e-04,2.540724590000e-03,9.490478350000e-03,3.533971000000e-05,1.785099999901e-07,-1.149000006251e-09
4.15000000,4.087939999994e-06,4.536916999999e-05,1.265225200000e-04,2.478066730000e-03,9.414645280000e-03,3.727826000000e-05,1.883700000010e-07,-1.150000011885e-09
4.16000000,4.641059999991e-06,4.596608000000e-05,1.228369700000e-04,2.418712390000e-03,9.327982220000e-03,3.932258000000e-05,1.988299999922e-07,-1.140000011057e-09
4.17000000,5.198659999997e-06,4.649592000000e-05,1.199596400000e-04,2.362588680000e-03,9.231665980000e-03,4.147838999999e-05,2.099299999947e-07,-1.118000012013e-09
4.18000000,5.755629999993e-06,4.695685999999e-05,1.178703800000e-04,2.309622840000e-03,9.126515020000e-03,4.375178999999e-05,2.217199999988e-07,-1.084000000873e-09
4.19000000,6.307030000000e-06,4.734751999999e-05,1.165506400000e-04,2.259736310000e-03,9.013552730000e-03,4.614913999999e-05,2.342099999914e-07,-1.039000011027e-09
4.20000000,6.848009999991e-06,4.766722999999e-05,1.159793200000e-04,2.212854550000e-03,8.892250970000e-03,4.867706999999e-05,2.474399999897e-07,-9.840000064765e-10
4.21000000,7.373879999995e-06,4.791613999999e-05,1.161141900000e-04,2.168891340000e-03,8.763033990000e-03,5.134271000000e-05,2.614299999953e-07,-9.200000067322e-10
4.22000000,7.880099999996e-06,4.809518000000e-05,1.169585500000e-04,2.127765210000e-03,8.626376720000e-03,5.415356999999e-05,2.762199999978e-07,-8.470000117944e-10
4.23000000,8.362449999993e-06,4.820639000000e-05,1.185046500000e-04,2.089385570000e-03,8.482768500000e-03,5.711751000000e-05,2.918199999979e-07,-7.670000051752e-10
4.24000000,8.817109999990e-06,4.825382000000e-05,1.207257500000e-04,2.053661430000e-03,8.332734430000e-03,6.024277000000e-05,3.082499999973e-07,-6.820000120200e-10
4.25000000,9.240779999989e-06,4.824015999999e-05,1.236011200000e-04,2.020494920000e-03,8.176838350000e-03,6.353817999999e-05,3.255600000002e-07,-5.920000045734e-10
4.26000000,9.630839999997e-06,4.816718999999e-05,1.271129800000e-04,1.989793160000e-03,8.015663320000e-03,6.701297999999e-05,3.437599999934e-07,-4.990000079808e-10
4.27000000,9.985519999992e-06,4.803690999999e-05,1.312454300000e-04,1.961455390000e-03,7.849798960000e-03,7.067686999999e-05,3.628999999949e-07,-4.060000113881e-10
4.28000000,1.030398000000e-05,4.785281000000e-05,1.359843200000e-04,1.935381930000e-03,7.679843640000e-03,7.454004999999e-05,3.830199999943e-07,-3.120000091617e-10
4.29000000,1.058644999999e-05,4.762018000000e-05,1.413169100000e-04,1.911470030000e-03,7.506368410000e-03,7.861344000000e-05,4.041799999965e-07,-2.210000099589e-10
4.30000000,1.083416999999e-05,4.734442000000e-05,1.472316200000e-04,1.889611740000e-03,7.329906310000e-03,8.290844000000e-05,4.264399999926e-07,-1.329999999022e-10
4.31000000,1.104946000000e-05,4.703101999999e-05,1.537182200000e-04,1.869699310000e-03,7.150957630000e-03,8.743696999999e-05,4.498500000005e-07,-5.000000413702e-11
4.32000000,1.123557999999e-05,4.668581999999e-05,1.607659100000e-04,1.851622510000e-03,6.970004620000e-03,9.221185000000e-05,4.745100000009e-07,2.999998860442e-11
4.33000000,1.139654000000e-05,4.631435999999e-05,1.683638000000e-04,1.835267110000e-03,6.787568760000e-03,9.724647999999e-05,5.005000000002e-07,9.999999439625e-11
4.34000000,1.153690000000e-05,4.592258000000e-05,1.765016700000e-04,1.820521030000e-03,6.605308620000e-03,1.025548700000e-04,5.278999999914e-07,1.700000001881e-10
4.35000000,1.166151000000e-05,4.551635000000e-05,1.851691200000e-04,1.807264060000e-03,6.425357210000e-03,1.081520700000e-04,5.568199999972e-07,2.299999912747e-10
4.36000000,1.177527000000e-05,4.510213999999e-05,1.943558200000e-04,1.795371910000e-03,6.245732960000e-03,1.140537900000e-04,5.873499999975e-07,2.799999954117e-10
4.37000000,1.188287999999e-05,4.468642000000e-05,2.040515300000e-04,1.784719870000e-03,6.066193330000e-03,1.202767400000e-04,6.196099999883e-07,3.299999995487e-10
4.38000000,1.198863999999e-05,4.427588000000e-05,2.142458800000e-04,1.775179660000e-03,5.887303300000e-03,1.268385400000e-04,6.536899999909e-07,3.699999889806e-10
4.39000000,1.209614999999e-05,4.387861999999e-05,2.249286600000e-04,1.766619820000e-03,5.709366320000e-03,1.337576900000e-04,6.897000000006e-07,4.099999922902e-10
4.40000000,1.220828000000e-05,4.350479000000e-05,2.360902000000e-04,1.758906980000e-03,5.532636950000e-03,1.410538400000e-04,7.277700000002e-07,4.399999947724e-10
4.41000000,1.232685999999e-05,4.316275999999e-05,2.477215100000e-04,1.751904130000e-03,5.357428920000e-03,1.487479000000e-04,7.679899999974e-07,4.799999980820e-10
4.42000000,1.245266000000e-05,4.286148999999e-05,2.598145200000e-04,1.745473190000e-03,5.184023220000e-03,1.568614000000e-04,8.104799999881e-07,5.199999875138e-10
4.43000000,1.258538000000e-05,4.261134000000e-05,2.723626500000e-04,1.739472910000e-03,5.012681090000e-03,1.654177600000e-04,8.553599999961e-07,5.599999908235e-10
4.44000000,1.272364999999e-05,4.242391999999e-05,2.853593300000e-04,1.733760580000e-03,4.843676170000e-03,1.744417800000e-04,9.027399999889e-07,6.199999957879e-10
4.45000000,1.286516000000e-05,4.230995000000e-05,2.987995500000e-04,1.728193580000e-03,4.677261010000e-03,1.839589800000e-04,9.527699999928e-07,6.699999999249e-10
4.46000000,1.300705000000e-05,4.227978999999e-05,3.126791000000e-04,1.722629330000e-03,4.513630380000e-03,1.939968900000e-04,1.005569999990e-06,7.499999926663e-10
4.47000000,1.314602999999e-05,4.234816000000e-05,3.269954100000e-04,1.716927630000e-03,4.353032320000e-03,2.045848200000e-04,1.061269999991e-06,8.299999992856e-10
4.48000000,1.327858000000e-05,4.253192999999e-05,3.417462900000e-04,1.710952170000e-03,4.195957300000e-03,2.157532200000e-04,1.120039999997e-06,9.299999936818e-10
4.49000000,1.340123999999e-05,4.284278000000e-05,3.569301500000e-04,1.704572190000e-03,4.043726080000e-03,2.275345900000e-04,1.182029999991e-06,1.049999989733e-09
4.50000000,1.351086000000e-05,4.329400000000e-05,3.725449800000e-04,1.697664570000e-03,3.896527810000e-03,2.399640100000e-04,1.247409999988e-06,1.180000000489e-09
4.51000000,1.360481000000e-05,4.389885999999e-05,3.885883700000e-04,1.690115260000e-03,3.752826130000e-03,2.530776900000e-04,1.316349999989e-06,1.339999999850e-09
4.52000000,1.368129000000e-05,4.467002000000e-05,4.050573000000e-04,1.681821110000e-03,3.612559000000e-03,2.669146300000e-04,1.389059999996e-06,1.510000000038e-09
4.53000000,1.373938999999e-05,4.561940999999e-05,4.219479100000e-04,1.672691650000e-03,3.475827030000e-03,2.815159500000e-04,1.465739999998e-06,1.709999988830e-09
4.54000000,1.377919999999e-05,4.675813999999e-05,4.392554600000e-04,1.662654470000e-03,3.342635980000e-03,2.969251500000e-04,1.546599999999e-06,1.929999993155e-09
4.55000000,1.380176999999e-05,4.809638999999e-05,4.569742400000e-04,1.651654920000e-03,3.213010680000e-03,3.131886200000e-04,1.631879999991e-06,2.159999998308e-09
4.56000000,1.380848999999e-05,4.964340999999e-05,4.750977200000e-04,1.639655460000e-03,3.086928950000e-03,3.303559000000e-04,1.721819999995e-06,2.419999992065e-09
4.57000000,1.380132999999e-05,5.140755999999e-05,4.936186700000e-04,1.626635900000e-03,2.964386130000e-03,3.484789900000e-04,1.816689999989e-06,2.690000000527e-09
4.58000000,1.378285999999e-05,5.339636000000e-05,5.125293500000e-04,1.612590520000e-03,2.845372680000e-03,3.676134900000e-04,1.916749999997e-06,2.979999996766e-09
4.59000000,1.375659000000e-05,5.561657000000e-05,5.318219500000e-04,1.597525540000e-03,2.729863870000e-03,3.878184600000e-04,2.022309999988e-06,3.279999993833e-09
4.60000000,1.372627000000e-05,5.807428999999e-05,5.514884800000e-04,1.581457030000e-03,2.617851210000e-03,4.091562300000e-04,2.133679999988e-06,3.599999992554e-09
4.61000000,1.369570000000e-05,6.077508999999e-05,5.715198700000e-04,1.564410530000e-03,2.509310580000e-03,4.316928500000e-04,2.251179999996e-06,3.929999992103e-09
4.62000000,1.366883999999e-05,6.372378000000e-05,5.919074600000e-04,1.546387220000e-03,2.404181380000e-03,4.555010600000e-04,2.375159999998e-06,4.279999993306e-09
4.63000000,1.365036999999e-05,6.692429999999e-05,6.126432600000e-04,1.527422230000e-03,2.302395480000e-03,4.806581900000e-04,2.505979999998e-06,4.629999994510e-09
4.64000000,1.364489000000e-05,7.038055000000e-05,6.337191900000e-04,1.507560180000e-03,2.203876220000e-03,5.072438500000e-04,2.644029999999e-06,4.989999996541e-09
4.65000000,1.365747000000e-05,7.409606999999e-05,6.551265300000e-04,1.486814910000e-03,2.108544630000e-03,5.353439000000e-04,2.789699999992e-06,5.359999999399e-09
4.66000000,1.369341999999e-05,7.807352000000e-05,6.768558500000e-04,1.465196420000e-03,2.016306960000e-03,5.650498700000e-04,2.943429999999e-06,5.749999990035e-09
4.67000000,1.375803999999e-05,8.231485000000e-05,6.988967500000e-04,1.442718440000e-03,1.927067660000e-03,5.964594700000e-04,3.105669999989e-06,6.139999994548e-09
4.68000000,1.385664999999e-05,8.682123999999e-05,7.212374100000e-04,1.419389810000e-03,1.840732310000e-03,6.296768100000e-04,3.276869999999e-06,6.539999999888e-09
4.69000000,1.399465999999e-05,9.159306999999e-05,7.438642900000e-04,1.395216350000e-03,1.757210450000e-03,6.648124600000e-04,3.457520000000e-06,6.949999992178e-09
4.70000000,1.417746000000e-05,9.662988999999e-05,7.667618000000e-04,1.370202300000e-03,1.676452520000e-03,7.019842100000e-04,3.648139999993e-06,7.369999999174e-09
4.71000000,1.441044999999e-05,1.019305000000e-04,7.899120000000e-04,1.344353420000e-03,1.598548890000e-03,7.413170600000e-04,3.849269999995e-06,7.799999993119e-09
4.72000000,1.469889000000e-05,1.074929500000e-04,8.132945000000e-04,1.317680210000e-03,1.523613570000e-03,7.829435900000e-04,4.061469999997e-06,8.249999988719e-09
4.73000000,1.504790000000e-05,1.133146900000e-04,8.368864800000e-04,1.290199450000e-03,1.451349240000e-03,8.270031700000e-04,4.285349999994e-06,8.719999999851e-09
4.74000000,1.546225999999e-05,1.193927100000e-04,8.606628800000e-04,1.261938020000e-03,1.381496570000e-03,8.736455600000e-04,4.521509999994e-06,9.209999998760e-09
4.75000000,1.594635999999e-05,1.257236900000e-04,8.845961800000e-04,1.232934540000e-03,1.313952170000e-03,9.230296200000e-04,4.770639999999e-06,9.719999999325e-09
4.76000000,1.650397000000e-05,1.323041900000e-04,9.086567200000e-04,1.203240140000e-03,1.248708810000e-03,9.753362400000e-04,5.033429999995e-06,1.024999998767e-08
4.77000000,1.713818999999e-05,1.391305400000e-04,9.328130500000e-04,1.172919860000e-03,1.185711330000e-03,1.030755680000e-03,5.310629999991e-06,1.080999999237e-08
4.78000000,1.785122999999e-05,1.461996600000e-04,9.570330100000e-04,1.142051110000e-03,1.124924680000e-03,1.089556340000e-03,5.603029999995e-06,1.141000000038e-08
4.79000000,1.864436000000e-05,1.535088000000e-04,9.812885100000e-04,1.110723410000e-03,1.066314160000e-03,1.152049190000e-03,5.911449999993e-06,1.202999999617e-08
4.80000000,1.951775999999e-05,1.610557300000e-04,1.005572380000e-03,1.079035010000e-03,1.009856800000e-03,1.218503300000e-03,6.236779999988e-06,1.269999999609e-08
4.81000000,2.047047999999e-05,1.688388500000e-04,1.029858560000e-03,1.047090500000e-03,9.555191100000e-04,1.289210910000e-03,6.579959999989e-06,1.340999999933e-08
4.82000000,2.150043999999e-05,1.768573100000e-04,1.054089630000e-03,1.014998110000e-03,9.032814900000e-04,1.364459610000e-03,6.941969999993e-06,1.416999999282e-08
4.83000000,2.260446999999e-05,1.851110000000e-04,1.078186260000e-03,9.828655200000e-04,8.531207800000e-04,1.444546040000e-03,7.323859999991e-06,1.497999999045e-08
4.84000000,2.377842000000e-05,1.936006800000e-04,1.102091320000e-03,9.507975900000e-04,8.050206300000e-04,1.529774900000e-03,7.726729999991e-06,1.582999999139e-08
4.85000000,2.501729000000e-05,2.023279700000e-04,1.125754850000e-03,9.188934700000e-04,7.589446300000e-04,1.620455860000e-03,8.151749999991e-06,1.673999999730e-08
4.86000000,2.631541999999e-05,2.112953500000e-04,1.149125440000e-03,8.872442000000e-04,7.148516900000e-04,1.716903910000e-03,8.600149999996e-06,1.769999999346e-08
4.87000000,2.766670000000e-05,2.205062700000e-04,1.172149690000e-03,8.559324500000e-04,6.726921400000e-04,1.819434270000e-03,9.073219999989e-06,1.871999999459e-08
4.88000000,2.906488000000e-05,2.299650700000e-04,1.194771970000e-03,8.250313200000e-04,6.324114500000e-04,1.928356650000e-03,9.572340000000e-06,1.980000000068e-08
4.89000000,3.050371999999e-05,2.396771200000e-04,1.216934700000e-03,7.946047500000e-04,5.939565700000e-04,2.043962070000e-03,1.009893999999e-05,2.094999999869e-08
4.90000000,3.197734999999e-05,2.496487400000e-04,1.238578510000e-03,7.647086500000e-04,5.572573700000e-04,2.166504090000e-03,1.065453000000e-05,2.215000000083e-08
4.91000000,3.348046000000e-05,2.598873400000e-04,1.259642500000e-03,7.353918800000e-04,5.222291300000e-04,2.296168400000e-03,1.124073000000e-05,2.341999999489e-08
4.92000000,3.500848000000e-05,2.704013000000e-04,1.280064640000e-03,7.066985400000e-04,4.888019200000e-04,2.433044430000e-03,1.185919999999e-05,2.474999999391e-08
4.93000000,3.655777000000e-05,2.812002100000e-04,1.299782660000e-03,6.786686900000e-04,4.568648500000e-04,2.577125750000e-03,1.251173000000e-05,2.614999999873e-08
4.94000000,3.812574999999e-05,2.922931600000e-04,1.318735030000e-03,6.513402400000e-04,4.263274400000e-04,2.728348820000e-03,1.320018999999e-05,2.761999999545e-08
4.95000000,3.971098000000e-05,3.036904100000e-04,1.336861320000e-03,6.247499200000e-04,3.971091300000e-04,2.886721200000e-03,1.392656999999e-05,2.914999999715e-08
4.96000000,4.131322999999e-05,3.154033400000e-04,1.354102990000e-03,5.989336400000e-04,3.691312300000e-04,3.052416170000e-03,1.469292999999e-05,3.075999999158e-08
4.97000000,4.293351000000e-05,3.274441200000e-04,1.370403490000e-03,5.739257100000e-04,3.423239700000e-04,3.226031440000e-03,1.550149000000e-05,3.244999999263e-08
4.98000000,4.457405000000e-05,3.398248600000e-04,1.385708310000e-03,5.497581500000e-04,3.166321500000e-04,3.408221240000e-03,1.635457999999e-05,3.420999999948e-08
4.99000000,4.623829000000e-05,3.525576300000e-04,1.399965470000e-03,5.264591200000e-04,2.920259200000e-04,3.599032330000e-03,1.725463999999e-05,3.605999999989e-08
5.00000000,4.793085999999e-05,3.656543000000e-04,1.413125000000e-03,5.040516900000e-04,2.684545400000e-04,3.799791180000e-03,1.820426999999e-05,3.798999999305e-08
5.01000000,4.965748999999e-05,3.791263900000e-04,1.425139250000e-03,4.825524900000e-04,2.458684700000e-04,4.010672810000e-03,1.920621000000e-05,4.000999999365e-08
5.02000000,5.142498999999e-05,3.929848500000e-04,1.435962330000e-03,4.619704700000e-04,2.242322600000e-04,4.230058950000e-03,2.026334999999e-05,4.212999998865e-08
5.03000000,5.324139000000e-05,4.072400900000e-04,1.445549320000e-03,4.423062700000e-04,2.035163600000e-04,4.455999510000e-03,2.137919999999e-05,4.433999999109e-08
5.04000000,5.511514999999e-05,4.219011200000e-04,1.453858820000e-03,4.235523600000e-04,1.836835800000e-04,4.686417000000e-03,2.255659000000e-05,4.666999998959e-08
5.05000000,5.705571999999e-05,4.369761700000e-04,1.460850930000e-03,4.056934200000e-04,1.647072500000e-04,4.919440860000e-03,2.379887999999e-05,4.911999999802e-08
5.06000000,5.907328999999e-05,4.524722700000e-04,1.466489130000e-03,3.887071100000e-04,1.465751700000e-04,5.153646040000e-03,2.510981999999e-05,5.169999998944e-08
5.07000000,6.117855000000e-05,4.683949400000e-04,1.470741630000e-03,3.725656400000e-04,1.292705400000e-04,5.388132830000e-03,2.649326000000e-05,5.441999999245e-08
5.08000000,6.338254999999e-05,4.847479900000e-04,1.473588400000e-03,3.572373100000e-04,1.127602900000e-04,5.622776160000e-03,2.795321999999e-05,5.729999999482e-08
5.09000000,6.569638999999e-05,5.015329800000e-04,1.475038700000e-03,3.426877400000e-04,9.704683999999e-05,5.857574140000e-03,2.949359000000e-05,6.033999999655e-08
5.10000000,6.813159999999e-05,5.187521300000e-04,1.475057410000e-03,3.288811100000e-04,8.213677999999e-05,6.090701910000e-03,3.111917000000e-05,6.355999999930e-08
5.11000000,7.069959000000e-05,5.364048200000e-04,1.473574560000e-03,3.157806700000e-04,6.801179999999e-05,6.322379690000e-03,3.283490000000e-05,6.696999999001e-08
5.12000000,7.341156000000e-05,5.544887400000e-04,1.470510110000e-03,3.033514100000e-04,5.467199999999e-05,6.551883640000e-03,3.464580000000e-05,7.058999999809e-08
5.13000000,7.627837999999e-05,5.729999600000e-04,1.465851370000e-03,2.915599400000e-04,4.212107000000e-05,6.775491880000e-03,3.655700999999e-05,7.443999999746e-08
5.14000000,7.931079000000e-05,5.919324400000e-04,1.459605010000e-03,2.803737000000e-04,3.037320999999e-05,6.989779160000e-03,3.857454999999e-05,7.852999998892e-08
5.15000000,8.251892000000e-05,6.112787400000e-04,1.451780620000e-03,2.697615800000e-04,1.944757000000e-05,7.191565310000e-03,4.070415000000e-05,8.287000000107e-08
5.16000000,8.591264999999e-05,6.310294700000e-04,1.442389070000e-03,2.596913500000e-04,9.363239999990e-06,7.378283650000e-03,4.295213000000e-05,8.746999999310e-08
5.17000000,8.950146999999e-05,6.511734500000e-04,1.431446490000e-03,2.501306700000e-04,1.188099999910e-07,7.547911390000e-03,4.532518000000e-05,9.235999999524e-08
5.18000000,9.329452000000e-05,6.716977500000e-04,1.418973450000e-03,2.410476600000e-04,-8.298134000009e-06,7.698930530000e-03,4.783037999999e-05,9.753999999362e-08
5.19000000,9.731836999999e-05,6.926165700000e-04,1.404876130000e-03,2.324456100000e-04,-1.580764800001e-05,7.828970250000e-03,5.048694000000e-05,1.030499999916e-07
5.20000000,1.015637500000e-04,7.138841600000e-04,1.389317480000e-03,2.242552000000e-04,-2.246348300000e-05,7.938353810000e-03,5.329134000000e-05,1.088899999890e-07
5.21000000,1.060388400000e-04,7.354825800000e-04,1.372343970000e-03,2.164432200000e-04,-2.832600500001e-05,8.026750060000e-03,5.625150999999e-05,1.150599999999e-07
5.22000000,1.107516600000e-04,7.573921400000e-04,1.354007640000e-03,2.089756500000e-04,-3.346683200001e-05,8.094117000000e-03,5.937650000000e-05,1.215699999974e-07
5.23000000,1.157098100000e-04,7.795922600000e-04,1.334360410000e-03,2.018186100000e-04,-3.795675800000e-05,8.140912330000e-03,6.267505999999e-05,1.284299999960e-07
5.24000000,1.209208900000e-04,8.020588100000e-04,1.313459590000e-03,1.949370500000e-04,-4.185693600001e-05,8.167739350000e-03,6.615782000000e-05,1.356799999991e-07
5.25000000,1.263919300000e-04,8.247671000000e-04,1.291352870000e-03,1.882972300000e-04,-4.522444700000e-05,8.175716350000e-03,6.983532999999e-05,1.433099999920e-07
5.26000000,1.321295100000e-04,8.476906300000e-04,1.268097450000e-03,1.818665000000e-04,-4.811066200000e-05,8.164907020000e-03,7.371881000000e-05,1.513499999911e-07
5.27000000,1.381396500000e-04,8.708013300000e-04,1.243752630000e-03,1.756138900000e-04,-5.055967900000e-05,8.135788800000e-03,7.782010999999e-05,1.598099999972e-07
5.28000000,1.444277300000e-04,8.940692700000e-04,1.218383030000e-03,1.695106000000e-04,-5.260800000001e-05,8.089700940000e-03,8.215184999999e-05,1.687299999997e-07
5.29000000,1.509746600000e-04,9.174555200000e-04,1.192131580000e-03,1.635208300000e-04,-5.431332800000e-05,8.029173800000e-03,8.670624000000e-05,1.780799999962e-07
5.30000000,1.578079700000e-04,9.409364300000e-04,1.164989460000e-03,1.576291100000e-04,-5.568882400001e-05,7.954964950000e-03,9.151676999999e-05,1.879299999924e-07
5.31000000,1.649312100000e-04,9.644770800000e-04,1.137029590000e-03,1.518148200000e-04,-5.675610300000e-05,7.868688790000e-03,9.660021999999e-05,1.983099999908e-07
5.32000000,1.723467700000e-04,9.880507900000e-04,1.108325840000e-03,1.460602700000e-04,-5.753209900000e-05,7.771883440000e-03,1.019721900000e-04,2.092499999939e-07
5.33000000,1.800564100000e-04,1.011646960000e-03,1.078954520000e-03,1.403505100000e-04,-5.803463900000e-05,7.666018350000e-03,1.076495900000e-04,2.207999999920e-07
5.34000000,1.880613800000e-04,1.035225180000e-03,1.048992970000e-03,1.346734300000e-04,-5.828014200000e-05,7.552508940000e-03,1.136503100000e-04,2.329699999998e-07
5.35000000,1.963624800000e-04,1.058718360000e-03,1.018519640000e-03,1.290195400000e-04,-5.829090700001e-05,7.432754680000e-03,1.199930800000e-04,2.458199999944e-07
5.36000000,2.049603500000e-04,1.082052960000e-03,9.876145100000e-04,1.233821100000e-04,-5.809288600001e-05,7.308130420000e-03,1.266981100000e-04,2.593799999923e-07
5.37000000,2.138555400000e-04,1.105176340000e-03,9.563573500000e-04,1.177571700000e-04,-5.771427600000e-05,7.179914420000e-03,1.337865500000e-04,2.736899999967e-07
5.38000000,2.230485900000e-04,1.128036080000e-03,9.248287700000e-04,1.121433800000e-04,-5.718268100001e-05,7.049377650000e-03,1.412810500000e-04,2.887999999979e-07
5.39000000,2.325403500000e-04,1.150578370000e-03,8.931090100000e-04,1.065421500000e-04,-5.652437700000e-05,6.917925640000e-03,1.492054000000e-04,3.047600000000e-07
5.40000000,2.423321200000e-04,1.172747990000e-03,8.612776200000e-04,1.009575900000e-04,-5.576186000000e-05,6.787549550000e-03,1.575847300000e-04,3.216099999925e-07
5.41000000,2.524261000000e-04,1.194488210000e-03,8.294140600000e-04,9.539636000000e-05,-5.491182100001e-05,6.660777950000e-03,1.664460100000e-04,3.394099999943e-07
5.42000000,2.628246500000e-04,1.215741470000e-03,7.975965400000e-04,8.986760999999e-05,-5.398229000000e-05,6.538951280000e-03,1.758175600000e-04,3.581999999946e-07
5.43000000,2.735307300000e-04,1.236449190000e-03,7.659021000000e-04,8.438252000000e-05,-5.297179800001e-05,6.422034450000e-03,1.857296000000e-04,3.780399999986e-07
5.44000000,2.845478800000e-04,1.256552220000e-03,7.344062800000e-04,7.895402999999e-05,-5.186991700000e-05,6.308196240000e-03,1.962140400000e-04,3.989999999982e-07
5.45000000,2.958801100000e-04,1.275991400000e-03,7.031824600000e-04,7.359641999999e-05,-5.064823300001e-05,6.196870860000e-03,2.073045700000e-04,4.211299999973e-07
5.46000000,3.075317500000e-04,1.294708230000e-03,6.723021400000e-04,6.832455000000e-05,-4.925194700001e-05,6.088149450000e-03,2.190371600000e-04,4.444999999881e-07
5.47000000,3.195072600000e-04,1.312645220000e-03,6.418341800000e-04,6.315376999999e-05,-4.765375900001e-05,5.982022060000e-03,2.314497500000e-04,4.691699999892e-07
5.48000000,3.318111400000e-04,1.329746260000e-03,6.118448100000e-04,5.809872000000e-05,-4.582478900000e-05,5.878468720000e-03,2.445826600000e-04,4.952199999936e-07
5.49000000,3.444478400000e-04,1.345956720000e-03,5.823968200000e-04,5.317330999999e-05,-4.374894900000e-05,5.777510780000e-03,2.584783200000e-04,5.227099999922e-07
5.50000000,3.574216300000e-04,1.361223810000e-03,5.535495200000e-04,4.839076999999e-05,-4.141200600001e-05,5.678973620000e-03,2.731815000000e-04,5.517199999916e-07
5.51000000,3.707365900000e-04,1.375496940000e-03,5.253585600000e-04,4.376262000000e-05,-3.881104000000e-05,5.582670240000e-03,2.887397900000e-04,5.823299999985e-07
5.52000000,3.843966300000e-04,1.388727380000e-03,4.978762700000e-04,3.929923000000e-05,-3.595629300000e-05,5.488380000000e-03,3.052061900000e-04,6.146299999926e-07
5.53000000,3.984053100000e-04,1.400868400000e-03,4.711500000000e-04,3.501022999999e-05,-3.286589900001e-05,5.395839630000e-03,3.226313200000e-04,6.486999999944e-07
5.54000000,4.127660100000e-04,1.411875750000e-03,4.452233000000e-04,3.090288999999e-05,-2.956200800000e-05,5.304767970000e-03,3.410728900000e-04,6.846399999982e-07
5.55000000,4.274818700000e-04,1.421707030000e-03,4.201341300000e-04,2.698360999999e-05,-2.607745200001e-05,5.214896460000e-03,3.605902500000e-04,7.225399999977e-07
5.56000000,4.425558100000e-04,1.430322410000e-03,3.959144900000e-04,2.325852000000e-05,-2.245601800001e-05,5.125921760000e-03,3.812443400000e-04,7.625099999881e-07
5.57000000,4.579904300000e-04,1.437684320000e-03,3.725925300000e-04,1.973298999999e-05,-1.874648300000e-05,5.037529400000e-03,4.031003900000e-04,8.046499999914e-07
5.58000000,4.737886600000e-04,1.443757960000e-03,3.501906800000e-04,1.641166999999e-05,-1.499961200001e-05,4.949445130000e-03,4.262269300000e-04,8.490899999908e-07
5.59000000,4.899530800000e-04,1.448511750000e-03,3.287268200000e-04,1.329834000000e-05,-1.126736800000e-05,4.861391590000e-03,4.506957600000e-04,8.959499999961e-07
5.60000000,5.064860600000e-04,1.451921130000e-03,3.082151400000e-04,1.039545999999e-05,-7.601127000004e-06,4.773177140000e-03,4.765821600000e-04,9.453699999912e-07
5.61000000,5.233897100000e-04,1.453973520000e-03,2.886653100000e-04,7.704919999990e-06,-4.049200000009e-06,4.684643640000e-03,5.039650300000e-04,9.974899999876e-07
5.62000000,5.406658000000e-04,1.454681580000e-03,2.700818500000e-04,5.226839999997e-06,-6.544200000097e-07,4.595673200000e-03,5.329270200000e-04,1.052459999998e-06
5.63000000,5.583157400000e-04,1.453997560000e-03,2.524652000000e-04,2.959189999999e-06,2.545749999999e-06,4.506330200000e-03,5.635533200000e-04,1.110439999993e-06
5.64000000,5.763400900000e-04,1.451829920000e-03,2.358124400000e-04,8.981099999944e-07,5.522559999999e-06,4.416748440000e-03,5.959359700000e-04,1.171609999989e-06
5.65000000,5.947386700000e-04,1.448133130000e-03,2.201172900000e-04,-9.621140000110e-07,8.264109999989e-06,4.327106840000e-03,6.301694500000e-04,1.236139999999e-06
5.66000000,6.135102700000e-04,1.442916930000e-03,2.053694700000e-04,-2.629122000011e-06,1.074744000000e-05,4.237735330000e-03,6.663523200000e-04,1.304240000000e-06
5.67000000,6.326524100000e-04,1.436187390000e-03,1.915552600000e-04,-4.111994000008e-06,1.295226999999e-05,4.149032970000e-03,7.045870800000e-04,1.376089999991e-06
5.68000000,6.521611100000e-04,1.427948650000e-03,1.786575800000e-04,-5.421155000004e-06,1.486462000000e-05,4.061480160000e-03,7.449802000000e-04,1.451919999992e-06
5.69000000,6.720306600000e-04,1.418208520000e-03,1.666561200000e-04,-6.567964000004e-06,1.647861000000e-05,3.974998180000e-03,7.876419200000e-04,1.531939999994e-06
5.70000000,6.922534600000e-04,1.406978030000e-03,1.555275900000e-04,-7.564336999999e-06,1.779320999999e-05,3.888487060000e-03,8.326860200000e-04,1.616380000000e-06
5.71000000,7.128196700000e-04,1.394272980000e-03,1.452458100000e-04,-8.422141000011e-06,1.880999999999e-05,3.801331790000e-03,8.802289600000e-04,1.705489999990e-06
5.72000000,7.337171500000e-04,1.380114590000e-03,1.357820600000e-04,-9.152565000003e-06,1.954370000000e-05,3.713590110000e-03,9.303886200000e-04,1.799519999998e-06
5.73000000,7.549312000000e-04,1.364533850000e-03,1.271053400000e-04,-9.766199000005e-06,2.000861000000e-05,3.625310260000e-03,9.832779500000e-04,1.898739999992e-06
5.74000000,7.764443800000e-04,1.347564020000e-03,1.191827200000e-04,-1.027274500001e-05,2.021739999999e-05,3.536677580000e-03,1.039035400000e-03,2.003439999995e-06
5.75000000,7.982364800000e-04,1.329252780000e-03,1.119786500000e-04,-1.068088400001e-05,2.016598000000e-05,3.447899820000e-03,1.097820280000e-03,2.113899999989e-06
5.76000000,8.202842700000e-04,1.309638990000e-03,1.054553600000e-04,-1.099832400001e-05,1.983651000000e-05,3.359295760000e-03,1.159800790000e-03,2.230459999988e-06
5.77000000,8.425615100000e-04,1.288757190000e-03,9.957373000000e-05,-1.123252300000e-05,1.924382999999e-05,3.271232390000e-03,1.225124110000e-03,2.353419999990e-06
5.78000000,8.650388900000e-04,1.266646510000e-03,9.429347999999e-05,-1.139016000000e-05,1.841029999999e-05,3.184067070000e-03,1.293948020000e-03,2.483159999997e-06
5.79000000,8.876846700000e-04,1.243353290000e-03,8.957345999999e-05,-1.147752600000e-05,1.736004000000e-05,3.098157600000e-03,1.366425510000e-03,2.620019999997e-06
5.80000000,9.104628100000e-04,1.218932630000e-03,8.537037999999e-05,-1.150064600000e-05,1.612378999999e-05,3.013817760000e-03,1.442715250000e-03,2.764419999995e-06
5.81000000,9.333354000000e-04,1.193441210000e-03,8.164092999999e-05,-1.146519500000e-05,1.472419000000e-05,2.931296780000e-03,1.522968550000e-03,2.916749999998e-06
5.82000000,9.562630900000e-04,1.166939040000e-03,7.834150000000e-05,-1.137588900001e-05,1.317680000000e-05,2.850753660000e-03,1.607333520000e-03,3.077460000001e-06
5.83000000,9.792065500000e-04,1.139492940000e-03,7.542647999999e-05,-1.123902800000e-05,1.149518000000e-05,2.772286080000e-03,1.695970340000e-03,3.246999999998e-06
5.84000000,1.002141960000e-03,1.111172050000e-03,7.285104999999e-05,-1.105903600000e-05,9.697689999991e-06,2.695923710000e-03,1.789030930000e-03,3.425889999992e-06
5.85000000,1.025033770000e-03,1.082048910000e-03,7.057077000000e-05,-1.084102000000e-05,7.790959999990e-06,2.621599930000e-03,1.886661070000e-03,3.614629999996e-06
5.86000000,1.047815300000e-03,1.052198970000e-03,6.854182999999e-05,-1.058882200000e-05,5.767409999996e-06,2.549186300000e-03,1.989000860000e-03,3.813770000000e-06
5.87000000,1.070403660000e-03,1.021700640000e-03,6.672161000000e-05,-1.030400000000e-05,3.618599999991e-06,2.478543910000e-03,2.096183600000e-03,4.023899999997e-06
5.88000000,1.092737320000e-03,9.906339100000e-04,6.506925999999e-05,-9.986765000011e-06,1.336019999992e-06,2.409493830000e-03,2.208330830000e-03,4.245629999997e-06
5.89000000,1.114759120000e-03,9.590809700000e-04,6.354593999999e-05,-9.637692000006e-06,-1.076427999999e-06,2.341850950000e-03,2.325552250000e-03,4.479589999995e-06
5.90000000,1.136411830000e-03,9.271251900000e-04,6.211531000000e-05,-9.255026999999e-06,-3.605122000011e-06,2.275452650000e-03,2.447939090000e-03,4.726489999995e-06
5.91000000,1.157638230000e-03,8.948503400000e-04,6.074373999999e-05,-8.837147000007e-06,-6.250095999999e-06,2.210125270000e-03,2.575556990000e-03,4.987030000000e-06
5.92000000,1.178381340000e-03,8.623408900000e-04,5.940040999999e-05,-8.382893000008e-06,-9.011334000011e-06,2.145769980000e-03,2.708433490000e-03,5.261969999990e-06
5.93000000,1.198584910000e-03,8.296809100000e-04,5.805744000000e-05,-7.889206000006e-06,-1.188615300000e-05,2.082272450000e-03,2.846538660000e-03,5.552139999990e-06
5.94000000,1.218193650000e-03,7.969534900000e-04,5.668992999999e-05,-7.354795000011e-06,-1.487131500001e-05,2.019598520000e-03,2.989776900000e-03,5.858360000000e-06
5.95000000,1.237153560000e-03,7.642407900000e-04,5.527599999999e-05,-6.778237000002e-06,-1.796276100001e-05,1.957723340000e-03,3.137991710000e-03,6.181559999999e-06
5.96000000,1.255412820000e-03,7.316233600000e-04,5.379704000000e-05,-6.158515000007e-06,-2.115486700001e-05,1.896665400000e-03,3.291127400000e-03,6.522659999994e-06
5.97000000,1.272922190000e-03,6.991794500000e-04,5.223763999999e-05,-5.495173000011e-06,-2.444187500000e-05,1.836503350000e-03,3.449114750000e-03,6.882680000000e-06
5.98000000,1.289635160000e-03,6.669850800000e-04,5.058542000000e-05,-4.788452000012e-06,-2.781753600001e-05,1.777302320000e-03,3.612257500000e-03,7.262679999995e-06
5.99000000,1.305508190000e-03,6.351134000000e-04,4.883119000000e-05,-4.039339000006e-06,-3.127763000001e-05,1.719225500000e-03,3.780705590000e-03,7.663780000000e-06
6.00000000,1.320500840000e-03,6.036346800000e-04,4.696872000000e-05,-3.249606000011e-06,-3.481883000001e-05,1.662407610000e-03,3.954436140000e-03,8.087149999988e-06
6.01000000,1.334576100000e-03,5.726161900000e-04,4.499439000000e-05,-2.421762000007e-06,-3.844337000000e-05,1.607105930000e-03,4.133059360000e-03,8.534049999995e-06
6.02000000,1.347699970000e-03,5.421217900000e-04,4.290850999999e-05,-1.559105999999e-06,-4.215575600000e-05,1.553379120000e-03,4.316303070000e-03,9.005789999988e-06
6.03000000,1.359841430000e-03,5.122118800000e-04,4.071339999999e-05,-6.656290000018e-07,-4.595966300000e-05,1.500986160000e-03,4.503840120000e-03,9.503759999988e-06
6.04000000,1.370972330000e-03,4.829434500000e-04,3.841361000000e-05,2.539099999976e-07,-4.986130300001e-05,1.449744230000e-03,4.695232010000e-03,1.002943999999e-05
6.05000000,1.381067060000e-03,4.543701100000e-04,3.601598000000e-05,1.193939999991e-06,-5.386964600000e-05,1.399479310000e-03,4.889839480000e-03,1.058438000000e-05
6.06000000,1.390102500000e-03,4.265423700000e-04,3.352931999999e-05,2.148029999996e-06,-5.799475300000e-05,1.350102070000e-03,5.086792790000e-03,1.117023000000e-05
6.07000000,1.398057480000e-03,3.995064400000e-04,3.096432999999e-05,3.108789999998e-06,-6.224737800001e-05,1.301548060000e-03,5.285111960000e-03,1.178871999999e-05
6.08000000,1.404912620000e-03,3.733044000000e-04,2.833332999999e-05,4.067899999988e-06,-6.663851200001e-05,1.253775800000e-03,5.483923710000e-03,1.244167999999e-05
6.09000000,1.410650780000e-03,3.479745000000e-04,2.565022999999e-05,5.015870000000e-06,-7.117966900000e-05,1.206762170000e-03,5.682673770000e-03,1.313107999999e-05
6.10000000,1.415256890000e-03,3.235505200000e-04,2.293040000000e-05,5.942029999997e-06,-7.588238900001e-05,1.160513330000e-03,5.880971810000e-03,1.385895000000e-05
6.11000000,1.418718370000e-03,3.000612600000e-04,2.019054999999e-05,6.834909999989e-06,-8.075652900001e-05,1.115074840000e-03,6.078582850000e-03,1.462748000000e-05
6.12000000,1.421032060000e-03,2.775310800000e-04,1.744824000000e-05,7.682119999991e-06,-8.581199400001e-05,1.070514600000e-03,6.275342950000e-03,1.543896999999e-05
6.13000000,1.422214840000e-03,2.559812500000e-04,1.472138000000e-05,8.470439999991e-06,-9.105710300000e-05,1.026907680000e-03,6.470989670000e-03,1.629586999999e-05
6.14000000,1.422239530000e-03,2.354271200000e-04,1.202822999999e-05,9.186029999997e-06,-9.650047600000e-05,9.843281100000e-04,6.664247890000e-03,1.720074999999e-05
6.15000000,1.421062520000e-03,2.158799100000e-04,9.387249999993e-06,9.814309999995e-06,-1.021505390000e-04,9.428595900000e-04,6.853983660000e-03,1.815633999999e-05
6.16000000,1.418619740000e-03,1.973478200000e-04,6.817079999999e-06,1.033994999999e-05,-1.080160030000e-04,9.025893900000e-04,7.039080570000e-03,1.916553999999e-05
6.17000000,1.414881030000e-03,1.798357300000e-04,4.335889999998e-06,1.074822000000e-05,-1.141042750000e-04,8.635594800000e-04,7.218379080000e-03,2.023139000000e-05
6.18000000,1.409854360000e-03,1.633442800000e-04,1.961029999997e-06,1.102970000000e-05,-1.204212640000e-04,8.258168200000e-04,7.390668280000e-03,2.135712000000e-05
6.19000000,1.403540700000e-03,1.478705900000e-04,-2.913690000106e-07,1.117715000000e-05,-1.269721520000e-04,7.893913100000e-04,7.554734760000e-03,2.254615000000e-05
6.20000000,1.395939360000e-03,1.334087100000e-04,-2.406824000004e-06,1.118092999999e-05,-1.337599770000e-04,7.542888500000e-04,7.709419430000e-03,2.380210000000e-05
6.21000000,1.387048850000e-03,1.199488400000e-04,-4.372702000002e-06,1.103075999999e-05,-1.407868020000e-04,7.204996500000e-04,7.853655120000e-03,2.512877999999e-05
6.22000000,1.376870130000e-03,1.074773600000e-04,-6.178684000005e-06,1.071628999999e-05,-1.480556920000e-04,6.879764400000e-04,7.986493620000e-03,2.653023999999e-05
6.23000000,1.365405880000e-03,9.597739999999e-05,-7.816862999999e-06,1.023538999999e-05,-1.555695790000e-04,6.566660000000e-04,8.107091590000e-03,2.801075999999e-05
6.24000000,1.352665200000e-03,8.542917000000e-05,-9.281556000010e-06,9.586479999990e-06,-1.633261000000e-04,6.264975700000e-04,8.214699190000e-03,2.957485999999e-05
6.25000000,1.338656090000e-03,7.581025999999e-05,-1.056965200001e-05,8.770169999991e-06,-1.713159820000e-04,5.974075900000e-04,8.308652530000e-03,3.122732999999e-05
6.26000000,1.323397360000e-03,6.709532999999e-05,-1.167945100000e-05,7.789259999988e-06,-1.795454150000e-04,5.692914300000e-04,8.388369260000e-03,3.297324000000e-05
6.27000000,1.306900130000e-03,5.925659999999e-05,-1.261143600001e-05,6.648749999991e-06,-1.880177300000e-04,5.420605500000e-04,8.453380380000e-03,3.481794999999e-05
6.28000000,1.289181650000e-03,5.226403000000e-05,-1.336832200001e-05,5.355619999994e-06,-1.967363740000e-04,5.156365800000e-04,8.503315260000e-03,3.676712999999e-05
6.29000000,1.270244910000e-03,4.608556999999e-05,-1.395457400001e-05,3.918569999997e-06,-2.057045090000e-04,4.899556100000e-04,8.537765610000e-03,3.882678000000e-05
6.30000000,1.250104540000e-03,4.068738999999e-05,-1.437674800001e-05,2.347799999997e-06,-2.149216320000e-04,4.649759100000e-04,8.556404880000e-03,4.100324999999e-05
6.31000000,1.228778540000e-03,3.603396999999e-05,-1.464341400001e-05,6.549399999972e-07,-2.243953670000e-04,4.406840000000e-04,8.559804500000e-03,4.330326999999e-05
6.32000000,1.206292390000e-03,3.208853999999e-05,-1.476613700001e-05,-1.147326000012e-06,-2.341370660000e-04,4.170764100000e-04,8.547591450000e-03,4.573393000000e-05
6.33000000,1.182674930000e-03,2.881268999999e-05,-1.475554400000e-05,-3.045581000005e-06,-2.441619100000e-04,3.941672000000e-04,8.518936390000e-03,4.830273999999e-05
6.34000000,1.157960880000e-03,2.616693999999e-05,-1.461924800000e-05,-5.025870000008e-06,-2.544871150000e-04,3.719983700000e-04,8.473651910000e-03,5.101767000000e-05
6.35000000,1.132190200000e-03,2.411101999999e-05,-1.436681900001e-05,-7.074089000011e-06,-2.651304640000e-04,3.506205100000e-04,8.412349860000e-03,5.388713000000e-05
6.36000000,1.105409410000e-03,2.260155999999e-05,-1.401245400001e-05,-9.176366000008e-06,-2.761134310000e-04,3.300937800000e-04,8.335558660000e-03,5.692000999999e-05
6.37000000,1.077670900000e-03,2.159336999999e-05,-1.357066300001e-05,-1.131945100001e-05,-2.874435990000e-04,3.104559400000e-04,8.243876270000e-03,6.012573000000e-05
6.38000000,1.049033240000e-03,2.103554999999e-05,-1.305555600001e-05,-1.349109600000e-05,-2.991343290000e-04,2.917420100000e-04,8.138002360000e-03,6.351420999999e-05
6.39000000,1.019560750000e-03,2.087455999999e-05,-1.248047800001e-05,-1.568037300001e-05,-3.112032440000e-04,2.739775500000e-04,8.018723230000e-03,6.709599999999e-05
6.40000000,9.893232900000e-04,2.106903000000e-05,-1.185844100000e-05,-1.787798500001e-05,-3.236717730000e-04,2.571647000000e-04,7.886899430000e-03,7.088219000000e-05
6.41000000,9.583964600000e-04,2.158545000000e-05,-1.120161000001e-05,-2.007660700000e-05,-3.365558570000e-04,2.413176400000e-04,7.743461080000e-03,7.488455000000e-05
6.42000000,9.268605800000e-04,2.238036999999e-05,-1.052141400000e-05,-2.227112300000e-05,-3.498677280000e-04,2.264699900000e-04,7.589376960000e-03,7.911548999999e-05
6.43000000,8.948010000000e-04,2.340295000000e-05,-9.828380000007e-06,-2.445872300001e-05,-3.636200690000e-04,2.125723300000e-04,7.425661780000e-03,8.358817000000e-05
6.44000000,8.623068800000e-04,2.460534000000e-05,-9.132270000003e-06,-2.663900100000e-05,-3.778251970000e-04,1.995478900000e-04,7.253341040000e-03,8.831649999999e-05
6.45000000,8.294706300000e-04,2.594177000000e-05,-8.441932000003e-06,-2.881369700000e-05,-3.924914140000e-04,1.873050400000e-04,7.073509510000e-03,9.331508999999e-05
6.46000000,7.963872800000e-04,2.736772999999e-05,-7.765477000002e-06,-3.098699500001e-05,-4.076203320000e-04,1.757383300000e-04,6.887688790000e-03,9.859944000000e-05
6.47000000,7.631537600000e-04,2.884051999999e-05,-7.110221000001e-06,-3.316482700001e-05,-4.232090530000e-04,1.647466600000e-04,6.698486200000e-03,1.041859200000e-04
6.48000000,7.298679800000e-04,3.031898000000e-05,-6.482831999999e-06,-3.535491100000e-05,-4.392535450000e-04,1.542131700000e-04,6.508792850000e-03,1.100917700000e-04
6.49000000,6.966281400000e-04,3.176390000000e-05,-5.889320000008e-06,-3.756645500000e-05,-4.557495580000e-04,1.440360600000e-04,6.318851150000e-03,1.163352500000e-04
6.50000000,6.635317500000e-04,3.313818999999e-05,-5.335270000004e-06,-3.980982600001e-05,-4.726818750000e-04,1.341510600000e-04,6.127694750000e-03,1.229355300000e-04
6.51000000,6.306750000000e-04,3.440689999999e-05,-4.825821000004e-06,-4.209619800001e-05,-4.900414000000e-04,1.245138100000e-04,5.935661010000e-03,1.299129400000e-04
6.52000000,5.981513300000e-04,3.553752999999e-05,-4.365569000006e-06,-4.443719200001e-05,-5.078178170000e-04,1.151079100000e-04,5.743915310000e-03,1.372888400000e-04
6.53000000,5.660511700000e-04,3.650034000000e-05,-3.958610999999e-06,-4.684456800001e-05,-5.259862070000e-04,1.059337000000e-04,5.553366830000e-03,1.450857900000e-04
6.54000000,5.344605500000e-04,3.726914999999e-05,-3.608773000000e-06,-4.932994600000e-05,-5.445305740000e-04,9.698720000000e-05,5.364815790000e-03,1.533276000000e-04
6.55000000,5.034607600000e-04,3.782065999999e-05,-3.319207000002e-06,-5.190456000001e-05,-5.634370690000e-04,8.829755999999e-05,5.179064220000e-03,1.620392600000e-04
6.56000000,4.731274100000e-04,3.813962999999e-05,-3.092758000006e-06,-5.457907500001e-05,-5.826833260000e-04,7.991481000000e-05,4.996848260000e-03,1.712472000000e-04
6.57000000,4.435295700000e-04,3.821537000000e-05,-2.931564000011e-06,-5.736339200001e-05,-6.022507960000e-04,7.190906000000e-05,4.818870600000e-03,1.809791500000e-04
6.58000000,4.147296900000e-04,3.803099999999e-05,-2.836361000000e-06,-6.026658700001e-05,-6.221171340000e-04,6.433100000000e-05,4.645790520000e-03,1.912643200000e-04
6.59000000,3.867830900000e-04,3.757017999999e-05,-2.805737000011e-06,-6.329687000001e-05,-6.422560320000e-04,5.721904000000e-05,4.478264090000e-03,2.021335400000e-04
6.60000000,3.597368800000e-04,3.682010999999e-05,-2.840900000009e-06,-6.646154100001e-05,-6.626468100000e-04,5.059457999999e-05,4.316880390000e-03,2.136190700000e-04
6.61000000,3.336293200000e-04,3.578220999999e-05,-2.943619000009e-06,-6.976710700000e-05,-6.832630570000e-04,4.447455999999e-05,4.162679530000e-03,2.257549100000e-04
6.62000000,3.084905800000e-04,3.446026999999e-05,-3.114099000001e-06,-7.321937700000e-05,-7.040764880000e-04,3.888053999999e-05,4.017028560000e-03,2.385767700000e-04
6.63000000,2.843419000000e-04,3.286108999999e-05,-3.349499000008e-06,-7.682362800000e-05,-7.250585280000e-04,3.383268000000e-05,3.879958770000e-03,2.521221400000e-04
6.64000000,2.611955900000e-04,3.099488000000e-05,-3.645864999999e-06,-8.058485100000e-05,-7.461803200000e-04,2.934811999999e-05,3.750744800000e-03,2.664304100000e-04
6.65000000,2.390566200000e-04,2.887549000000e-05,-3.998340000005e-06,-8.450799200001e-05,-7.674173240000e-04,2.541290999999e-05,3.628928770000e-03,2.815428300000e-04
6.66000000,2.179207100000e-04,2.652007999999e-05,-4.401171999999e-06,-8.859828600001e-05,-7.887395010000e-04,2.198862000000e-05,3.514725170000e-03,2.975027100000e-04
6.67000000,1.977770700000e-04,2.394901000000e-05,-4.847703000008e-06,-9.286152500000e-05,-8.101147120000e-04,1.905580999999e-05,3.408167930000e-03,3.143553800000e-04
6.68000000,1.786100500000e-04,2.118543999999e-05,-5.330529000008e-06,-9.730438700001e-05,-8.315076930000e-04,1.659774000000e-05,3.309235860000e-03,3.321483300000e-04
6.69000000,1.603990600000e-04,1.825499999999e-05,-5.841601000006e-06,-1.019347130000e-04,-8.528814870000e-04,1.459376000000e-05,3.217848470000e-03,3.509312500000e-04
6.70000000,1.431198100000e-04,1.518537999999e-05,-6.372535999999e-06,-1.067617150000e-04,-8.742100790000e-04,1.300858000000e-05,3.133871450000e-03,3.707560200000e-04
6.71000000,1.267474300000e-04,1.200581999999e-05,-6.914780000006e-06,-1.117961840000e-04,-8.954642110000e-04,1.180455999999e-05,3.057115100000e-03,3.916769700000e-04
6.72000000,1.112512000000e-04,8.746640000001e-06,-7.459954000005e-06,-1.170505440000e-04,-9.165536810000e-04,1.093968999999e-05,2.987340070000e-03,4.137507400000e-04
6.73000000,9.659980000000e-05,5.438909999989e-06,-8.000127000002e-06,-1.225388660000e-04,-9.374908950000e-04,1.040646000000e-05,2.924251050000e-03,4.370364400000e-04
6.74000000,8.277033000000e-05,2.113870000001e-06,-8.528220000012e-06,-1.282767580000e-04,-9.581652600000e-04,1.019360000000e-05,2.867508520000e-03,4.615957100000e-04
6.75000000,6.973875999999e-05,-1.197429000011e-06,-9.038300000000e-06,-1.342811760000e-04,-9.783759520000e-04,1.029227999999e-05,2.816730280000e-03,4.874926600000e-04
6.76000000,5.748426999999e-05,-4.464427000000e-06,-9.525942000002e-06,-1.405701620000e-04,-9.980743810000e-04,1.069137000000e-05,2.771491460000e-03,5.147940400000e-04
6.77000000,4.599011999999e-05,-7.657522000007e-06,-9.988542000003e-06,-1.471623960000e-04,-1.017338198000e-03,1.135839999999e-05,2.731336050000e-03,5.435691300000e-04
6.78000000,3.524300999999e-05,-1.074816900000e-05,-1.042553800000e-05,-1.540768120000e-04,-1.036142154000e-03,1.230460000000e-05,2.695773730000e-03,5.738898400000e-04
6.79000000,2.523420999999e-05,-1.370937700000e-05,-1.083874000000e-05,-1.613321520000e-04,-1.054469130000e-03,1.354248999999e-05,2.664293830000e-03,6.058306400000e-04
6.80000000,1.596010999999e-05,-1.651549200000e-05,-1.123218900001e-05,-1.689464640000e-04,-1.072268295000e-03,1.503386000000e-05,2.636360640000e-03,6.394687000000e-04
6.81000000,7.422479999991e-06,-1.914299600000e-05,-1.161250000001e-05,-1.769366590000e-04,-1.089494169000e-03,1.676267999999e-05,2.611427400000e-03,6.748838300000e-04
6.82000000,-3.743910000076e-07,-2.156992700000e-05,-1.198866400001e-05,-1.853180490000e-04,-1.106119196000e-03,1.872647999999e-05,2.588938550000e-03,7.121581000000e-04
6.83000000,-7.424171000012e-06,-2.377660400001e-05,-1.237176900000e-05,-1.941039490000e-04,-1.122102103000e-03,2.089493999999e-05,2.568335360000e-03,7.513761900000e-04
6.84000000,-1.371738500000e-05,-2.574617500001e-05,-1.277473200001e-05,-2.033053880000e-04,-1.137394889000e-03,2.325861999999e-05,2.549064100000e-03,7.926253600000e-04
6.85000000,-1.924170900000e-05,-2.746492400001e-05,-1.321198600000e-05,-2.129308350000e-04,-1.151946845000e-03,2.579637000000e-05,2.530573360000e-03,8.359950200000e-04
6.86000000,-2.398466700000e-05,-2.892253300001e-05,-1.369928200000e-05,-2.229860710000e-04,-1.165695635000e-03,2.848537000000e-05,2.512330300000e-03,8.815760000000e-04
6.87000000,-2.793479000000e-05,-3.011214500001e-05,-1.425284100001e-05,-2.334740800000e-04,-1.178591047000e-03,3.129159000000e-05,2.493813690000e-03,9.294601000000e-04
6.88000000,-3.108366100001e-05,-3.103038200000e-05,-1.488898600001e-05,-2.443951020000e-04,-1.190572233000e-03,3.416225000000e-05,2.474520710000e-03,9.797344100000e-04
6.89000000,-3.342717700000e-05,-3.167737200001e-05,-1.562362900001e-05,-2.557467100000e-04,-1.201572115000e-03,3.703495000000e-05,2.453970900000e-03,1.032502140000e-03
6.90000000,-3.496702700001e-05,-3.205804900000e-05,-1.647186300001e-05,-2.675240160000e-04,-1.211529137000e-03,3.987046999999e-05,2.431710580000e-03,1.087888230000e-03
6.91000000,-3.571441000001e-05,-3.218380100001e-05,-1.744766500000e-05,-2.797199150000e-04,-1.220381986000e-03,4.262838999999e-05,2.407316870000e-03,1.146026430000e-03
6.92000000,-3.569697900001e-05,-3.205619200000e-05,-1.856351700001e-05,-2.923253750000e-04,-1.228074797000e-03,4.527366000000e-05,2.380402880000e-03,1.207025930000e-03
6.93000000,-3.492966800001e-05,-3.167121500000e-05,-1.983039300001e-05,-3.053298010000e-04,-1.234567917000e-03,4.778006999999e-05,2.350629840000e-03,1.271006660000e-03
6.94000000,-3.343384500000e-05,-3.103796600000e-05,-2.125747000001e-05,-3.187214610000e-04,-1.239819701000e-03,5.013069000000e-05,2.317708470000e-03,1.338086550000e-03
6.95000000,-3.125369600000e-05,-3.017570200001e-05,-2.285229500000e-05,-3.324878340000e-04,-1.243798450000e-03,5.231686000000e-05,2.281407590000e-03,1.408382340000e-03
6.96000000,-2.844020600000e-05,-2.910347600001e-05,-2.462063900001e-05,-3.466160350000e-04,-1.246460237000e-03,5.433694000000e-05,2.241554780000e-03,1.482009560000e-03
6.97000000,-2.505174200000e-05,-2.784188000000e-05,-2.656663200000e-05,-3.610932410000e-04,-1.247742457000e-03,5.620062999999e-05,2.198036000000e-03,1.559083180000e-03
6.98000000,-2.115474900001e-05,-2.641315200000e-05,-2.869283800000e-05,-3.759069750000e-04,-1.247596007000e-03,5.792436999999e-05,2.150796950000e-03,1.639716460000e-03
6.99000000,-1.682523500000e-05,-2.484094900000e-05,-3.100056500001e-05,-3.910454030000e-04,-1.245906685000e-03,5.953306999999e-05,2.099843630000e-03,1.724019840000e-03
7.00000000,-1.214688600000e-05,-2.314996200001e-05,-3.349004800000e-05,-4.064976120000e-04,-1.242633135000e-03,6.106401000000e-05,2.045239570000e-03,1.812100430000e-03
7.01000000,-7.208869000006e-06,-2.136577300001e-05,-3.616061100001e-05,-4.222536390000e-04,-1.237758710000e-03,6.255125000000e-05,1.987108030000e-03,1.904060620000e-03
7.02000000,-2.104298000002e-06,-1.951444600000e-05,-3.901093300000e-05,-4.383045840000e-04,-1.231258864000e-03,6.402226999999e-05,1.925632480000e-03,1.999997460000e-03
7.03000000,3.071260000001e-06,-1.762235700001e-05,-4.203916200000e-05,-4.546425700000e-04,-1.223075373000e-03,6.551007000000e-05,1.861046690000e-03,2.100000720000e-03
7.04000000,8.221399999994e-06,-1.571562000001e-05,-4.524294300001e-05,-4.712605630000e-04,-1.213192798000e-03,6.704746000000e-05,1.793635740000e-03,2.204151220000e-03
7.05000000,1.325126000000e-05,-1.382013400000e-05,-4.861975400000e-05,-4.881521130000e-04,-1.201594880000e-03,6.866003000000e-05,1.723748610000e-03,2.312518670000e-03
7.06000000,1.806760999999e-05,-1.196110500000e-05,-5.216683500001e-05,-5.053111140000e-04,-1.188265424000e-03,7.036793000000e-05,1.651838940000e-03,2.425159170000e-03
7.07000000,2.258378999999e-05,-1.016292300000e-05,-5.588117700001e-05,-5.227313940000e-04,-1.173201767000e-03,7.218526000000e-05,1.578432310000e-03,2.542111650000e-03
7.08000000,2.672061999999e-05,-8.448922000012e-06,-5.975957300000e-05,-5.404063570000e-04,-1.156407205000e-03,7.411667000000e-05,1.504139490000e-03,2.663392460000e-03
7.09000000,3.040750000000e-05,-6.841035000010e-06,-6.379852700000e-05,-5.583285490000e-04,-1.137890962000e-03,7.615760999999e-05,1.429318300000e-03,2.788987820000e-03
7.10000000,3.358403999999e-05,-5.359736999999e-06,-6.799418200000e-05,-5.764894020000e-04,-1.117675027000e-03,7.829311999999e-05,1.354282800000e-03,2.918844080000e-03
7.11000000,3.620142999999e-05,-4.023852000004e-06,-7.234236600001e-05,-5.948787550000e-04,-1.095790020000e-03,8.049580000000e-05,1.279348940000e-03,3.052861970000e-03
7.12000000,3.822509000000e-05,-2.850536000007e-06,-7.683856900001e-05,-6.134845580000e-04,-1.072281758000e-03,8.271669000000e-05,1.204965650000e-03,3.190910660000e-03
7.13000000,3.963673999999e-05,-1.854854000005e-06,-8.147797700001e-05,-6.322927430000e-04,-1.047220518000e-03,8.492241999999e-05,1.131572760000e-03,3.332967280000e-03
7.14000000,4.043402999999e-05,-1.048845000004e-06,-8.625560400001e-05,-6.512869460000e-04,-1.020681217000e-03,8.707432999999e-05,1.059585120000e-03,3.478948760000e-03
7.15000000,4.063200000000e-05,-4.408940000034e-07,-9.116648100001e-05,-6.704485400000e-04,-9.927504840000e-04,8.910574000000e-05,9.894048600000e-04,3.629139310000e-03
7.16000000,4.024236000000e-05,-3.620200000887e-08,-9.620560900001e-05,-6.897564690000e-04,-9.635303350000e-04,9.096172999999e-05,9.214149100000e-04,3.783667060000e-03
7.17000000,3.927998000000e-05,1.653999999879e-07,-1.013685210000e-04,-7.091872800000e-04,-9.331337120000e-04,9.262276999999e-05,8.559696700000e-04,3.942391420000e-03
7.18000000,3.779615999999e-05,1.721999999954e-07,-1.066515080000e-04,-7.287155470000e-04,-9.016847740000e-04,9.407431000000e-05,7.933957300000e-04,4.104985920000e-03
7.19000000,3.584514999999e-05,-2.187200000281e-08,-1.120519560000e-04,-7.483136050000e-04,-8.693084990000e-04,9.531057999999e-05,7.339877700000e-04,4.271193960000e-03
7.20000000,3.348979999999e-05,-4.239170000031e-07,-1.175687330000e-04,-7.679519030000e-04,-8.361566170000e-04,9.632753000000e-05,6.780058700000e-04,4.440725630000e-03
7.21000000,3.079734000000e-05,-1.023885000007e-06,-1.232023470000e-04,-7.875992380000e-04,-8.023901850000e-04,9.712469999999e-05,6.256707700000e-04,4.613238720000e-03
7.22000000,2.783801999999e-05,-1.810248000000e-06,-1.289554290000e-04,-8.072228450000e-04,-7.681675090000e-04,9.770936999999e-05,5.771562100000e-04,4.788312050000e-03
7.23000000,2.468298000000e-05,-2.769686000006e-06,-1.348327970000e-04,-8.267885880000e-04,-7.336376610000e-04,9.809437000000e-05,5.325871300000e-04,4.965419300000e-03
7.24000000,2.140186999999e-05,-3.887353000012e-06,-1.408415860000e-04,-8.462612060000e-04,-6.989765970000e-04,9.829437999999e-05,4.920362400000e-04,5.143913550000e-03
7.25000000,1.806035999999e-05,-5.146397000000e-06,-1.469912470000e-04,-8.656042270000e-04,-6.643556410000e-04,9.832398000000e-05,4.555257200000e-04,5.323079640000e-03
7.26000000,1.471895999999e-05,-6.529190000007e-06,-1.532935140000e-04,-8.847803240000e-04,-6.299468910000e-04,9.820121000000e-05,4.230285100000e-04,5.502215900000e-03
7.27000000,1.143046999999e-05,-8.016989000006e-06,-1.597624790000e-04,-9.037510990000e-04,-5.959345630000e-04,9.794227000000e-05,3.944725600000e-04,5.680791780000e-03
7.28000000,8.239289999989e-06,-9.590259000006e-06,-1.664141810000e-04,-9.224779260000e-04,-5.625018470000e-04,9.756514999999e-05,3.697429600000e-04,5.858501730000e-03
7.29000000,5.180399999999e-06,-1.122953900000e-05,-1.732661900000e-04,-9.409212000000e-04,-5.298332500000e-04,9.708940000000e-05,3.486872400000e-04,6.034938880000e-03
7.30000000,2.280369999996e-06,-1.291587200000e-05,-1.803374750000e-04,-9.590741410000e-04,-4.981145370000e-04,9.653262999999e-05,3.311175700000e-04,6.210073870000e-03
7.31000000,-4.417109999988e-07,-1.463106200000e-05,-1.876477590000e-04,-9.768289540000e-04,-4.675183980000e-04,9.590995000000e-05,3.168177500000e-04,6.383748140000e-03
7.32000000,-2.978709000012e-06,-1.635803300000e-05,-1.952171330000e-04,-9.941349250000e-04,-4.382058140000e-04,9.522431999999e-05,3.055391600000e-04,6.555018020000e-03
7.33000000,-5.330489000005e-06,-1.808145200001e-05,-2.030655220000e-04,-1.010941491000e-03,-4.103327650000e-04,9.447865999999e-05,2.970025000000e-04,6.722921460000e-03
7.34000000,-7.505878000011e-06,-1.978788600000e-05,-2.112124740000e-04,-1.027270202000e-03,-3.840695440000e-04,9.367231000000e-05,2.909102100000e-04,6.886590430000e-03
7.35000000,-9.520040000002e-06,-2.146599000001e-05,-2.196764070000e-04,-1.043074605000e-03,-3.595747560000e-04,9.280696000000e-05,2.869499200000e-04,7.045173280000e-03
7.36000000,-1.139348600000e-05,-2.310671900001e-05,-2.284742670000e-04,-1.058314128000e-03,-3.369758080000e-04,9.188150999999e-05,2.848023100000e-04,7.197820040000e-03
7.37000000,-1.315012300000e-05,-2.470331900001e-05,-2.376212270000e-04,-1.072950208000e-03,-3.163750430000e-04,9.089311999999e-05,2.841255100000e-04,7.343683870000e-03
7.38000000,-1.481640000001e-05,-2.625180500000e-05,-2.471308190000e-04,-1.086943499000e-03,-2.978380610000e-04,8.983788000000e-05,2.846071700000e-04,7.481939850000e-03
7.39000000,-1.641847600001e-05,-2.775097400000e-05,-2.570144940000e-04,-1.100253713000e-03,-2.814048430000e-04,8.871368999999e-05,2.859574300000e-04,7.611794780000e-03
7.40000000,-1.798032200001e-05,-2.920226800000e-05,-2.672812390000e-04,-1.112840327000e-03,-2.670953970000e-04,8.751589999999e-05,2.878620000000e-04,7.732496720000e-03
7.41000000,-1.952300800001e-05,-3.060980600000e-05,-2.779374280000e-04,-1.124662582000e-03,-2.549074720000e-04,8.624217000000e-05,2.899142700000e-04,7.843355900000e-03
7.42000000,-2.106491400000e-05,-3.198028600000e-05,-2.889873460000e-04,-1.135679567000e-03,-2.447751300000e-04,8.489018999999e-05,2.917501000000e-04,7.943745960000e-03
7.43000000,-2.262033600001e-05,-3.332283100001e-05,-3.004330580000e-04,-1.145850578000e-03,-2.366030520000e-04,8.346031999999e-05,2.930626400000e-04,8.033106790000e-03
7.44000000,-2.420457200000e-05,-3.464884100000e-05,-3.122741950000e-04,-1.155135302000e-03,-2.302985050000e-04,8.195383000000e-05,2.935799000000e-04,8.110940110000e-03
7.45000000,-2.582477800001e-05,-3.597184300000e-05,-3.245083830000e-04,-1.163494053000e-03,-2.257352930000e-04,8.037413999999e-05,2.930145400000e-04,8.176814730000e-03
7.46000000,-2.747976200000e-05,-3.730721300001e-05,-3.371313620000e-04,-1.170888532000e-03,-2.227743510000e-04,7.872530000000e-05,2.911483100000e-04,8.230380770000e-03
7.47000000,-2.916061400000e-05,-3.867194800000e-05,-3.501370900000e-04,-1.177281054000e-03,-2.212831980000e-04,7.702312999999e-05,2.877689300000e-04,8.271365450000e-03
7.48000000,-3.085133400001e-05,-4.008446400000e-05,-3.635178600000e-04,-1.182635079000e-03,-2.211474330000e-04,7.528520000000e-05,2.827194900000e-04,8.299476820000e-03
7.49000000,-3.252804800001e-05,-4.156422800000e-05,-3.772644680000e-04,-1.186915793000e-03,-2.222415050000e-04,7.352824000000e-05,2.758900900000e-04,8.314500230000e-03
7.50000000,-3.416203800001e-05,-4.313148500000e-05,-3.913663490000e-04,-1.190091746000e-03,-2.243962540000e-04,7.177086000000e-05,2.672086100000e-04,8.316883050000e-03
7.51000000,-3.571920700000e-05,-4.480684900000e-05,-4.058116860000e-04,-1.192138067000e-03,-2.274821970000e-04,7.003365000000e-05,2.566521900000e-04,8.306384370000e-03
7.52000000,-3.716158500000e-05,-4.661096700001e-05,-4.205875880000e-04,-1.193057122000e-03,-2.313886550000e-04,6.833549999999e-05,2.442351700000e-04,8.282277210000e-03
7.53000000,-3.844869300000e-05,-4.856415300000e-05,-4.356801520000e-04,-1.192805641000e-03,-2.359189570000e-04,6.669490000000e-05,2.300169600000e-04,8.244499210000e-03
7.54000000,-3.953864700000e-05,-5.068596600001e-05,-4.510746000000e-04,-1.191310654000e-03,-2.408455890000e-04,6.513177999999e-05,2.140938000000e-04,8.193481280000e-03
7.55000000,-4.039046100000e-05,-5.299491500001e-05,-4.667553970000e-04,-1.188505700000e-03,-2.459253210000e-04,6.366366999999e-05,1.966050100000e-04,8.129575130000e-03
7.56000000,-4.096457000001e-05,-5.550819800000e-05,-4.827063460000e-04,-1.184381132000e-03,-2.508988790000e-04,6.230585000000e-05,1.777199800000e-04,8.053170710000e-03
7.57000000,-4.122917300001e-05,-5.824138500000e-05,-4.989107060000e-04,-1.178920771000e-03,-2.555031630000e-04,6.107364999999e-05,1.576387900000e-04,7.964725800000e-03
7.58000000,-4.117283100001e-05,-6.120804700001e-05,-5.153512950000e-04,-1.172109995000e-03,-2.595078220000e-04,5.997797000000e-05,1.365900500000e-04,7.864741110000e-03
7.59000000,-4.076541300001e-05,-6.441953600000e-05,-5.320106250000e-04,-1.163936318000e-03,-2.627243320000e-04,5.902493000000e-05,1.148272000000e-04,7.753774530000e-03
7.60000000,-3.998931300001e-05,-6.788476400001e-05,-5.488710120000e-04,-1.154396081000e-03,-2.649940980000e-04,5.821766000000e-05,9.262129000000e-05,7.632432840000e-03
7.61000000,-3.884019500000e-05,-7.161005400000e-05,-5.659146940000e-04,-1.143488855000e-03,-2.662110590000e-04,5.755650000000e-05,7.025763999999e-05,7.501355870000e-03
7.62000000,-3.732385000001e-05,-7.559899100000e-05,-5.831239920000e-04,-1.131221237000e-03,-2.662756410000e-04,5.703794999999e-05,4.802715999999e-05,7.361218930000e-03
7.63000000,-3.545608200001e-05,-7.985242800000e-05,-6.004813690000e-04,-1.117605114000e-03,-2.651481100000e-04,5.665683999999e-05,2.622277999999e-05,7.212745960000e-03
7.64000000,-3.325956100000e-05,-8.436851900001e-05,-6.179695120000e-04,-1.102655534000e-03,-2.628127480000e-04,5.640503000000e-05,5.129699999995e-06,7.056647300000e-03
7.65000000,-3.076796100000e-05,-8.914281300000e-05,-6.355713460000e-04,-1.086392187000e-03,-2.592488950000e-04,5.627321000000e-05,-1.497593200001e-05,6.893778280000e-03
7.66000000,-2.802305400000e-05,-9.416849600001e-05,-6.532702900000e-04,-1.068840280000e-03,-2.544549450000e-04,5.625297999999e-05,-3.382531600001e-05,6.725795980000e-03
7.67000000,-2.507319600001e-05,-9.943663300001e-05,-6.710499790000e-04,-1.050030391000e-03,-2.484525790000e-04,5.634115000000e-05,-5.117578000001e-05,6.555177230000e-03
7.68000000,-2.197244800001e-05,-1.049364880000e-04,-6.888943190000e-04,-1.029998614000e-03,-2.412687840000e-04,5.652969999999e-05,-6.679740300000e-05,6.382550040000e-03
7.69000000,-1.877988400001e-05,-1.106559220000e-04,-7.067875890000e-04,-1.008786542000e-03,-2.329482340000e-04,5.681523999999e-05,-8.050367500001e-05,6.207500040000e-03
7.70000000,-1.555883100000e-05,-1.165818880000e-04,-7.247140900000e-04,-9.864412880000e-04,-2.235491440000e-04,5.719278999999e-05,-9.213987800001e-05,6.029581280000e-03
7.71000000,-1.237465900000e-05,-1.227008590000e-04,-7.426581210000e-04,-9.630151900000e-04,-2.131452400000e-04,5.765902999999e-05,-1.015985320000e-04,5.849745640000e-03
7.72000000,-9.294303000007e-06,-1.289993740000e-04,-7.606036410000e-04,-9.385659580000e-04,-2.018248490000e-04,5.821242000000e-05,-1.088287890000e-04,5.668631970000e-03
7.73000000,-6.384225000003e-06,-1.354645260000e-04,-7.785340170000e-04,-9.131563980000e-04,-1.896893610000e-04,5.885522000000e-05,-1.138246560000e-04,5.486860120000e-03
7.74000000,-3.708182000003e-06,-1.420844540000e-04,-7.964317540000e-04,-8.868543100000e-04,-1.768626150000e-04,5.958639999999e-05,-1.166714590000e-04,5.304999140000e-03
7.75000000,-1.326140999999e-06,-1.488488470000e-04,-8.142783360000e-04,-8.597321730000e-04,-1.634902900000e-04,6.040866000000e-05,-1.174490380000e-04,5.123609150000e-03
7.76000000,7.064199999962e-07,-1.557493330000e-04,-8.320541480000e-04,-8.318671130000e-04,-1.497338110000e-04,6.132936000000e-05,-1.161361920000e-04,4.943238720000e-03
7.77000000,2.340039999993e-06,-1.627798430000e-04,-8.497381450000e-04,-8.033402120000e-04,-1.357673700000e-04,6.234538000000e-05,-1.127844190000e-04,4.764405860000e-03
7.78000000,3.534249999992e-06,-1.699369890000e-04,-8.673069610000e-04,-7.742383530000e-04,-1.217754650000e-04,6.344258999999e-05,-1.074237660000e-04,4.587627780000e-03
7.79000000,4.260110000001e-06,-1.772199590000e-04,-8.847362830000e-04,-7.446490050000e-04,-1.079408000000e-04,6.462983000000e-05,-1.002329770000e-04,4.413430180000e-03
7.80000000,4.504640000000e-06,-1.846310660000e-04,-9.019989680000e-04,-7.146660640000e-04,-9.444298900001e-05,6.591172999999e-05,-9.142925500001e-05,4.242585410000e-03
7.81000000,4.271649999998e-06,-1.921754040000e-04,-9.190665880000e-04,-6.843835630000e-04,-8.145139800000e-05,6.729408999999e-05,-8.124308700000e-05,4.076644090000e-03
7.82000000,3.531889999991e-06,-1.998610480000e-04,-9.359082750000e-04,-6.539001590000e-04,-6.914258900001e-05,6.878275000000e-05,-6.991478000000e-05,3.916579730000e-03
7.83000000,2.299200000000e-06,-2.076988360000e-04,-9.525123770000e-04,-6.233170510000e-04,-5.766050200001e-05,7.038712999999e-05,-5.770209200001e-05,3.761848300000e-03
7.84000000,5.919599999904e-07,-2.157020950000e-04,-9.688133860000e-04,-5.927379200000e-04,-4.713027100001e-05,7.211271999999e-05,-4.486778100000e-05,3.611536490000e-03
7.85000000,-1.561265000005e-06,-2.238863440000e-04,-9.847504590000e-04,-5.622685920000e-04,-3.762726500001e-05,7.395907999999e-05,-3.167679300001e-05,3.465990180000e-03
7.86000000,-4.124190000010e-06,-2.322689600000e-04,-1.000260228000e-03,-5.320167180000e-04,-2.922841300000e-05,7.592763000000e-05,-1.839213300001e-05,3.325491150000e-03
7.87000000,-7.053222000009e-06,-2.408686990000e-04,-1.015358516000e-03,-5.020914690000e-04,-2.197479600001e-05,7.802171000000e-05,-5.264819000012e-06,3.190197140000e-03
7.88000000,-1.029854500001e-05,-2.497052240000e-04,-1.030007968000e-03,-4.726026580000e-04,-1.589868300000e-05,8.024032999999e-05,7.463419999992e-06,3.060269950000e-03
7.89000000,-1.380583100001e-05,-2.587986070000e-04,-1.044166443000e-03,-4.436589950000e-04,-1.099775700000e-05,8.258723000000e-05,1.956335999999e-05,2.935837990000e-03
7.90000000,-1.751772000000e-05,-2.681688280000e-04,-1.057793170000e-03,-4.153688330000e-04,-7.251443000011e-06,8.504404000000e-05,3.082688999999e-05,2.816996440000e-03
7.91000000,-2.137550100001e-05,-2.778352720000e-04,-1.070847332000e-03,-3.878413160000e-04,-4.629610000001e-06,8.759879999999e-05,4.107051999999e-05,2.703824150000e-03
7.92000000,-2.532117100000e-05,-2.878161560000e-04,-1.083287104000e-03,-3.611841100000e-04,-3.086683000003e-06,9.024823999999e-05,5.013500999999e-05,2.596368650000e-03
7.93000000,-2.929905700001e-05,-2.981280990000e-04,-1.095070264000e-03,-3.355018500000e-04,-2.588905000003e-06,9.298957999999e-05,5.789484999999e-05,2.494660440000e-03
7.94000000,-3.325726300001e-05,-3.087856670000e-04,-1.106154581000e-03,-3.108960560000e-04,-3.080501000008e-06,9.581550000000e-05,6.425601000000e-05,2.398706070000e-03
7.95000000,-3.714871100001e-05,-3.198009770000e-04,-1.116498136000e-03,-2.874633930000e-04,-4.463202000010e-06,9.871750000000e-05,6.917797999999e-05,2.308487890000e-03
7.96000000,-4.093178700000e-05,-3.311833810000e-04,-1.126059787000e-03,-2.652931700000e-04,-6.634181000012e-06,1.016878900000e-04,7.265740000000e-05,2.223967160000e-03
7.97000000,-4.457183800001e-05,-3.429391510000e-04,-1.134799179000e-03,-2.444655970000e-04,-9.486399000003e-06,1.047172800000e-04,7.477179000000e-05,2.145082360000e-03
7.98000000,-4.804316200001e-05,-3.550713180000e-04,-1.142676955000e-03,-2.250503290000e-04,-1.294692000001e-05,1.077957500000e-04,7.559708999999e-05,2.071753150000e-03
7.99000000,-5.132919400000e-05,-3.675795450000e-04,-1.149655085000e-03,-2.071051480000e-04,-1.693217300000e-05,1.109136600000e-04,7.516694000000e-05,2.003880240000e-03
8.00000000,-5.442203400001e-05,-3.804600780000e-04,-1.155697162000e-03,-1.906757020000e-04,-2.129212600001e-05,1.140599200000e-04,7.356610999999e-05,1.941346300000e-03
8.01000000,-5.732296400000e-05,-3.937057990000e-04,-1.160768920000e-03,-1.757951450000e-04,-2.586201600001e-05,1.172242600000e-04,7.085850999999e-05,1.884016730000e-03
8.02000000,-6.004248300001e-05,-4.073062910000e-04,-1.164838870000e-03,-1.624839300000e-04,-3.048838100000e-05,1.203949100000e-04,6.718193999999e-05,1.831740250000e-03
8.03000000,-6.259985500001e-05,-4.212480690000e-04,-1.167878017000e-03,-1.507505120000e-04,-3.502120300000e-05,1.235614700000e-04,6.273927999999e-05,1.784349400000e-03
8.04000000,-6.502250000001e-05,-4.355148110000e-04,-1.169865393000e-03,-1.405915390000e-04,-3.931833000001e-05,1.267186200000e-04,5.772360999999e-05,1.741663610000e-03
8.05000000,-6.734481200001e-05,-4.500876610000e-04,-1.170802010000e-03,-1.319912200000e-04,-4.325482700000e-05,1.298575900000e-04,5.233840999999e-05,1.703487850000e-03
8.06000000,-6.960672200000e-05,-4.649456270000e-04,-1.170660304000e-03,-1.249220690000e-04,-4.672033200001e-05,1.329719000000e-04,4.678242999999e-05,1.669615040000e-03
8.07000000,-7.185219800000e-05,-4.800659150000e-04,-1.169378836000e-03,-1.193455890000e-04,-4.961945700001e-05,1.360593700000e-04,4.126221999999e-05,1.639826720000e-03
8.08000000,-7.412775400001e-05,-4.954243830000e-04,-1.166898015000e-03,-1.152110440000e-04,-5.189581000001e-05,1.391220000000e-04,3.597279999999e-05,1.613892510000e-03
8.09000000,-7.648099000000e-05,-5.109959330000e-04,-1.163215809000e-03,-1.124596300000e-04,-5.350865200000e-05,1.421595400000e-04,3.109503000000e-05,1.591573680000e-03
8.10000000,-7.895885600001e-05,-5.267549980000e-04,-1.158323967000e-03,-1.110134300000e-04,-5.441277200001e-05,1.451731000000e-04,2.680311000000e-05,1.572621350000e-03
8.11000000,-8.160632200001e-05,-5.426760020000e-04,-1.152215107000e-03,-1.108010220000e-04,-5.458620000001e-05,1.481691000000e-04,2.325380000000e-05,1.556777980000e-03
8.12000000,-8.446485100000e-05,-5.587338220000e-04,-1.144885763000e-03,-1.117655740000e-04,-5.402960600001e-05,1.511502500000e-04,2.058074000000e-05,1.543777400000e-03
8.13000000,-8.757095200000e-05,-5.749041200000e-04,-1.136337748000e-03,-1.138484910000e-04,-5.276005700000e-05,1.541210500000e-04,1.885710999999e-05,1.533349210000e-03
8.14000000,-9.095491100000e-05,-5.911638100000e-04,-1.126576662000e-03,-1.169562600000e-04,-5.080682900001e-05,1.570843500000e-04,1.811603000000e-05,1.525225960000e-03
8.15000000,-9.463999900000e-05,-6.074913690000e-04,-1.115612708000e-03,-1.209564890000e-04,-4.819954100001e-05,1.600428100000e-04,1.840346000000e-05,1.519126520000e-03
8.16000000,-9.864229300001e-05,-6.238671840000e-04,-1.103458995000e-03,-1.257185410000e-04,-4.499385400000e-05,1.630089600000e-04,1.974073000000e-05,1.514768320000e-03
8.17000000,-1.029710080000e-04,-6.402736330000e-04,-1.090130433000e-03,-1.311102140000e-04,-4.126368300000e-05,1.659972100000e-04,2.214117999999e-05,1.511875520000e-03
8.18000000,-1.076289580000e-04,-6.566954560000e-04,-1.075645258000e-03,-1.369960510000e-04,-3.709780100000e-05,1.690071900000e-04,2.561895000000e-05,1.510180440000e-03
8.19000000,-1.126131290000e-04,-6.731197100000e-04,-1.060024744000e-03,-1.432383200000e-04,-3.259154500000e-05,1.720394100000e-04,3.010764000000e-05,1.509401950000e-03
8.20000000,-1.179152750000e-04,-6.895358430000e-04,-1.043293279000e-03,-1.496973600000e-04,-2.784468400001e-05,1.750901000000e-04,3.551166000000e-05,1.509261400000e-03
8.21000000,-1.235225420000e-04,-7.059356930000e-04,-1.025478348000e-03,-1.562322520000e-04,-2.295874700001e-05,1.781537600000e-04,4.172242000000e-05,1.509472750000e-03
8.22000000,-1.294182010000e-04,-7.223131400000e-04,-1.006610333000e-03,-1.627024610000e-04,-1.803835300000e-05,1.812232200000e-04,4.861714000000e-05,1.509742000000e-03
8.23000000,-1.355822720000e-04,-7.386640750000e-04,-9.867225970000e-04,-1.689704770000e-04,-1.318632300000e-05,1.842886900000e-04,5.605838999999e-05,1.509796260000e-03
8.24000000,-1.419923810000e-04,-7.549859310000e-04,-9.658514030000e-04,-1.749016960000e-04,-8.509121000005e-06,1.873378800000e-04,6.388746000000e-05,1.509361790000e-03
8.25000000,-1.486246220000e-04,-7.712771920000e-04,-9.440359800000e-04,-1.803660220000e-04,-4.107396000000e-06,1.903564500000e-04,7.194150999999e-05,1.508157780000e-03
8.26000000,-1.554542660000e-04,-7.875370590000e-04,-9.213185320000e-04,-1.852376590000e-04,-7.874600001234e-08,1.933283000000e-04,8.005036000000e-05,1.505915840000e-03
8.27000000,-1.624566570000e-04,-8.037646870000e-04,-8.977440950000e-04,-1.893986280000e-04,3.479639999998e-06,1.962344800000e-04,8.804254000000e-05,1.502397280000e-03
8.28000000,-1.696081010000e-04,-8.199585750000e-04,-8.733605300000e-04,-1.927368880000e-04,6.506479999988e-06,1.990539200000e-04,9.574829999999e-05,1.497376520000e-03
8.29000000,-1.768866830000e-04,-8.361159150000e-04,-8.482188590000e-04,-1.951553250000e-04,8.942249999991e-06,2.017650500000e-04,1.030038800000e-04,1.490641190000e-03
8.30000000,-1.842731650000e-04,-8.522317420000e-04,-8.223732200000e-04,-1.965978540000e-04,1.074105000000e-05,2.043458900000e-04,1.096526900000e-04,1.481983720000e-03
8.31000000,-1.917518020000e-04,-8.682983600000e-04,-7.958805520000e-04,-1.970395190000e-04,1.186254999999e-05,2.067683500000e-04,1.155512000000e-04,1.471224240000e-03
8.32000000,-1.993110740000e-04,-8.843045510000e-04,-7.688010770000e-04,-1.964012380000e-04,1.227307000000e-05,2.090081400000e-04,1.205746500000e-04,1.458203570000e-03
8.33000000,-2.069443740000e-04,-9.002347780000e-04,-7.411980540000e-04,-1.946235800000e-04,1.197924000000e-05,2.110428300000e-04,1.246174400000e-04,1.442784730000e-03
8.34000000,-2.146505940000e-04,-9.160690830000e-04,-7.131380130000e-04,-1.916331180000e-04,1.100850999999e-05,2.128509600000e-04,1.276086500000e-04,1.424853580000e-03
8.35000000,-2.224344060000e-04,-9.317826050000e-04,-6.846902110000e-04,-1.874405220000e-04,9.405079999997e-06,2.144142600000e-04,1.295575800000e-04,1.404320530000e-03
8.36000000,-2.303064730000e-04,-9.473477940000e-04,-6.559274100000e-04,-1.820584230000e-04,7.231459999993e-06,2.157192600000e-04,1.304699500000e-04,1.381120700000e-03
8.37000000,-2.382833360000e-04,-9.627500660000e-04,-6.269254510000e-04,-1.755157690000e-04,4.561519999988e-06,2.167569800000e-04,1.303402300000e-04,1.355214680000e-03
8.38000000,-2.463870780000e-04,-9.778917170000e-04,-5.977630380000e-04,-1.678566590000e-04,1.445109999998e-06,2.175245000000e-04,1.291902200000e-04,1.326588700000e-03
8.39000000,-2.546447430000e-04,-9.927171870000e-04,-5.685217140000e-04,-1.591399210000e-04,-2.045095000000e-06,2.180228400000e-04,1.270267100000e-04,1.295254310000e-03
8.40000000,-2.630875030000e-04,-1.007193302000e-03,-5.392854000000e-04,-1.494405370000e-04,-5.809239000010e-06,2.182560900000e-04,1.239034700000e-04,1.261248340000e-03
8.41000000,-2.717496620000e-04,-1.021289631000e-03,-5.101405140000e-04,-1.388477210000e-04,-9.742073000002e-06,2.182323300000e-04,1.199466100000e-04,1.224632190000e-03
8.42000000,-2.806674560000e-04,-1.034946980000e-03,-4.811758860000e-04,-1.274639090000e-04,-1.372720800001e-05,2.179664200000e-04,1.152867600000e-04,1.185491100000e-03
8.43000000,-2.898777950000e-04,-1.048107030000e-03,-4.524809900000e-04,-1.154045990000e-04,-1.765128300001e-05,2.174737700000e-04,1.100715900000e-04,1.143933310000e-03
8.44000000,-2.994169370000e-04,-1.060711140000e-03,-4.241459430000e-04,-1.027956390000e-04,-2.140772500001e-05,2.167768400000e-04,1.044533100000e-04,1.100088720000e-03
8.45000000,-3.093191580000e-04,-1.072699626000e-03,-3.962626450000e-04,-8.977285500000e-05,-2.490059100001e-05,2.159012900000e-04,9.859208999999e-05,1.054107790000e-03
8.46000000,-3.196155170000e-04,-1.084012969000e-03,-3.689224690000e-04,-7.647953700000e-05,-2.804507400000e-05,2.148726500000e-04,9.264674999999e-05,1.006159860000e-03
8.47000000,-3.303326850000e-04,-1.094593112000e-03,-3.422156970000e-04,-6.306416900001e-05,-3.077697600000e-05,2.137146400000e-04,8.677351000000e-05,9.564318300000e-04
8.48000000,-3.414919590000e-04,-1.104384330000e-03,-3.162311860000e-04,-4.968017100000e-05,-3.305301700000e-05,2.124506800000e-04,8.111812000000e-05,9.051263700000e-04
8.49000000,-3.531084260000e-04,-1.113334715000e-03,-2.910558670000e-04,-3.648211900001e-05,-3.481717200000e-05,2.111031700000e-04,7.581507000000e-05,8.524599000000e-04
8.50000000,-3.651903160000e-04,-1.121396508000e-03,-2.667742220000e-04,-2.362379800000e-05,-3.603196000000e-05,2.096939100000e-04,7.098083000000e-05,7.986610000000e-04
8.51000000,-3.777385550000e-04,-1.128526953000e-03,-2.434670730000e-04,-1.125564300000e-05,-3.668181000001e-05,2.082421100000e-04,6.671221000000e-05,7.439684500000e-04
8.52000000,-3.907465540000e-04,-1.134688546000e-03,-2.212102770000e-04,4.762499999922e-07,-3.677769300001e-05,2.067637400000e-04,6.308255000000e-05,6.886293100000e-04
8.53000000,-4.042001790000e-04,-1.139849589000e-03,-2.000729360000e-04,1.143479999999e-05,-3.634150400000e-05,2.052701900000e-04,6.013906999999e-05,6.328966900000e-04
8.54000000,-4.180779760000e-04,-1.143984321000e-03,-1.801167290000e-04,2.148988999999e-05,-3.540894400000e-05,2.037690100000e-04,5.790175999999e-05,5.770279300000e-04
8.55000000,-4.323516580000e-04,-1.147074079000e-03,-1.613943680000e-04,3.052212000000e-05,-3.403617700000e-05,2.022614300000e-04,5.635686000000e-05,5.212786400000e-04
8.56000000,-4.469864580000e-04,-1.149105941000e-03,-1.439509640000e-04,3.842663999999e-05,-3.228913300000e-05,2.007458800000e-04,5.546278000000e-05,4.659127100000e-04
8.57000000,-4.619422240000e-04,-1.150083465000e-03,-1.278223810000e-04,4.511733000000e-05,-3.023148400001e-05,1.992117100000e-04,5.515972999999e-05,4.111878800000e-04
8.58000000,-4.771742850000e-04,-1.150030556000e-03,-1.130360850000e-04,5.053446999999e-05,-2.793341700001e-05,1.976479800000e-04,5.538064999999e-05,3.573590800000e-04
8.59000000,-4.926346730000e-04,-1.148901449000e-03,-9.961108300001e-05,5.464662000000e-05,-2.547796100001e-05,1.960399100000e-04,5.606605000000e-05,3.046755600000e-04
8.60000000,-5.082733410000e-04,-1.146669964000e-03,-8.755884000000e-05,5.744685999999e-05,-2.295008500000e-05,1.943694100000e-04,5.713700000000e-05,2.533801400000e-04
8.61000000,-5.240395120000e-04,-1.143358877000e-03,-7.688336400001e-05,5.898130000000e-05,-2.043136700000e-05,1.926163800000e-04,5.851447999999e-05,2.037068600000e-04
8.62000000,-5.398830930000e-04,-1.138993242000e-03,-6.758092800001e-05,5.927531000000e-05,-1.799967700000e-05,1.907601000000e-04,6.009083000000e-05,1.558805000000e-04
8.63000000,-5.557558600000e-04,-1.133594439000e-03,-5.964037200000e-05,5.831480000000e-05,-1.572831300001e-05,1.887799300000e-04,6.174803999999e-05,1.101194800000e-04
8.64000000,-5.716132860000e-04,-1.127188899000e-03,-5.304363600001e-05,5.609548999999e-05,-1.368273100001e-05,1.866536800000e-04,6.337436999999e-05,6.662387999999e-05
8.65000000,-5.874151810000e-04,-1.119798420000e-03,-4.776476300000e-05,5.264219999999e-05,-1.191421500001e-05,1.843633700000e-04,6.486258999999e-05,2.558094999999e-05
8.66000000,-6.031269570000e-04,-1.111448731000e-03,-4.377242500000e-05,4.806871999999e-05,-1.046906100001e-05,1.818928200000e-04,6.611944000000e-05,-1.284657100001e-05
8.67000000,-6.187203320000e-04,-1.102165208000e-03,-4.103042100001e-05,4.248636000000e-05,-9.391384000010e-06,1.792306100000e-04,6.707250000000e-05,-4.851755600001e-05
8.68000000,-6.341740120000e-04,-1.091970564000e-03,-3.948567600001e-05,3.602154000000e-05,-8.709071999999e-06,1.763681900000e-04,6.766726999999e-05,-8.131220100001e-05
8.69000000,-6.494741210000e-04,-1.080884711000e-03,-3.908013600000e-05,2.881040000000e-05,-8.437737000003e-06,1.733004500000e-04,6.786272999999e-05,-1.111267250000e-04
8.70000000,-6.646140500000e-04,-1.068924608000e-03,-3.978191500001e-05,2.099741999999e-05,-8.581944000011e-06,1.700276700000e-04,6.764188000000e-05,-1.378790580000e-04
8.71000000,-6.795949190000e-04,-1.056103876000e-03,-4.156327100001e-05,1.273501000000e-05,-9.133059999999e-06,1.665549300000e-04,6.701530999999e-05,-1.615104110000e-04
8.72000000,-6.944234880000e-04,-1.042432006000e-03,-4.436759000001e-05,4.179579999999e-06,-1.006840200000e-05,1.628965400000e-04,6.600639000000e-05,-1.819839130000e-04
8.73000000,-7.091130210000e-04,-1.027914143000e-03,-4.810014700000e-05,-4.508617999999e-06,-1.135643500001e-05,1.590799200000e-04,6.465673000000e-05,-1.992828850000e-04
8.74000000,-7.236818960000e-04,-1.012551620000e-03,-5.267007200001e-05,-1.317336800001e-05,-1.295443200000e-05,1.551286100000e-04,6.302689000000e-05,-2.134132970000e-04
8.75000000,-7.381523370000e-04,-9.963422950000e-04,-5.798392000000e-05,-2.166183000001e-05,-1.481031300000e-05,1.510747300000e-04,6.120339000000e-05,-2.244043240000e-04
8.76000000,-7.525493520000e-04,-9.792813870000e-04,-6.394566800001e-05,-2.982798600000e-05,-1.686682700000e-05,1.469514700000e-04,5.928205000000e-05,-2.323124610000e-04
8.77000000,-7.668992190000e-04,-9.613621010000e-04,-7.045502100000e-05,-3.753399700000e-05,-1.905979400001e-05,1.427831900000e-04,5.736603999999e-05,-2.372434320000e-04
8.78000000,-7.812283340000e-04,-9.425767870000e-04,-7.740902200000e-05,-4.464935800001e-05,-2.132636300001e-05,1.385883600000e-04,5.556291000000e-05,-2.393104720000e-04
8.79000000,-7.955614540000e-04,-9.229180860000e-04,-8.470185200000e-05,-5.105400500001e-05,-2.360235300000e-05,1.343876600000e-04,5.397908999999e-05,-2.385263110000e-04
8.80000000,-8.099205520000e-04,-9.023800560000e-04,-9.222543000001e-05,-5.664138100001e-05,-2.581706900001e-05,1.302013300000e-04,5.271432999999e-05,-2.349006250000e-04
8.81000000,-8.243233490000e-04,-8.809597430000e-04,-9.987033400001e-05,-6.132255000001e-05,-2.789855800001e-05,1.260473800000e-04,5.184603000000e-05,-2.284981830000e-04
8.82000000,-8.387822940000e-04,-8.586583730000e-04,-1.075267760000e-04,-6.502857000000e-05,-2.978138600000e-05,1.219392000000e-04,5.142900999999e-05,-2.194934910000e-04
8.83000000,-8.533033890000e-04,-8.354826440000e-04,-1.150848710000e-04,-6.771949600000e-05,-3.140794000001e-05,1.178925100000e-04,5.151486999999e-05,-2.080984000000e-04
8.84000000,-8.678853940000e-04,-8.114461210000e-04,-1.224360850000e-04,-6.939461600000e-05,-3.272894900000e-05,1.139209000000e-04,5.214541000000e-05,-1.945066280000e-04
8.85000000,-8.825191480000e-04,-7.865700850000e-04,-1.294739650000e-04,-7.008379600000e-05,-3.370610400001e-05,1.100363000000e-04,5.332981999999e-05,-1.789309600000e-04
8.86000000,-8.971871530000e-04,-7.608847500000e-04,-1.360948620000e-04,-6.977522800000e-05,-3.431268700001e-05,1.062503500000e-04,5.507403999999e-05,-1.615980210000e-04
8.87000000,-9.118634770000e-04,-7.344297230000e-04,-1.421993840000e-04,-6.847316500000e-05,-3.453563800000e-05,1.025707800000e-04,5.736399999999e-05,-1.427410710000e-04
8.88000000,-9.265140030000e-04,-7.072549440000e-04,-1.476917090000e-04,-6.616450800001e-05,-3.437404800001e-05,9.900399000000e-05,6.015349999999e-05,-1.226061430000e-04
8.89000000,-9.410968910000e-04,-6.794206290000e-04,-1.524822650000e-04,-6.290170600000e-05,-3.384119100000e-05,9.555197000000e-05,6.337682999999e-05,-1.014470490000e-04
8.90000000,-9.555720790000e-04,-6.509973400000e-04,-1.564875720000e-04,-5.877372000000e-05,-3.296180100000e-05,9.222122999999e-05,6.696000999999e-05,-7.952139500000e-05
8.91000000,-9.698797270000e-04,-6.220671980000e-04,-1.596340040000e-04,-5.387333100000e-05,-3.176986000000e-05,8.901655999999e-05,7.081478000000e-05,-5.709538500001e-05
8.92000000,-9.839284050000e-04,-5.927182970000e-04,-1.618665530000e-04,-4.830568800000e-05,-3.030775200001e-05,8.593537000000e-05,7.484748999999e-05,-3.442570400000e-05
8.93000000,-9.976392340000e-04,-5.630516810000e-04,-1.631549450000e-04,-4.218511500001e-05,-2.862354800001e-05,8.297620000000e-05,7.895955999999e-05,-1.177537700001e-05
8.94000000,-1.010986196000e-03,-5.331745980000e-04,-1.635030400000e-04,-3.563470800001e-05,-2.676724300001e-05,8.013696999999e-05,8.305525999999e-05,1.060075999999e-05
8.95000000,-1.023895403000e-03,-5.032011130000e-04,-1.628548060000e-04,-2.878470600001e-05,-2.479204000000e-05,7.741627999999e-05,8.704489000000e-05,3.245587999999e-05
8.96000000,-1.036298082000e-03,-4.732490580000e-04,-1.611495270000e-04,-2.176879100001e-05,-2.275723100001e-05,7.480796999999e-05,9.084648999999e-05,5.355717000000e-05
8.97000000,-1.048128604000e-03,-4.434405720000e-04,-1.583569740000e-04,-1.472373700001e-05,-2.072124700001e-05,7.230558999999e-05,9.439125999999e-05,7.368076000000e-05
8.98000000,-1.059323410000e-03,-4.139004740000e-04,-1.545014480000e-04,-7.785117000003e-06,-1.874212400001e-05,6.990378999999e-05,9.762651999999e-05,9.260983999999e-05
8.99000000,-1.069822470000e-03,-3.847538000000e-04,-1.496069380000e-04,-1.086077000001e-06,-1.687412500001e-05,6.759754999999e-05,1.005192600000e-04,1.101401700000e-04
9.00000000,-1.079570633000e-03,-3.561233750000e-04,-1.437074170000e-04,5.247589999993e-06,-1.516339500000e-05,6.538353999999e-05,1.030570900000e-04,1.260826500000e-04
9.01000000,-1.088518542000e-03,-3.281283520000e-04,-1.368490050000e-04,1.109478000000e-05,-1.365476300001e-05,6.326040000000e-05,1.052491400000e-04,1.402655400000e-04
9.02000000,-1.096623605000e-03,-3.008824540000e-04,-1.290897540000e-04,1.634282999999e-05,-1.238491400000e-05,6.122761999999e-05,1.071270300000e-04,1.525437700000e-04
9.03000000,-1.103850703000e-03,-2.744924280000e-04,-1.204980070000e-04,2.088937000000e-05,-1.138061200001e-05,5.928305000000e-05,1.087393800000e-04,1.628028900000e-04
9.04000000,-1.110171919000e-03,-2.490564560000e-04,-1.111532140000e-04,2.464762000000e-05,-1.065954700001e-05,5.742658999999e-05,1.101459700000e-04,1.709638900000e-04
9.05000000,-1.115566788000e-03,-2.246633480000e-04,-1.011429140000e-04,2.754978000000e-05,-1.023038500000e-05,5.566001000000e-05,1.114198000000e-04,1.769840000000e-04
9.06000000,-1.120021431000e-03,-2.013914400000e-04,-9.056447600000e-05,2.955532000000e-05,-1.009240000001e-05,5.398913000000e-05,1.126401000000e-04,1.808579400000e-04
9.07000000,-1.123528383000e-03,-1.793069650000e-04,-7.952248900001e-05,3.067844999999e-05,-1.023627000001e-05,5.242204000000e-05,1.138840600000e-04,1.826689900000e-04
9.08000000,-1.126085826000e-03,-1.584631800000e-04,-6.812849000000e-05,3.091839000000e-05,-1.064373900000e-05,5.096575999999e-05,1.152302400000e-04,1.824021400000e-04
9.09000000,-1.127699242000e-03,-1.389002010000e-04,-5.649739500001e-05,3.025830999999e-05,-1.128920800000e-05,4.963076999999e-05,1.167555200000e-04,1.800305700000e-04
9.10000000,-1.128401412000e-03,-1.206451430000e-04,-4.474728600000e-05,2.869196999999e-05,-1.214014800001e-05,4.842617999999e-05,1.185292400000e-04,1.754917600000e-04
9.11000000,-1.128206026000e-03,-1.037124750000e-04,-3.299851800001e-05,2.621821000000e-05,-1.315722800001e-05,4.735969000000e-05,1.206095000000e-04,1.688642100000e-04
9.12000000,-1.127091326000e-03,-8.810508300000e-05,-2.137179700000e-05,2.290197999999e-05,-1.429742300001e-05,4.643567000000e-05,1.230407600000e-04,1.602905000000e-04
9.13000000,-1.125036996000e-03,-7.381533800001e-05,-9.986968000003e-06,1.882863000000e-05,-1.551518300001e-05,4.565325000000e-05,1.258489600000e-04,1.499137400000e-04
9.14000000,-1.122055302000e-03,-6.082663000001e-05,1.040099999988e-06,1.409094999999e-05,-1.676413000000e-05,4.500947000000e-05,1.290432700000e-04,1.378922800000e-04
9.15000000,-1.118167764000e-03,-4.911476100000e-05,1.159738999999e-05,8.792989999992e-06,-1.799818900000e-05,4.449949999999e-05,1.326148400000e-04,1.244030700000e-04
9.16000000,-1.113392231000e-03,-3.864965500000e-05,2.157785000000e-05,3.049229999996e-06,-1.917221400001e-05,4.411635000000e-05,1.365379900000e-04,1.096384900000e-04
9.17000000,-1.107741379000e-03,-2.939757000001e-05,3.088173000000e-05,-3.018620000003e-06,-2.024406100000e-05,4.385097000000e-05,1.407735400000e-04,9.380619999999e-05
9.18000000,-1.101226755000e-03,-2.131802100000e-05,3.941567000000e-05,-9.282765000007e-06,-2.117635300000e-05,4.369256999999e-05,1.452687800000e-04,7.712601000000e-05
9.19000000,-1.093856427000e-03,-1.436491100000e-05,4.709586000000e-05,-1.561342100001e-05,-2.193757300001e-05,4.362914000000e-05,1.499616000000e-04,5.982586999999e-05
9.20000000,-1.085633551000e-03,-8.495149000004e-06,5.384928999999e-05,-2.188162500001e-05,-2.250305900001e-05,4.364799999999e-05,1.547831400000e-04,4.214053000000e-05
9.21000000,-1.076557993000e-03,-3.664824000008e-06,5.961678999999e-05,-2.796303200001e-05,-2.285621800001e-05,4.373614000000e-05,1.596607600000e-04,2.430778000000e-05
9.22000000,-1.066624899000e-03,1.659899999951e-07,6.435544000000e-05,-3.373776000000e-05,-2.298840200000e-05,4.388036000000e-05,1.645214900000e-04,6.566180000001e-06
9.23000000,-1.055825388000e-03,3.035959999995e-06,6.803850999999e-05,-3.909383000000e-05,-2.289975300000e-05,4.406758000000e-05,1.692946000000e-04,-1.084988800000e-05
9.24000000,-1.044147330000e-03,4.987269999993e-06,7.065720999999e-05,-4.392742400000e-05,-2.259852000000e-05,4.428559000000e-05,1.739149700000e-04,-2.771045200001e-05
9.25000000,-1.031576264000e-03,6.058109999998e-06,7.222664999999e-05,-4.814557900000e-05,-2.210162700000e-05,4.452307000000e-05,1.783255700000e-04,-4.379319400001e-05
9.26000000,-1.018096419000e-03,6.273689999989e-06,7.279175000000e-05,-5.167099400001e-05,-2.143603100001e-05,4.477007999999e-05,1.824791600000e-04,-5.888435400001e-05
9.27000000,-1.003691889000e-03,5.636759999997e-06,7.233562999999e-05,-5.444552700000e-05,-2.063512600001e-05,4.501746999999e-05,1.863389900000e-04,-7.278263400000e-05
9.28000000,-9.883479170000e-04,4.164409999993e-06,7.085034000000e-05,-5.643600400000e-05,-1.973292200000e-05,4.525659999999e-05,1.898790600000e-04,-8.530086900001e-05
9.29000000,-9.720519990000e-04,1.858949999989e-06,6.832555000000e-05,-5.764677400001e-05,-1.876597900001e-05,4.547962000000e-05,1.930877700000e-04,-9.626321400001e-05
9.30000000,-9.547951530000e-04,-1.238947000007e-06,6.481954000000e-05,-5.810391900000e-05,-1.777251200001e-05,4.567976000000e-05,1.959624800000e-04,-1.055192110000e-04
9.31000000,-9.365731200000e-04,-5.081033000010e-06,6.040391999999e-05,-5.780035400001e-05,-1.679258600000e-05,4.585090999999e-05,1.985116800000e-04,-1.129483740000e-04
9.32000000,-9.173873740000e-04,-9.624346000006e-06,5.515221999999e-05,-5.675257900001e-05,-1.586689800001e-05,4.598773999999e-05,2.007538900000e-04,-1.184684900000e-04
9.33000000,-8.972460200000e-04,-1.482635100000e-05,4.914557999999e-05,-5.496111300000e-05,-1.503606200001e-05,4.608580000000e-05,2.027134000000e-04,-1.220412880000e-04
9.34000000,-8.761645510000e-04,-2.064232200001e-05,4.247174999999e-05,-5.247348300001e-05,-1.433663000000e-05,4.614130000000e-05,2.044176700000e-04,-1.237122480000e-04
9.35000000,-8.541663520000e-04,-2.702089200000e-05,3.522418000000e-05,-4.937327100001e-05,-1.379934200001e-05,4.615021000000e-05,2.058921600000e-04,-1.234367440000e-04
9.36000000,-8.312829910000e-04,-3.390408200001e-05,2.750138999999e-05,-4.574256300001e-05,-1.344973300001e-05,4.610923999999e-05,2.071603700000e-04,-1.211526610000e-04
9.37000000,-8.075544230000e-04,-4.122870700000e-05,1.940567000000e-05,-4.167482100001e-05,-1.330787900000e-05,4.601624999999e-05,2.082449600000e-04,-1.167671980000e-04
9.38000000,-7.830287910000e-04,-4.892624900001e-05,1.104223999999e-05,-3.726716400000e-05,-1.338772700001e-05,4.587033999999e-05,2.091659200000e-04,-1.103078760000e-04
9.39000000,-7.577620650000e-04,-5.692235600001e-05,2.518179999994e-06,-3.262293000000e-05,-1.369725900001e-05,4.567084000000e-05,2.099413200000e-04,-1.018717470000e-04
9.40000000,-7.318175530000e-04,-6.513713200000e-05,-6.058496000008e-06,-2.784625100001e-05,-1.423789900000e-05,4.541716999999e-05,2.105857200000e-04,-9.155891300000e-05
9.41000000,-7.052650470000e-04,-7.348475800001e-05,-1.458063300000e-05,-2.304338300001e-05,-1.500289900000e-05,4.510899000000e-05,2.111092900000e-04,-7.948806600000e-05
9.42000000,-6.781801250000e-04,-8.187423900001e-05,-2.294319400001e-05,-1.831515300001e-05,-1.597869700000e-05,4.474634000000e-05,2.115193500000e-04,-6.579899500000e-05
9.43000000,-6.506430040000e-04,-9.020983300001e-05,-3.104436300000e-05,-1.376064300000e-05,-1.714478100001e-05,4.432980999999e-05,2.118163700000e-04,-5.064932100000e-05
9.44000000,-6.227374860000e-04,-9.839301100001e-05,-3.878643800001e-05,-9.471690000012e-06,-1.847462300000e-05,4.385943999999e-05,2.120063100000e-04,-3.421501300001e-05
9.45000000,-5.945499470000e-04,-1.063223970000e-04,-4.607590200001e-05,-5.533298000002e-06,-1.993637200001e-05,4.333541000000e-05,2.120930300000e-04,-1.668833900001e-05
9.46000000,-5.661681740000e-04,-1.138950060000e-04,-5.282455800000e-05,-2.022682000002e-06,-2.149374200000e-05,4.275931999999e-05,2.120803500000e-04,1.724799999991e-06
9.47000000,-5.376807820000e-04,-1.210075460000e-04,-5.895073300001e-05,9.916799999926e-07,-2.310750200001e-05,4.213336999999e-05,2.119732800000e-04,2.080643999999e-05
9.48000000,-5.091743000000e-04,-1.275568820000e-04,-6.438021100001e-05,3.453519999988e-06,-2.473650800000e-05,4.146008000000e-05,2.117752300000e-04,4.032982999999e-05
9.49000000,-4.807346560000e-04,-1.334443280000e-04,-6.904946400001e-05,5.324609999996e-06,-2.633881100000e-05,4.074278999999e-05,2.114898600000e-04,6.006166000000e-05
9.50000000,-4.524453850000e-04,-1.385741100000e-04,-7.290847900000e-05,6.587470000000e-06,-2.787384100000e-05,3.998567999999e-05,2.111242200000e-04,7.976555000000e-05
9.51000000,-4.243863460000e-04,-1.428597140000e-04,-7.592513200000e-05,7.261269999989e-06,-2.930330800001e-05,3.919387000000e-05,2.106881600000e-04,9.920486999999e-05
9.52000000,-3.966359300000e-04,-1.462246910000e-04,-7.808428700000e-05,7.350099999998e-06,-3.059331500001e-05,3.837171000000e-05,2.101930200000e-04,1.181457100000e-04
9.53000000,-3.692673710000e-04,-1.486074300000e-04,-7.940925300001e-05,6.855229999991e-06,-3.171441300001e-05,3.752401000000e-05,2.096512700000e-04,1.363601000000e-04
9.54000000,-3.423495080000e-04,-1.499671220000e-04,-7.990911100000e-05,5.783560000000e-06,-3.264371000000e-05,3.665580999999e-05,2.090753300000e-04,1.536283500000e-04
9.55000000,-3.159466200000e-04,-1.503071090000e-04,-7.955633700001e-05,4.148609999990e-06,-3.336519000001e-05,3.577234999999e-05,2.084775400000e-04,1.697421700000e-04
9.56000000,-2.901185690000e-04,-1.495888350000e-04,-7.836068900001e-05,2.007979999996e-06,-3.387475000001e-05,3.487948000000e-05,2.078678700000e-04,1.845048200000e-04
9.57000000,-2.649206480000e-04,-1.477341670000e-04,-7.630642700000e-05,-5.711639999989e-07,-3.418061400001e-05,3.398272999999e-05,2.072541400000e-04,1.977342600000e-04
9.58000000,-2.404040500000e-04,-1.447617350000e-04,-7.341556500001e-05,-3.516772000001e-06,-3.429247400001e-05,3.308931000000e-05,2.066395700000e-04,2.092706000000e-04
9.59000000,-2.166161690000e-04,-1.406991910000e-04,-6.975254200001e-05,-6.749439000003e-06,-3.422724800001e-05,3.221112000000e-05,2.060223000000e-04,2.189825900000e-04
9.60000000,-1.936013530000e-04,-1.355830390000e-04,-6.538217400001e-05,-1.018511400000e-05,-3.400777300000e-05,3.135543999999e-05,2.053950500000e-04,2.267743900000e-04
9.61000000,-1.714006880000e-04,-1.294621120000e-04,-6.038009500001e-05,-1.373654600001e-05,-3.366141700001e-05,3.054190000000e-05,2.047444700000e-04,2.325897900000e-04
9.62000000,-1.500522240000e-04,-1.223999180000e-04,-5.482687200001e-05,-1.731589000001e-05,-3.321964100000e-05,2.978106000000e-05,2.040511900000e-04,2.364103700000e-04
9.63000000,-1.295909240000e-04,-1.144709140000e-04,-4.881105800000e-05,-2.083512000001e-05,-3.271610000001e-05,2.907263999999e-05,2.032911100000e-04,2.383110200000e-04
9.64000000,-1.100491410000e-04,-1.057614550000e-04,-4.242716300000e-05,-2.421133700001e-05,-3.218535500001e-05,2.841705999999e-05,2.024356700000e-04,2.382735700000e-04
9.65000000,-9.145640000001e-05,-9.636663600000e-05,-3.577307400000e-05,-2.736410100000e-05,-3.166183600001e-05,2.781475999999e-05,2.014541500000e-04,2.362748600000e-04
9.66000000,-7.384170200000e-05,-8.639096200000e-05,-2.895173100001e-05,-3.022047900000e-05,-3.117795400001e-05,2.727176999999e-05,2.003142100000e-04,2.322711100000e-04
9.67000000,-5.723184600001e-05,-7.594476600001e-05,-2.206629200001e-05,-3.271207600000e-05,-3.076406300001e-05,2.678986999999e-05,1.989841800000e-04,2.262971400000e-04
9.68000000,-4.165354100001e-05,-6.514421000001e-05,-1.522149300001e-05,-3.477973400001e-05,-3.044647200001e-05,2.637079999999e-05,1.974342300000e-04,2.184988300000e-04
9.69000000,-2.713428900000e-05,-5.410789800001e-05,-8.518856000006e-06,-3.637690600000e-05,-3.024680100000e-05,2.601652999999e-05,1.956385800000e-04,2.090171400000e-04
9.70000000,-1.369592800000e-05,-4.295587700001e-05,-2.056553000007e-06,-3.747387000000e-05,-3.018150200000e-05,2.572954999999e-05,1.935764700000e-04,1.980081200000e-04
9.71000000,-1.358966000009e-06,-3.180730700000e-05,4.071659999993e-06,-3.807491300001e-05,-3.026131200000e-05,2.551256000000e-05,1.912337500000e-04,1.856446000000e-04
9.72000000,9.857029999991e-06,-2.077926900000e-05,9.773159999990e-06,-3.818022400001e-05,-3.049118600000e-05,2.536792999999e-05,1.886036500000e-04,1.721139100000e-04
9.73000000,1.993053999999e-05,-9.985516000011e-06,1.496262999999e-05,-3.778427700001e-05,-3.086986300001e-05,2.529732999999e-05,1.856872600000e-04,1.576188300000e-04
9.74000000,2.884469999999e-05,4.676899999917e-07,1.956387999999e-05,-3.689080900000e-05,-3.139053700001e-05,2.530115999999e-05,1.824943000000e-04,1.423692700000e-04
9.75000000,3.658378999999e-05,1.048016999999e-05,2.350884999999e-05,-3.550485500001e-05,-3.204094900000e-05,2.537844999999e-05,1.790422400000e-04,1.265839300000e-04
9.76000000,4.313558999999e-05,1.996067000000e-05,2.674664999999e-05,-3.367040600001e-05,-3.280394700000e-05,2.552654000000e-05,1.753556600000e-04,1.104866200000e-04
9.77000000,4.849143999999e-05,2.882723000000e-05,2.923877000000e-05,-3.144320500001e-05,-3.365793900001e-05,2.574078999999e-05,1.714649900000e-04,9.430215999999e-05
9.78000000,5.264802999999e-05,3.700690000000e-05,3.097688999999e-05,-2.888348600001e-05,-3.457802400000e-05,2.601465999999e-05,1.674057100000e-04,7.825418999999e-05
9.79000000,5.560683000000e-05,4.443736000000e-05,3.196838000000e-05,-2.606015000001e-05,-3.553725700001e-05,2.633920999999e-05,1.632168200000e-04,6.256186999999e-05
9.80000000,5.738188000000e-05,5.106712000000e-05,3.219609999999e-05,-2.304651600001e-05,-3.650734900000e-05,2.670432999999e-05,1.589388300000e-04,4.743893999999e-05
9.81000000,5.800349000000e-05,5.685682999999e-05,3.163992999999e-05,-1.992129500000e-05,-3.745998000000e-05,2.709817999999e-05,1.546119400000e-04,3.308319999999e-05
9.82000000,5.748143999999e-05,6.177955999999e-05,3.029387999999e-05,-1.676438200000e-05,-3.836791400001e-05,2.750863999999e-05,1.502740900000e-04,1.968199999999e-05
9.83000000,5.580962000000e-05,6.582128999999e-05,2.813636000000e-05,-1.365698800000e-05,-3.920622800001e-05,2.792361999999e-05,1.459595800000e-04,7.403529999991e-06
9.84000000,5.301420999999e-05,6.897957999999e-05,2.520133999999e-05,-1.067823700000e-05,-3.995327500000e-05,2.833122000000e-05,1.416975000000e-04,-3.594138000010e-06
9.85000000,4.916496000000e-05,7.126655999999e-05,2.154562999999e-05,-7.904464000008e-06,-4.059152000001e-05,2.872016000000e-05,1.375105100000e-04,-1.317278200001e-05
9.86000000,4.432989000000e-05,7.271532000000e-05,1.723014999999e-05,-5.407672000010e-06,-4.110906900001e-05,2.908035999999e-05,1.334148000000e-04,-2.122122000001e-05
9.87000000,3.858443999999e-05,7.337377000000e-05,1.232356000000e-05,-3.254628000007e-06,-4.149958700000e-05,2.940317000000e-05,1.294197300000e-04,-2.765815900001e-05
9.88000000,3.200803999999e-05,7.323229999999e-05,6.904820000000e-06,-1.504304000005e-06,-4.176317100001e-05,2.968180000000e-05,1.255274700000e-04,-3.244054900001e-05
9.89000000,2.468838000000e-05,7.230146999999e-05,1.060720000001e-06,-2.030590000035e-07,-4.190407000000e-05,2.991147999999e-05,1.217341900000e-04,-3.556615600001e-05
9.90000000,1.671841999999e-05,7.057914000000e-05,-5.113926000000e-06,6.254299999980e-07,-4.193025900001e-05,3.008933000000e-05,1.180305500000e-04,-3.709418600001e-05
9.91000000,8.195429999996e-06,6.807980000000e-05,-1.152052200000e-05,9.824099999889e-07,-4.185501200001e-05,3.021434000000e-05,1.144034600000e-04,-3.701057900000e-05
9.92000000,-7.788960000032e-07,6.484198999999e-05,-1.805598400001e-05,8.534999999948e-07,-4.169576300000e-05,3.028862000000e-05,1.108369600000e-04,-3.530056400000e-05
9.93000000,-1.010379100000e-05,6.092682000000e-05,-2.461380700000e-05,2.348099999994e-07,-4.147311400000e-05,3.031494000000e-05,1.073142300000e-04,-3.193419600001e-05
9.94000000,-1.967779300001e-05,5.638213999999e-05,-3.108579100000e-05,-8.872940000099e-07,-4.121303700001e-05,3.029715000000e-05,1.038188400000e-04,-2.695018300000e-05
9.95000000,-2.939894700001e-05,5.126209999999e-05,-3.736471400001e-05,-2.491993000009e-06,-4.093984700000e-05,3.024070999999e-05,1.003380300000e-04,-2.047852400000e-05
9.96000000,-3.916703800000e-05,4.561979999999e-05,-4.334500900001e-05,-4.534765000008e-06,-4.067493800000e-05,3.015195000000e-05,9.686273999999e-05,-1.264673900001e-05
9.97000000,-4.888477200000e-05,3.951104000000e-05,-4.892512300000e-05,-6.967435000005e-06,-4.043788700001e-05,3.003823999999e-05,9.338843999999e-05,-3.596300000006e-06
9.98000000,-5.845884400001e-05,3.299318000000e-05,-5.400832700000e-05,-9.731834000007e-06,-4.024580500001e-05,2.990607999999e-05,8.991702000000e-05,6.515379999988e-06
9.99000000,-6.780081500000e-05,2.612449999999e-05,-5.850501700000e-05,-1.276286500000e-05,-4.011161200000e-05,2.976202999999e-05,8.645506999999e-05,1.751906000000e-05
10.00000000,-7.682795900001e-05,1.896323999999e-05,-6.233400300000e-05,-1.598952600000e-05,-4.004387200000e-05,2.961238999999e-05,8.301476000000e-05,2.923241000000e-05
10.01000000,-8.546323600001e-05,1.156798999999e-05,-6.543285400000e-05,-1.933670600000e-05,-4.004652700000e-05,2.946302000000e-05,7.961341000000e-05,4.146609000000e-05
10.02000000,-9.363594300001e-05,3.997419999999e-06,-6.775133300001e-05,-2.272714700001e-05,-4.011881400001e-05,2.931920999999e-05,7.627236999999e-05,5.402420999999e-05
10.03000000,-1.012816870000e-04,-3.688708999999e-06,-6.927669300001e-05,-2.608400200001e-05,-4.025530400001e-05,2.918571999999e-05,7.301426999999e-05,6.670509999999e-05
10.04000000,-1.083435040000e-04,-1.142978900001e-05,-7.000993200000e-05,-2.933165200000e-05,-4.044628600000e-05,2.906640000000e-05,6.986302999999e-05,7.930770999999e-05
10.05000000,-1.147688970000e-04,-1.916575100000e-05,-6.992853100000e-05,-3.239823500001e-05,-4.067833200000e-05,2.896455000000e-05,6.684212999999e-05,9.163342000000e-05
10.06000000,-1.205113440000e-04,-2.683620700000e-05,-6.901315900000e-05,-3.521720400000e-05,-4.093483900000e-05,2.888267999999e-05,6.397289000000e-05,1.034907800000e-04
10.07000000,-1.255318470000e-04,-3.437861700001e-05,-6.722752100001e-05,-3.772718500000e-05,-4.119626200001e-05,2.882290999999e-05,6.127296000000e-05,1.146969700000e-04
10.08000000,-1.297993400000e-04,-4.172864000000e-05,-6.459481200001e-05,-3.987632100001e-05,-4.144181900001e-05,2.878696000000e-05,5.875522000000e-05,1.250801300000e-04
10.09000000,-1.332911270000e-04,-4.882106700001e-05,-6.117121800001e-05,-4.162198100001e-05,-4.165009000001e-05,2.877626999999e-05,5.642689999999e-05,1.344825300000e-04
10.10000000,-1.359923900000e-04,-5.559016900000e-05,-5.701886500001e-05,-4.293773900001e-05,-4.180040500000e-05,2.879200000000e-05,5.428957999999e-05,1.427616100000e-04
10.11000000,-1.378988250000e-04,-6.196974100001e-05,-5.221124900001e-05,-4.381293300000e-05,-4.187346200001e-05,2.883398999999e-05,5.233897000000e-05,1.497983300000e-04
10.12000000,-1.390252280000e-04,-6.789360200000e-05,-4.683353500000e-05,-4.426445700001e-05,-4.185223100001e-05,2.890173999999e-05,5.056549999999e-05,1.555002000000e-04
10.13000000,-1.393868880000e-04,-7.329623600001e-05,-4.098234300001e-05,-4.430210000000e-05,-4.172287500001e-05,2.899490000000e-05,4.895493000000e-05,1.598127300000e-04
10.14000000,-1.389535960000e-04,-7.811631800000e-05,-3.476403500001e-05,-4.393381600000e-05,-4.147532500001e-05,2.911304999999e-05,4.749029999999e-05,1.627208400000e-04
10.15000000,-1.377074150000e-04,-8.229528700000e-05,-2.829334800000e-05,-4.317094100001e-05,-4.110380100000e-05,2.925523000000e-05,4.615284999999e-05,1.642774600000e-04
10.16000000,-1.356199020000e-04,-8.578387400000e-05,-2.169110300000e-05,-4.203654200001e-05,-4.060706200000e-05,2.942007999999e-05,4.492265999999e-05,1.645007300000e-04
10.17000000,-1.327121960000e-04,-8.854073600001e-05,-1.508034000000e-05,-4.058657100001e-05,-3.998828300000e-05,2.960578000000e-05,4.377948999999e-05,1.633893100000e-04
10.18000000,-1.290127520000e-04,-9.053037500001e-05,-8.584958000005e-06,-3.887670900000e-05,-3.925572500001e-05,2.980981999999e-05,4.270362999999e-05,1.609470400000e-04
10.19000000,-1.245499030000e-04,-9.174518200000e-05,-2.329342000007e-06,-3.697017400001e-05,-3.842226100001e-05,3.002942999999e-05,4.167718999999e-05,1.572018300000e-04
10.20000000,-1.193560210000e-04,-9.217127300000e-05,3.566499999996e-06,-3.493260700001e-05,-3.750458600001e-05,3.026150999999e-05,4.068453000000e-05,1.522834800000e-04
10.21000000,-1.134678020000e-04,-9.176260300001e-05,8.987519999989e-06,-3.283212100001e-05,-3.652345600001e-05,3.050253999999e-05,3.971266000000e-05,1.463270200000e-04
10.22000000,-1.069272770000e-04,-9.047106500000e-05,1.382574999999e-05,-3.073670300001e-05,-3.550011800001e-05,3.074887000000e-05,3.875193000000e-05,1.394853800000e-04
10.23000000,-9.978153700001e-05,-8.827263900001e-05,1.798522999999e-05,-2.871380900001e-05,-3.445738800001e-05,3.099706000000e-05,3.779670000000e-05,1.319220800000e-04
10.24000000,-9.208258800000e-05,-8.519733400000e-05,2.138330000000e-05,-2.682758200001e-05,-3.341848800001e-05,3.124292999999e-05,3.684509000000e-05,1.238132200000e-04
10.25000000,-8.388726100000e-05,-8.127715200000e-05,2.396077000000e-05,-2.513850100000e-05,-3.240634800000e-05,3.148190999999e-05,3.589876000000e-05,1.153440200000e-04
10.26000000,-7.525686500001e-05,-7.655431000000e-05,2.568012000000e-05,-2.370002200000e-05,-3.144178100001e-05,3.170934999999e-05,3.496269000000e-05,1.067059400000e-04
10.27000000,-6.625671600001e-05,-7.108361100000e-05,2.655391999999e-05,-2.255916500001e-05,-3.054299800001e-05,3.192003999999e-05,3.404520000000e-05,9.809384999999e-05
10.28000000,-5.695594200000e-05,-6.493361600000e-05,2.657995999999e-05,-2.175072700000e-05,-2.972458300000e-05,3.210865000000e-05,3.315728000000e-05,8.970087999999e-05
10.29000000,-4.742661600000e-05,-5.818541800001e-05,2.574109999999e-05,-2.128589900001e-05,-2.899717900001e-05,3.226994000000e-05,3.231182999999e-05,8.171830999999e-05
10.30000000,-3.774372800000e-05,-5.093263100001e-05,2.400822000000e-05,-2.117140100001e-05,-2.836704800001e-05,3.239864000000e-05,3.152290000000e-05,7.432851000000e-05
10.31000000,-2.798436000001e-05,-4.327961900001e-05,2.142106000000e-05,-2.141852900001e-05,-2.783570800001e-05,3.248984000000e-05,3.080485000000e-05,6.770741999999e-05
10.32000000,-1.822691500000e-05,-3.533874400001e-05,1.805115999999e-05,-2.203050500001e-05,-2.739942400000e-05,3.253909999999e-05,3.017147999999e-05,6.201803000000e-05
10.33000000,-8.550291000012e-06,-2.722868400000e-05,1.397439999999e-05,-2.300949900001e-05,-2.705143600000e-05,3.254242999999e-05,2.963589999999e-05,5.740693999999e-05
10.34000000,9.661999999938e-07,-1.907102700001e-05,9.279209999991e-06,-2.432464300001e-05,-2.678210700001e-05,3.249684999999e-05,2.920802999999e-05,5.399533000000e-05
10.35000000,1.024362999999e-05,-1.098718300001e-05,4.065040000001e-06,-2.593978500001e-05,-2.657448700001e-05,3.240026000000e-05,2.889424999999e-05,5.184572000000e-05
10.36000000,1.920437000000e-05,-3.098825000006e-06,-1.558700000001e-06,-2.781063000000e-05,-2.640743100001e-05,3.225210999999e-05,2.869879999999e-05,5.096649000000e-05
10.37000000,2.777219000000e-05,4.474879999994e-06,-7.474826000012e-06,-2.988669200001e-05,-2.625734400001e-05,3.205269999999e-05,2.862484999999e-05,5.143224000000e-05
10.38000000,3.587493000000e-05,1.161946000000e-05,-1.356251900000e-05,-3.211187600001e-05,-2.609939100001e-05,3.180411999999e-05,2.867197999999e-05,5.327920999999e-05
10.39000000,4.344287999999e-05,1.822656000000e-05,-1.969673500000e-05,-3.442660700001e-05,-2.590836300001e-05,3.150948000000e-05,2.883529000000e-05,5.658569000000e-05
10.40000000,5.041025999999e-05,2.419550999999e-05,-2.575159300000e-05,-3.676877800000e-05,-2.566014600000e-05,3.117323000000e-05,2.910273999999e-05,6.134202999999e-05
10.41000000,5.671608999999e-05,2.943516999999e-05,-3.160379300000e-05,-3.907596900000e-05,-2.533325400000e-05,3.080107999999e-05,2.946090000000e-05,6.748273000000e-05
10.42000000,6.230698000000e-05,3.386682999999e-05,-3.713378100001e-05,-4.128781400001e-05,-2.490699500000e-05,3.039974999999e-05,2.989555999999e-05,7.493471999999e-05
10.43000000,6.713808000000e-05,3.742672000000e-05,-4.222982100001e-05,-4.334669600001e-05,-2.436612600000e-05,2.997658999999e-05,3.039135999999e-05,8.360262000000e-05
10.44000000,7.117359000000e-05,4.006812000000e-05,-4.678956600000e-05,-4.519915300001e-05,-2.370204900000e-05,2.953938000000e-05,3.093022999999e-05,9.337068000000e-05
10.45000000,7.438806000000e-05,4.176413000000e-05,-5.072077000001e-05,-4.679886100001e-05,-2.291250100001e-05,2.909605000000e-05,3.149188000000e-05,1.041065500000e-04
10.46000000,7.676563999999e-05,4.252300999999e-05,-5.394702400001e-05,-4.810690900001e-05,-2.200140900001e-05,2.865424000000e-05,3.205143000000e-05,1.156591000000e-04
10.47000000,7.830356999999e-05,4.236454999999e-05,-5.640996600001e-05,-4.909522100001e-05,-2.097921300001e-05,2.822149999999e-05,3.258359000000e-05,1.278647300000e-04
10.48000000,7.902956000000e-05,4.125011999999e-05,-5.807659200001e-05,-4.975688700000e-05,-1.986211600001e-05,2.780482999999e-05,3.306505999999e-05,1.405478900000e-04
10.49000000,7.893566000000e-05,3.916146999999e-05,-5.894892000001e-05,-5.009468100001e-05,-1.867140400001e-05,2.741011999999e-05,3.347447999999e-05,1.535252200000e-04
10.50000000,7.800578000000e-05,3.615341999999e-05,-5.905900100001e-05,-5.010973000001e-05,-1.743254400001e-05,2.704283999999e-05,3.379312000000e-05,1.666087900000e-04
10.51000000,7.620974000000e-05,3.228694999999e-05,-5.840085200001e-05,-4.980739400001e-05,-1.617366700001e-05,2.670744000000e-05,3.400580000000e-05,1.796085400000e-04
10.52000000,7.357684999999e-05,2.763133000000e-05,-5.696345200000e-05,-4.919372800001e-05,-1.492433700001e-05,2.640712999999e-05,3.410298999999e-05,1.923376100000e-04
10.53000000,7.014922000000e-05,2.226838000000e-05,-5.479742500000e-05,-4.828293400000e-05,-1.371393600001e-05,2.614476000000e-05,3.408040000000e-05,2.046131400000e-04
10.54000000,6.596991999999e-05,1.629035999999e-05,-5.198314900001e-05,-4.711628800000e-05,-1.257021600000e-05,2.592258999999e-05,3.393725999999e-05,2.162614300000e-04
10.55000000,6.108483999999e-05,9.798549999995e-06,-4.860708900001e-05,-4.573709100000e-05,-1.151817000000e-05,2.574191999999e-05,3.367638000000e-05,2.271189500000e-04
10.56000000,5.554429999999e-05,2.902169999999e-06,-4.476439100000e-05,-4.419222200000e-05,-1.057885200001e-05,2.560235000000e-05,3.330454999999e-05,2.370344200000e-04
10.57000000,4.940349999999e-05,-4.284032000007e-06,-4.055901500001e-05,-4.253198500001e-05,-9.768385000011e-06,2.550452000000e-05,3.283127999999e-05,2.458720000000e-04
10.58000000,4.272138000000e-05,-1.164128800001e-05,-3.610339900001e-05,-4.080775500001e-05,-9.097576000011e-06,2.545006000000e-05,3.227182000000e-05,2.535146100000e-04
10.59000000,3.556034999999e-05,-1.904982200000e-05,-3.151214900000e-05,-3.907059200001e-05,-8.572568000006e-06,2.542982999999e-05,3.164350000000e-05,2.598735900000e-04
10.60000000,2.798620000000e-05,-2.638962300000e-05,-2.690094700000e-05,-3.737078800001e-05,-8.194076000001e-06,2.543529000000e-05,3.096473000000e-05,2.648872100000e-04
10.61000000,2.006753000000e-05,-3.354336400001e-05,-2.238513600000e-05,-3.575567300000e-05,-7.955719000002e-06,2.546713000000e-05,3.025424000000e-05,2.685304900000e-04
10.62000000,1.187538000000e-05,-4.039816300000e-05,-1.807546000000e-05,-3.426711600001e-05,-7.844800000004e-06,2.552700000000e-05,2.952985999999e-05,2.708296200000e-04
10.63000000,3.482969999996e-06,-4.684771700000e-05,-1.407686700000e-05,-3.294192800000e-05,-7.844124000012e-06,2.561567999999e-05,2.880806000000e-05,2.718428100000e-04
10.64000000,-5.034637000009e-06,-5.279450100000e-05,-1.048474000001e-05,-3.181154600000e-05,-7.932903000010e-06,2.573364000000e-05,2.810304999999e-05,2.715716400000e-04
10.65000000,-1.360143600000e-05,-5.814993300000e-05,-7.386725000003e-06,-3.089906000001e-05,-8.087822000000e-06,2.588055000000e-05,2.742620000000e-05,2.700317900000e-04
10.66000000,-2.214127600000e-05,-6.283622000000e-05,-4.859507999999e-06,-3.021426200001e-05,-8.283439000001e-06,2.605523999999e-05,2.678571999999e-05,2.672209600000e-04
10.67000000,-3.057746500000e-05,-6.678743600000e-05,-2.963765000003e-06,-2.975685700000e-05,-8.494352000010e-06,2.625586999999e-05,2.618649000000e-05,2.632066300000e-04
10.68000000,-3.883364300000e-05,-6.995369500000e-05,-1.740551000010e-06,-2.951953900000e-05,-8.696612000009e-06,2.648035000000e-05,2.563050000000e-05,2.581249200000e-04
10.69000000,-4.683396500001e-05,-7.230430300001e-05,-1.191521000005e-06,-2.949422400000e-05,-8.868414000010e-06,2.672502999999e-05,2.511649999999e-05,2.521082300000e-04
10.70000000,-5.450405900001e-05,-7.383260000000e-05,-1.302687999999e-06,-2.966966400000e-05,-8.991280000009e-06,2.698556000000e-05,2.464035999999e-05,2.452998300000e-04
10.71000000,-6.177197000000e-05,-7.457432300001e-05,-2.092276000010e-06,-3.003368400001e-05,-9.050694000007e-06,2.725711000000e-05,2.419571999999e-05,2.378519500000e-04
10.72000000,-6.856840200001e-05,-7.454038200000e-05,-3.572220000012e-06,-3.056707500000e-05,-9.036609000007e-06,2.753456000000e-05,2.377446000000e-05,2.299235400000e-04
10.73000000,-7.482752300000e-05,-7.372985900000e-05,-5.700743000006e-06,-3.123270900000e-05,-8.943703000003e-06,2.781265000000e-05,2.336724999999e-05,2.216792700000e-04
10.74000000,-8.048813200001e-05,-7.214609300001e-05,-8.416941000011e-06,-3.199149500001e-05,-8.771554000003e-06,2.808616000000e-05,2.296417000000e-05,2.132838200000e-04
10.75000000,-8.549551100001e-05,-6.981381200001e-05,-1.165357000001e-05,-3.280483600000e-05,-8.524393000003e-06,2.835124999999e-05,2.255505000000e-05,2.049013700000e-04
10.76000000,-8.980335800000e-05,-6.679505200001e-05,-1.532903600000e-05,-3.363230500000e-05,-8.210707000009e-06,2.860374999999e-05,2.213024000000e-05,1.966912100000e-04
10.77000000,-9.337521400000e-05,-6.316444500000e-05,-1.935439600001e-05,-3.443164100000e-05,-7.842347000006e-06,2.883985999999e-05,2.168079999999e-05,1.888059700000e-04
10.78000000,-9.618492200000e-05,-5.899256100000e-05,-2.363382900000e-05,-3.516635600001e-05,-7.433426000000e-06,2.905632000000e-05,2.119926999999e-05,1.813887400000e-04
10.79000000,-9.821759500001e-05,-5.435944400001e-05,-2.806614500001e-05,-3.580198900001e-05,-6.999255000001e-06,2.925037000000e-05,2.067991999999e-05,1.745700600000e-04
10.80000000,-9.947802200000e-05,-4.934494900001e-05,-3.254795400001e-05,-3.630726700000e-05,-6.556283000003e-06,2.941977000000e-05,2.011933000000e-05,1.684682200000e-04
10.81000000,-9.998031500001e-05,-4.403193000001e-05,-3.697755900001e-05,-3.665906100001e-05,-6.120274000002e-06,2.956261999999e-05,1.951654000000e-05,1.631835300000e-04
10.82000000,-9.970305400001e-05,-3.850260100001e-05,-4.125659700001e-05,-3.683511000001e-05,-5.705320999999e-06,2.967749999999e-05,1.887328000000e-05,1.587966700000e-04
10.83000000,-9.862628700001e-05,-3.283840300000e-05,-4.529197400001e-05,-3.681656500000e-05,-5.323340000002e-06,2.976320999999e-05,1.819422999999e-05,1.553595200000e-04
10.84000000,-9.672893400001e-05,-2.711949000000e-05,-4.899816800001e-05,-3.659734300000e-05,-4.983479000006e-06,2.981961000000e-05,1.748650000000e-05,1.528945400000e-04
10.85000000,-9.403994900001e-05,-2.142297000000e-05,-5.229948700000e-05,-3.617877600001e-05,-4.691699000012e-06,2.984739999999e-05,1.675941000000e-05,1.513726100000e-04
10.86000000,-9.060015800001e-05,-1.582313500001e-05,-5.512973800001e-05,-3.555502000001e-05,-4.450537000003e-06,2.984693999999e-05,1.602458000000e-05,1.507546500000e-04
10.87000000,-8.645302700000e-05,-1.039078500001e-05,-5.743508800000e-05,-3.473075100001e-05,-4.259468000006e-06,2.981885999999e-05,1.529535000000e-05,1.510350800000e-04
10.88000000,-8.164856800001e-05,-5.192961000003e-06,-5.917678800001e-05,-3.372539400001e-05,-4.114898000007e-06,2.976483999999e-05,1.458629999999e-05,1.521766500000e-04
10.89000000,-7.624376600000e-05,-2.931300000092e-07,-6.033534400000e-05,-3.256086900001e-05,-4.010664000006e-06,2.968741999999e-05,1.391281999999e-05,1.541615000000e-04
10.90000000,-7.030279100001e-05,4.247629999996e-06,-6.092469300001e-05,-3.126299900001e-05,-3.938618000007e-06,2.958952000000e-05,1.329037999999e-05,1.569140500000e-04
10.91000000,-6.389601200001e-05,8.369609999989e-06,-6.097557700001e-05,-2.985979200000e-05,-3.889034000004e-06,2.947441999999e-05,1.273360000000e-05,1.603097200000e-04
10.92000000,-5.709949800001e-05,1.201715999999e-05,-6.049298000001e-05,-2.838157500000e-05,-3.851281000000e-06,2.934610999999e-05,1.225587999999e-05,1.642249600000e-04
10.93000000,-4.999462000001e-05,1.514140999999e-05,-5.949145700000e-05,-2.685785900000e-05,-3.814777000011e-06,2.920912000000e-05,1.186672999999e-05,1.685240700000e-04
10.94000000,-4.266659400000e-05,1.770316999999e-05,-5.799766700000e-05,-2.531673700000e-05,-3.769760000008e-06,2.906834999999e-05,1.157305999999e-05,1.730656400000e-04
10.95000000,-3.520315300000e-05,1.967382000000e-05,-5.606397100001e-05,-2.378571300000e-05,-3.707891000002e-06,2.892888000000e-05,1.138089000000e-05,1.777020100000e-04
10.96000000,-2.769373600001e-05,2.105308000000e-05,-5.376076600000e-05,-2.228966200001e-05,-3.622384999999e-06,2.879569000000e-05,1.129389000000e-05,1.822840800000e-04
10.97000000,-2.022826200000e-05,2.183913999999e-05,-5.116523900001e-05,-2.085045400001e-05,-3.508758000009e-06,2.867456000000e-05,1.131318000000e-05,1.866628100000e-04
10.98000000,-1.289445200001e-05,2.200643000000e-05,-4.835364600000e-05,-1.948775500001e-05,-3.365461999999e-06,2.857076000000e-05,1.143814000000e-05,1.906933400000e-04
10.99000000,-5.778160000011e-06,2.153243000000e-05,-4.540467400001e-05,-1.821739600001e-05,-3.193745000005e-06,2.848896999999e-05,1.166203000000e-05,1.942347900000e-04
11.00000000,1.038400000000e-06,2.041526999999e-05,-4.239905200000e-05,-1.705016400000e-05,-2.997556000001e-06,2.843327999999e-05,1.197556999999e-05,1.971567600000e-04
11.01000000,7.477100000000e-06,1.862924000000e-05,-3.941581900001e-05,-1.599277000000e-05,-2.783486000010e-06,2.840741000000e-05,1.236969000000e-05,1.993368700000e-04
11.02000000,1.346510000000e-05,1.618169999999e-05,-3.652826800001e-05,-1.504774600000e-05,-2.560405000004e-06,2.841443000000e-05,1.283584999999e-05,2.007007000000e-04
11.03000000,1.893473999999e-05,1.311638000000e-05,-3.380472700000e-05,-1.421387100001e-05,-2.338845000005e-06,2.845620000000e-05,1.336519999999e-05,2.012055700000e-04
11.04000000,2.382427000000e-05,9.477740000000e-06,-3.130686100000e-05,-1.348607200001e-05,-2.130356000010e-06,2.853352000000e-05,1.394757999999e-05,2.007721400000e-04
11.05000000,2.808035000000e-05,5.318869999993e-06,-2.908915400000e-05,-1.285669300001e-05,-1.947077000006e-06,2.864632999999e-05,1.457211000000e-05,1.993651800000e-04
11.06000000,3.166003999999e-05,7.006899999940e-07,-2.719828500000e-05,-1.231686700001e-05,-1.800741000008e-06,2.879368000000e-05,1.522387000000e-05,1.969174400000e-04
11.07000000,3.453376000000e-05,-4.308316000012e-06,-2.567221800001e-05,-1.185642300000e-05,-1.702156000011e-06,2.897353999999e-05,1.588766999999e-05,1.934150700000e-04
11.08000000,3.668497999999e-05,-9.633655000008e-06,-2.453686100000e-05,-1.146466600001e-05,-1.660434000003e-06,2.918318999999e-05,1.654919999999e-05,1.888914500000e-04
11.09000000,3.810906000000e-05,-1.519603700001e-05,-2.380020100000e-05,-1.113081400000e-05,-1.682358000007e-06,2.941914000000e-05,1.719520000000e-05,1.833878200000e-04
11.10000000,3.883004999999e-05,-2.091235700001e-05,-2.343736700000e-05,-1.084403800000e-05,-1.772039000009e-06,2.967712999999e-05,1.781386999999e-05,1.769667200000e-04
11.11000000,3.884418000000e-05,-2.669775900001e-05,-2.344078800001e-05,-1.059365400001e-05,-1.930632000005e-06,2.995222999999e-05,1.839520999999e-05,1.697064300000e-04
11.12000000,3.813857000000e-05,-3.246616900000e-05,-2.380011200001e-05,-1.036886300000e-05,-2.156130000000e-06,3.023926000000e-05,1.893109999999e-05,1.617014800000e-04
11.13000000,3.669616999999e-05,-3.813088600001e-05,-2.448844600000e-05,-1.015388900001e-05,-2.443509000000e-06,3.053262000000e-05,1.941579999999e-05,1.530603900000e-04
11.14000000,3.452308999999e-05,-4.360739600001e-05,-2.548672700001e-05,-9.936552000003e-06,-2.784953000004e-06,3.082784000000e-05,1.984531999999e-05,1.439027300000e-04
11.15000000,3.166600000000e-05,-4.881342400001e-05,-2.675950100001e-05,-9.707772000003e-06,-3.170284000001e-06,3.112025999999e-05,2.021728000000e-05,1.343579500000e-04
11.16000000,2.816989000000e-05,-5.367064500000e-05,-2.826295600000e-05,-9.460011000009e-06,-3.587458000012e-06,3.140514000000e-05,2.053221999999e-05,1.245607800000e-04
11.17000000,2.408410999999e-05,-5.810409600000e-05,-2.994892600000e-05,-9.188009000002e-06,-4.023083000002e-06,3.167820000000e-05,2.079156000000e-05,1.146506300000e-04
11.18000000,1.946425999999e-05,-6.204536400001e-05,-3.176528100000e-05,-8.888627000006e-06,-4.463142000005e-06,3.193570000000e-05,2.099780999999e-05,1.047667000000e-04
11.19000000,1.437121999999e-05,-6.543187700001e-05,-3.365163400000e-05,-8.561141999999e-06,-4.893808000006e-06,3.217459999999e-05,2.115433000000e-05,9.504686999999e-05
11.20000000,8.871099999988e-06,-6.821554700001e-05,-3.555211200000e-05,-8.207152000006e-06,-5.301977000008e-06,3.239259000000e-05,2.126493999999e-05,8.562362999999e-05
11.21000000,3.034549999989e-06,-7.035726900001e-05,-3.741412400000e-05,-7.830798000000e-06,-5.675864999999e-06,3.258813000000e-05,2.133350000000e-05,7.662278999999e-05
11.22000000,-3.064137000006e-06,-7.183938200001e-05,-3.918680900000e-05,-7.438369000010e-06,-6.005498000006e-06,3.276037000000e-05,2.136279999999e-05,6.816032000000e-05
11.23000000,-9.347298000006e-06,-7.266632400001e-05,-4.082322200001e-05,-7.037559000000e-06,-6.283332000007e-06,3.290907999999e-05,2.135512000000e-05,6.034145999999e-05
11.24000000,-1.573535500000e-05,-7.282952500001e-05,-4.228007700001e-05,-6.637081000002e-06,-6.504116000006e-06,3.303463000000e-05,2.131240999999e-05,5.325822999999e-05
11.25000000,-2.214828000001e-05,-7.231022600000e-05,-4.351781200000e-05,-6.249447000006e-06,-6.665036000011e-06,3.313786999999e-05,2.123551000000e-05,4.698651000000e-05
11.26000000,-2.850550500001e-05,-7.108923400001e-05,-4.450140100000e-05,-5.886842000008e-06,-6.765618000004e-06,3.322080000000e-05,2.112449000000e-05,4.158291999999e-05
11.27000000,-3.472736700001e-05,-6.916616300001e-05,-4.520692200001e-05,-5.562144999999e-06,-6.807522000010e-06,3.328845999999e-05,2.097876000000e-05,3.707789999999e-05
11.28000000,-4.073549000000e-05,-6.658828400001e-05,-4.563507600000e-05,-5.284883000001e-06,-6.794240000010e-06,3.334284999999e-05,2.079744000000e-05,3.348113000000e-05
11.29000000,-4.645418800001e-05,-6.340929600000e-05,-4.578976300000e-05,-5.059111000003e-06,-6.730813000011e-06,3.338736000000e-05,2.058034999999e-05,3.077389999999e-05
11.30000000,-5.181135500000e-05,-5.969226300001e-05,-4.565891800000e-05,-4.886211000005e-06,-6.623353000001e-06,3.342754999999e-05,2.032792999999e-05,2.892274999999e-05
11.31000000,-5.673907300001e-05,-5.551171700001e-05,-4.524940000000e-05,-4.768623000001e-06,-6.478624000009e-06,3.346150000000e-05,2.004116000000e-05,2.786041000000e-05
11.32000000,-6.117406800001e-05,-5.095306900001e-05,-4.457509500000e-05,-4.709844000000e-06,-6.303834999999e-06,3.348758999999e-05,1.972273999999e-05,2.752843999999e-05
11.33000000,-6.505985200000e-05,-4.611138000001e-05,-4.364257800001e-05,-4.707691000000e-06,-6.105918000002e-06,3.350462000000e-05,1.937684999999e-05,2.789332000000e-05
11.34000000,-6.834881000001e-05,-4.108980200000e-05,-4.247066200000e-05,-4.756579000009e-06,-5.891050000012e-06,3.351164000000e-05,1.900867999999e-05,2.889596000000e-05
11.35000000,-7.100399400001e-05,-3.599701900001e-05,-4.108392100001e-05,-4.848030000004e-06,-5.664649000009e-06,3.350816000000e-05,1.862461999999e-05,3.048338999999e-05
11.36000000,-7.300212300000e-05,-3.094459300000e-05,-3.950951100000e-05,-4.970933000004e-06,-5.431205000003e-06,3.349397999999e-05,1.823197999999e-05,3.255027000000e-05
11.37000000,-7.433274800001e-05,-2.604506300001e-05,-3.777731700001e-05,-5.112314000008e-06,-5.194173000003e-06,3.346949999999e-05,1.783866999999e-05,3.497658000000e-05
11.38000000,-7.501346500001e-05,-2.140678300000e-05,-3.592728400001e-05,-5.257771000008e-06,-4.955799000006e-06,3.343544999999e-05,1.745290999999e-05,3.764447999999e-05
11.39000000,-7.503544700001e-05,-1.713333100001e-05,-3.399505000000e-05,-5.392541000002e-06,-4.717085000008e-06,3.339276000000e-05,1.708272999999e-05,4.043710000000e-05
11.40000000,-7.438424600001e-05,-1.332005500000e-05,-3.201413900000e-05,-5.502106000005e-06,-4.478391000012e-06,3.334246999999e-05,1.673540000000e-05,4.323795000000e-05
11.41000000,-7.303750200001e-05,-1.005231900000e-05,-3.001861700000e-05,-5.572101000009e-06,-4.240400000008e-06,3.328511999999e-05,1.641737999999e-05,4.593375999999e-05
11.42000000,-7.100743100001e-05,-7.403284000007e-06,-2.803934700001e-05,-5.588311000004e-06,-4.003574000003e-06,3.322032000000e-05,1.613380000000e-05,4.841705000000e-05
11.43000000,-6.833349400001e-05,-5.424325000003e-06,-2.610494200000e-05,-5.542835000011e-06,-3.768522000000e-06,3.314789999999e-05,1.588792000000e-05,5.058897000000e-05
11.44000000,-6.505695100001e-05,-4.145082000001e-06,-2.424122500000e-05,-5.429049000000e-06,-3.536259000000e-06,3.306720000000e-05,1.568164999999e-05,5.235900999999e-05
11.45000000,-6.122606100001e-05,-3.550528000010e-06,-2.247109400001e-05,-5.243018000006e-06,-3.308195000010e-06,3.297709000000e-05,1.551588000000e-05,5.365272999999e-05
11.46000000,-5.689615600001e-05,-3.646826000001e-06,-2.081511400001e-05,-4.984378000006e-06,-3.086241000011e-06,3.287600999999e-05,1.538993000000e-05,5.443036000000e-05
11.47000000,-5.212849500001e-05,-4.442145000005e-06,-1.928934700000e-05,-4.653163000010e-06,-2.873074000001e-06,3.276222000000e-05,1.530244999999e-05,5.465940999999e-05
11.48000000,-4.699091800001e-05,-5.952651000007e-06,-1.790471500000e-05,-4.253632000004e-06,-2.672068000004e-06,3.263385999999e-05,1.525050999999e-05,5.430160999999e-05
11.49000000,-4.155687500000e-05,-8.138010000006e-06,-1.666608000001e-05,-3.795006999999e-06,-2.487314000002e-06,3.248922000000e-05,1.522962999999e-05,5.335428000000e-05
11.50000000,-3.590461700001e-05,-1.093616700000e-05,-1.557316600001e-05,-3.289880999999e-06,-2.323243999999e-06,3.232692999999e-05,1.523428000000e-05,5.179691000000e-05
11.51000000,-3.011541900001e-05,-1.428144400001e-05,-1.461791600001e-05,-2.753724000007e-06,-2.184427000007e-06,3.214594999999e-05,1.525875000000e-05,4.963930999999e-05
11.52000000,-2.427325200001e-05,-1.809968700001e-05,-1.379876200000e-05,-2.204087000010e-06,-2.075412999999e-06,3.194607000000e-05,1.529718000000e-05,4.693006999999e-05
11.53000000,-1.846357900001e-05,-2.230799000001e-05,-1.311346200000e-05,-1.659936000001e-06,-2.001058000009e-06,3.172778999999e-05,1.534370999999e-05,4.372095999999e-05
11.54000000,-1.277086700001e-05,-2.681787000000e-05,-1.255884900001e-05,-1.140936000010e-06,-1.965625000003e-06,3.149180999999e-05,1.539263000000e-05,4.007916000000e-05
11.55000000,-7.278542000000e-06,-3.153672700000e-05,-1.213046700001e-05,-6.666039999992e-07,-1.972526000010e-06,3.123932999999e-05,1.543857000000e-05,3.608027999999e-05
11.56000000,-2.066886000004e-06,-3.636875100001e-05,-1.182769300001e-05,-2.554890000117e-07,-2.023851000010e-06,3.097198999999e-05,1.547667000000e-05,3.181005000000e-05
11.57000000,2.787689999992e-06,-4.121764400000e-05,-1.164337500001e-05,7.549000000107e-08,-2.121077000011e-06,3.069180000000e-05,1.550266000000e-05,2.736021999999e-05
11.58000000,7.212499999992e-06,-4.598667900001e-05,-1.156744700001e-05,3.109700000004e-07,-2.263751000001e-06,3.040106999999e-05,1.551298999999e-05,2.282776000000e-05
11.59000000,1.114013999999e-05,-5.058194700000e-05,-1.158804800000e-05,4.386999999939e-07,-2.449237000005e-06,3.010237999999e-05,1.550493999999e-05,1.831170000000e-05
11.60000000,1.450956000000e-05,-5.491223100000e-05,-1.169153300000e-05,4.510999999929e-07,-2.673354000005e-06,2.979837000000e-05,1.547674999999e-05,1.391158000000e-05
11.61000000,1.727057999999e-05,-5.889159000000e-05,-1.186152300001e-05,3.477799999929e-07,-2.929614000002e-06,2.949172000000e-05,1.542770000000e-05,9.722869999992e-06
11.62000000,1.938668000000e-05,-6.244017600000e-05,-1.208455700001e-05,1.256199999994e-07,-3.209662000001e-06,2.918510000000e-05,1.535824000000e-05,5.837389999999e-06
11.63000000,2.083635000000e-05,-6.548455300001e-05,-1.233876300001e-05,-2.121070000055e-07,-3.503649000008e-06,2.888114999999e-05,1.526994999999e-05,2.341349999990e-06
11.64000000,2.162926999999e-05,-6.796114100001e-05,-1.259501200000e-05,-6.593830000068e-07,-3.800690000000e-06,2.858254999999e-05,1.516551000000e-05,-6.873310000044e-07
11.65000000,2.176289000000e-05,-6.982113500001e-05,-1.283529900001e-05,-1.205326000009e-06,-4.089254000000e-06,2.829179000000e-05,1.504860000000e-05,-3.180207000006e-06
11.66000000,2.121572000000e-05,-7.103598700001e-05,-1.304020200001e-05,-1.835327000002e-06,-4.357621000012e-06,2.801130999999e-05,1.492364000000e-05,-5.085262000007e-06
11.67000000,1.996959999999e-05,-7.161830700000e-05,-1.318775900000e-05,-2.531935000008e-06,-4.594396999999e-06,2.774353000000e-05,1.479582000000e-05,-6.378389000000e-06
11.68000000,1.801249000000e-05,-7.156222700000e-05,-1.326052100001e-05,-3.275317000007e-06,-4.789413000000e-06,2.749048999999e-05,1.467074000000e-05,-7.067024000010e-06
11.69000000,1.538119000000e-05,-7.085764500001e-05,-1.324481600000e-05,-4.043718000002e-06,-4.933932000004e-06,2.725380999999e-05,1.455423999999e-05,-7.140955000012e-06
11.70000000,1.211359999999e-05,-6.949359300000e-05,-1.313018400001e-05,-4.814301000008e-06,-5.019985999999e-06,2.703523000000e-05,1.445193999999e-05,-6.594358000003e-06
11.71000000,8.255839999999e-06,-6.749048500000e-05,-1.290934000001e-05,-5.563866000008e-06,-5.041252000001e-06,2.683593000000e-05,1.436892999999e-05,-5.428828000004e-06
11.72000000,3.860289999991e-06,-6.490683700000e-05,-1.257870900001e-05,-6.269557000005e-06,-4.994828000010e-06,2.665666000000e-05,1.430959000000e-05,-3.646144000002e-06
11.73000000,-1.013778000006e-06,-6.180116500000e-05,-1.214031100001e-05,-6.909558000007e-06,-4.880217000000e-06,2.649807999999e-05,1.427722000000e-05,-1.294805000010e-06
11.74000000,-6.300520000002e-06,-5.824449200001e-05,-1.159799600001e-05,-7.463660000012e-06,-4.699342000009e-06,2.636003999999e-05,1.427390000000e-05,1.558719999989e-06
11.75000000,-1.192895200000e-05,-5.431357300001e-05,-1.095336600000e-05,-7.913878000004e-06,-4.456521999999e-06,2.624224999999e-05,1.430036000000e-05,4.844739999996e-06
11.76000000,-1.782353400001e-05,-5.009205800001e-05,-1.021364700000e-05,-8.245367000004e-06,-4.157913000000e-06,2.614404000000e-05,1.435588000000e-05,8.483569999995e-06
11.77000000,-2.390660300000e-05,-4.566561200001e-05,-9.386312000009e-06,-8.447535000011e-06,-3.811015000008e-06,2.606404000000e-05,1.443840000000e-05,1.239105999999e-05
11.78000000,-3.009428600001e-05,-4.112459300000e-05,-8.481592000009e-06,-8.515995000000e-06,-3.424752000006e-06,2.600059999999e-05,1.454438000000e-05,1.647588999999e-05
11.79000000,-3.630323000001e-05,-3.655732200000e-05,-7.516908999999e-06,-8.453491000010e-06,-3.008580000005e-06,2.595174999999e-05,1.466925999999e-05,2.064503999999e-05
11.80000000,-4.244927300001e-05,-3.204994300000e-05,-6.508673000005e-06,-8.257716000007e-06,-2.572384000005e-06,2.591513000000e-05,1.480733999999e-05,2.480413000000e-05
11.81000000,-4.844928200000e-05,-2.768408200000e-05,-5.477154000011e-06,-7.935385000005e-06,-2.126227000007e-06,2.588780000000e-05,1.495203999999e-05,2.886099999999e-05
11.82000000,-5.422139900001e-05,-2.353623100000e-05,-4.443397000009e-06,-7.499101000008e-06,-1.679862000004e-06,2.586752000000e-05,1.509624000000e-05,3.272707999999e-05
11.83000000,-5.968681200001e-05,-1.967574400001e-05,-3.427813000001e-06,-6.966220000001e-06,-1.242541000007e-06,2.585199999999e-05,1.523245000000e-05,3.631880999999e-05
11.84000000,-6.477020500001e-05,-1.616419600001e-05,-2.451424000002e-06,-6.357807999999e-06,-8.227070000116e-07,2.583866000000e-05,1.535306000000e-05,3.955939000000e-05
11.85000000,-6.940044700000e-05,-1.305440000000e-05,-1.535135000008e-06,-5.698048000005e-06,-4.277570000016e-07,2.582444999999e-05,1.545056999999e-05,4.237879999999e-05
11.86000000,-7.351234000001e-05,-1.038985500000e-05,-6.953070000038e-07,-5.013558000005e-06,-6.390600000572e-08,2.580658000000e-05,1.551777999999e-05,4.471835000000e-05
11.87000000,-7.704792300001e-05,-8.202972999999e-06,5.486999998805e-08,-4.332064000009e-06,2.637199999905e-07,2.578233999999e-05,1.554832999999e-05,4.653513000000e-05
11.88000000,-7.996038100000e-05,-6.511961000003e-06,7.000299999949e-07,-3.681343000009e-06,5.510699999933e-07,2.574924000000e-05,1.553713999999e-05,4.780787000000e-05
11.89000000,-8.221816700001e-05,-5.319246000002e-06,1.226989999992e-06,-3.088134000004e-06,7.950799999906e-07,2.570517999999e-05,1.548024999999e-05,4.854671000000e-05
11.90000000,-8.380268600000e-05,-4.601623000006e-06,1.623369999995e-06,-2.577097000009e-06,9.933599999928e-07,2.564876000000e-05,1.537532000000e-05,4.875759999999e-05
11.91000000,-8.472362000000e-05,-4.343666000009e-06,1.871789999996e-06,-2.170233000004e-06,1.144740000000e-06,2.557847000000e-05,1.522174999999e-05,4.843785000000e-05
11.92000000,-8.499012600001e-05,-4.547563000001e-06,1.963750000000e-06,-1.885212000008e-06,1.248359999997e-06,2.549311000000e-05,1.502034999999e-05,4.760326000000e-05
11.93000000,-8.458367300000e-05,-5.192459000006e-06,1.896369999990e-06,-1.734284000007e-06,1.303819999993e-06,2.539135000000e-05,1.477436000000e-05,4.626001999999e-05
11.94000000,-8.349245900001e-05,-6.269881000012e-06,1.672519999996e-06,-1.720716000006e-06,1.311159999989e-06,2.527226000000e-05,1.448855000000e-05,4.444932999999e-05
11.95000000,-8.171202800000e-05,-7.752551000009e-06,1.300279999991e-06,-1.844296000003e-06,1.270829999997e-06,2.513537000000e-05,1.416897999999e-05,4.223708999999e-05
11.96000000,-7.928277900000e-05,-9.588809000011e-06,7.796199999882e-07,-2.105146000006e-06,1.183629999998e-06,2.498062999999e-05,1.382390999999e-05,3.968872000000e-05
11.97000000,-7.625375200000e-05,-1.172086100000e-05,1.173699999968e-07,-2.491895000012e-06,1.050779999998e-06,2.480847000000e-05,1.346376000000e-05,3.687771999999e-05
11.98000000,-7.268098300001e-05,-1.408813400000e-05,-6.659040000107e-07,-2.989069000009e-06,8.738799999880e-07,2.461993000000e-05,1.310010000000e-05,3.388037999999e-05
11.99000000,-6.862687300001e-05,-1.662685700000e-05,-1.543029000003e-06,-3.575492000002e-06,6.550499999924e-07,2.441652000000e-05,1.274541000000e-05,3.077416000000e-05
12.00000000,-6.416014500001e-05,-1.927038500001e-05,-2.485229000010e-06,-4.225890000001e-06,3.969599999959e-07,2.420037999999e-05,1.241287999999e-05,2.763672999999e-05
12.01000000,-5.935604100001e-05,-2.195042000000e-05,-3.465155999999e-06,-4.912209000008e-06,1.029799999996e-07,2.397440999999e-05,1.211581999999e-05,2.454368999999e-05
12.02000000,-5.429431300001e-05,-2.459823600001e-05,-4.453582000005e-06,-5.604468000006e-06,-2.228200000065e-07,2.374198999999e-05,1.186480000000e-05,2.156697000000e-05
12.03000000,-4.905883700000e-05,-2.714655900000e-05,-5.421923000001e-06,-6.271983000003e-06,-5.756299999993e-07,2.350716999999e-05,1.167052999999e-05,1.877305999999e-05
12.04000000,-4.373541700001e-05,-2.952792900000e-05,-6.341370000010e-06,-6.884676000005e-06,-9.498500000010e-07,2.327467999999e-05,1.154272999999e-05,1.622165000000e-05
12.05000000,-3.841101200000e-05,-3.167907200001e-05,-7.191513999999e-06,-7.414231000008e-06,-1.339146000007e-06,2.304931000000e-05,1.148870999999e-05,1.396474000000e-05
12.06000000,-3.317198300000e-05,-3.354015100000e-05,-7.954077000008e-06,-7.835442000004e-06,-1.736513000006e-06,2.283601000000e-05,1.151412000000e-05,1.204446000000e-05
12.07000000,-2.810310200001e-05,-3.505946800000e-05,-8.611971000008e-06,-8.126567000000e-06,-2.134327000011e-06,2.263963999999e-05,1.162168999999e-05,1.049061000000e-05
12.08000000,-2.328591100001e-05,-3.619883600001e-05,-9.151482000008e-06,-8.271831000009e-06,-2.524360000006e-06,2.246479000000e-05,1.181047000000e-05,9.318009999995e-06
12.09000000,-1.879694000001e-05,-3.694238500000e-05,-9.563321000008e-06,-8.267356000000e-06,-2.898125000012e-06,2.231560999999e-05,1.207521999999e-05,8.522969999994e-06
12.10000000,-1.470747500000e-05,-3.727525100000e-05,-9.838182000010e-06,-8.100472000006e-06,-3.246966000001e-06,2.219546000000e-05,1.241002999999e-05,8.085899999996e-06
12.11000000,-1.108196400000e-05,-3.717015500000e-05,-9.967454000004e-06,-7.769256000004e-06,-3.562300000010e-06,2.210672000000e-05,1.280755999999e-05,7.990549999989e-06
12.12000000,-7.976150000005e-06,-3.662660300001e-05,-9.951229000008e-06,-7.280618000011e-06,-3.835912000011e-06,2.205110999999e-05,1.325950000000e-05,8.223229999993e-06
12.13000000,-5.437125999999e-06,-3.563376900001e-05,-9.794330999999e-06,-6.647009999999e-06,-4.060158000002e-06,2.202912999999e-05,1.375793000000e-05,8.758870000000e-06
12.14000000,-3.495086000005e-06,-3.418756800000e-05,-9.505151000011e-06,-5.886386000006e-06,-4.228308000009e-06,2.203996000000e-05,1.429241999999e-05,9.576479999995e-06
12.15000000,-2.164592000004e-06,-3.231234900000e-05,-9.084427000011e-06,-5.021429000010e-06,-4.334824000002e-06,2.208171000000e-05,1.485069000000e-05,1.063367000000e-05
12.16000000,-1.430354000007e-06,-3.004512900001e-05,-8.539866000010e-06,-4.079075000010e-06,-4.375479999999e-06,2.215141999999e-05,1.541977000000e-05,1.187164999999e-05
12.17000000,-1.288544000000e-06,-2.742768100000e-05,-7.893747000012e-06,-3.089503000001e-06,-4.347509000011e-06,2.224513999999e-05,1.598671000000e-05,1.323434000000e-05
12.18000000,-1.749980000007e-06,-2.450879600001e-05,-7.168651000006e-06,-2.085033000004e-06,-4.249901000009e-06,2.235804999999e-05,1.653787000000e-05,1.466303999999e-05
12.19000000,-2.821342000012e-06,-2.134411100001e-05,-6.387084000012e-06,-1.099207000005e-06,-4.083570000007e-06,2.248521999999e-05,1.705794000000e-05,1.610082999999e-05
12.20000000,-4.500168999999e-06,-1.799394700000e-05,-5.571524000006e-06,-1.655820000002e-07,-3.850932000005e-06,2.262137999999e-05,1.753288999999e-05,1.749164999999e-05
12.21000000,-6.741487000000e-06,-1.452292500001e-05,-4.745430000008e-06,6.839299999950e-07,-3.556072000005e-06,2.276072999999e-05,1.795062000000e-05,1.878315999999e-05
12.22000000,-9.494610000008e-06,-1.099786100001e-05,-3.932248000008e-06,1.420349999989e-06,-3.204652000002e-06,2.289760999999e-05,1.830052000000e-05,1.992685999999e-05
12.23000000,-1.270148500000e-05,-7.486531000009e-06,-3.150600000001e-06,2.018299999990e-06,-2.803814000002e-06,2.302659999999e-05,1.857473000000e-05,2.087890999999e-05
12.24000000,-1.629892300001e-05,-4.057586000000e-06,-2.420192000002e-06,2.456299999995e-06,-2.362003000009e-06,2.314259000000e-05,1.876790999999e-05,2.160426999999e-05
12.25000000,-2.021752600001e-05,-7.763930000015e-07,-1.759653000005e-06,2.719360000000e-06,-1.888727999999e-06,2.324094999999e-05,1.887734000000e-05,2.208608000000e-05
12.26000000,-2.438263200001e-05,2.294419999993e-06,-1.185459000005e-06,2.802079999989e-06,-1.394312000011e-06,2.331757000000e-05,1.890347000000e-05,2.231463999999e-05
12.27000000,-2.871577800001e-05,5.095439999991e-06,-7.117330000084e-07,2.710439999998e-06,-8.896780000073e-07,2.336924999999e-05,1.884954999999e-05,2.227620999999e-05
12.28000000,-3.313565900001e-05,7.573629999993e-06,-3.495520000119e-07,2.438299999991e-06,-3.860500000091e-07,2.339364999999e-05,1.872032000000e-05,2.197567999999e-05
12.29000000,-3.755963700000e-05,9.681759999991e-06,-1.110120000092e-07,1.995659999990e-06,1.053999999917e-07,2.338868000000e-05,1.852130999999e-05,2.141878999999e-05
12.30000000,-4.190517900000e-05,1.138520999999e-05,-4.949000001475e-09,1.401099999992e-06,5.738299999891e-07,2.335300999999e-05,1.826048999999e-05,2.061379000000e-05
12.31000000,-4.609108400000e-05,1.265935000000e-05,-3.320900000825e-08,6.774299999984e-07,1.008959999993e-06,2.328591999999e-05,1.794661000000e-05,1.958638999999e-05
12.32000000,-5.003889400000e-05,1.350026999999e-05,-1.927060000045e-07,-1.479889999989e-07,1.401309999996e-06,2.318724000000e-05,1.758874999999e-05,1.837630000000e-05
12.33000000,-5.367385500001e-05,1.391845000000e-05,-4.812130000031e-07,-1.044049000004e-06,1.742559999990e-06,2.305729999999e-05,1.719735000000e-05,1.702381999999e-05
12.34000000,-5.692543300001e-05,1.391249999999e-05,-9.000980000090e-07,-1.977521000007e-06,2.025789999999e-06,2.289678999999e-05,1.678415999999e-05,1.557628000000e-05
12.35000000,-5.972926300001e-05,1.348304000000e-05,-1.432428000006e-06,-2.914059000006e-06,2.245549999988e-06,2.270696999999e-05,1.636103000000e-05,1.408260999999e-05
12.36000000,-6.202859800000e-05,1.263048000000e-05,-2.055363000006e-06,-3.819315000000e-06,2.398109999996e-06,2.248999000000e-05,1.593920000000e-05,1.259369999999e-05
12.37000000,-6.378133400001e-05,1.136867000000e-05,-2.747603000008e-06,-4.660562000006e-06,2.481489999998e-06,2.224857999999e-05,1.552966000000e-05,1.116037000000e-05
12.38000000,-6.496267100001e-05,9.743139999990e-06,-3.485253000007e-06,-5.407683000003e-06,2.495579999998e-06,2.198533999999e-05,1.514303000000e-05,9.832809999999e-06
12.39000000,-6.557817600000e-05,7.799999999988e-06,-4.241849000011e-06,-6.034243000011e-06,2.442009999992e-06,2.170337000000e-05,1.478914000000e-05,8.656689999997e-06
12.40000000,-6.561322900001e-05,5.592149999997e-06,-4.992464000000e-06,-6.518488000012e-06,2.324179999999e-06,2.140600999999e-05,1.447691999999e-05,7.673719999990e-06
12.41000000,-6.505138800000e-05,3.176609999989e-06,-5.714926000003e-06,-6.843324000000e-06,2.147039999997e-06,2.109699000000e-05,1.421323999999e-05,6.921209999997e-06
12.42000000,-6.387591300000e-05,6.145199999974e-07,-6.386234000011e-06,-6.998564999999e-06,1.916989999989e-06,2.078015000000e-05,1.400318000000e-05,6.416029999998e-06
12.43000000,-6.208310200001e-05,-2.031132999999e-06,-6.985849000010e-06,-6.988739000000e-06,1.641729999988e-06,2.045954999999e-05,1.385128999999e-05,6.167990000000e-06
12.44000000,-5.971035800001e-05,-4.694454000004e-06,-7.496868000001e-06,-6.809577000000e-06,1.330019999995e-06,2.013928000000e-05,1.376098000000e-05,6.192609999997e-06
12.45000000,-5.679522000000e-05,-7.311512000008e-06,-7.906666000007e-06,-6.461817000009e-06,9.913899999964e-07,1.982339999999e-05,1.373405999999e-05,6.490289999994e-06
12.46000000,-5.338583400001e-05,-9.819147000004e-06,-8.206614000000e-06,-5.959690000001e-06,6.358899999892e-07,1.951590999999e-05,1.376972000000e-05,7.059009999991e-06
12.47000000,-4.953650000000e-05,-1.215685900001e-05,-8.387360000001e-06,-5.322349000011e-06,2.736599999942e-07,1.922164000000e-05,1.386419999999e-05,7.896090000001e-06
12.48000000,-4.530851200001e-05,-1.427020700001e-05,-8.445582000000e-06,-4.572668000011e-06,-8.504100000584e-08,1.894449999999e-05,1.401195999999e-05,8.981489999990e-06
12.49000000,-4.076894100001e-05,-1.610969800001e-05,-8.384420999999e-06,-3.737108000001e-06,-4.302369999987e-07,1.868805999999e-05,1.420621999999e-05,1.027915000000e-05
12.50000000,-3.598969600001e-05,-1.763186000001e-05,-8.211353000012e-06,-2.844829000009e-06,-7.524260000058e-07,1.845553999999e-05,1.443906000000e-05,1.175247000000e-05
12.51000000,-3.104659800000e-05,-1.880437000000e-05,-7.927885000009e-06,-1.926587000003e-06,-1.042778000004e-06,1.824952000000e-05,1.470184999999e-05,1.335745999999e-05
12.52000000,-2.601762000000e-05,-1.960896300000e-05,-7.539066000012e-06,-1.013487000004e-06,-1.293290000010e-06,1.807208999999e-05,1.498572000000e-05,1.504737999999e-05
12.53000000,-2.098168600001e-05,-2.004980600001e-05,-7.064393000009e-06,-1.365469999987e-07,-1.496985000002e-06,1.792473999999e-05,1.528164999999e-05,1.677272999999e-05
12.54000000,-1.601743900001e-05,-2.012670300000e-05,-6.522710000012e-06,6.748999999973e-07,-1.648035000010e-06,1.780842000000e-05,1.558085999999e-05,1.848342999999e-05
12.55000000,-1.120195800000e-05,-1.983821100000e-05,-5.930771000001e-06,1.394310000000e-06,-1.741864000010e-06,1.772304999999e-05,1.587500000000e-05,2.013044999999e-05
12.56000000,-6.609363000010e-06,-1.918886000001e-05,-5.305117000004e-06,1.997979999988e-06,-1.775295000006e-06,1.766954999999e-05,1.615635999999e-05,2.166644000000e-05
12.57000000,-2.309700000008e-06,-1.818556700001e-05,-4.663102000008e-06,2.465379999997e-06,-1.746884000009e-06,1.765020000000e-05,1.641794000000e-05,2.304827999999e-05
12.58000000,1.631160000001e-06,-1.686261000000e-05,-4.020904999999e-06,2.780369999997e-06,-1.656470000000e-06,1.766567000000e-05,1.665359000000e-05,2.423624999999e-05
12.59000000,5.153580000000e-06,-1.526338200000e-05,-3.393225000009e-06,2.933529999999e-06,-1.505179000008e-06,1.771261000000e-05,1.685811999999e-05,2.519857000000e-05
12.60000000,8.204700000000e-06,-1.343355700001e-05,-2.794920000007e-06,2.930649999996e-06,-1.295488000000e-06,1.778658000000e-05,1.702733999999e-05,2.591160000000e-05
12.61000000,1.074197999999e-05,-1.142360400000e-05,-2.239898000009e-06,2.769629999996e-06,-1.031178000002e-06,1.788286000000e-05,1.715814000000e-05,2.637124999999e-05
12.62000000,1.273573999999e-05,-9.286614000001e-06,-1.740822000010e-06,2.450979999999e-06,-7.172830000096e-07,1.799665999999e-05,1.724841999999e-05,2.657934000000e-05
12.63000000,1.417103000000e-05,-7.078516000000e-06,-1.308605000000e-06,1.982259999991e-06,-3.599410000055e-07,1.812319000000e-05,1.729741999999e-05,2.653198999999e-05
12.64000000,1.505555999999e-05,-4.855147999999e-06,-9.521070000046e-07,1.377210000000e-06,3.384999999745e-08,1.825797999999e-05,1.730559999999e-05,2.623955999999e-05
12.65000000,1.540814999999e-05,-2.671938000007e-06,-6.780260000117e-07,6.546599999879e-07,4.567300000008e-07,1.839700999999e-05,1.727444999999e-05,2.571027999999e-05
12.66000000,1.522259999999e-05,-5.823270000094e-07,-4.905270000050e-07,-1.614840000053e-07,9.005499999881e-07,1.853659999999e-05,1.720632999999e-05,2.495696999999e-05
12.67000000,1.450568000000e-05,1.364549999994e-06,-3.915080000055e-07,-1.046399000004e-06,1.355849999995e-06,1.867389000000e-05,1.710420999999e-05,2.400986999999e-05
12.68000000,1.325440000000e-05,3.122799999991e-06,-3.821800000081e-07,-1.973704000000e-06,1.812749999996e-06,1.880625999999e-05,1.697161000000e-05,2.290797000000e-05
12.69000000,1.150106999999e-05,4.651259999988e-06,-4.591630000106e-07,-2.916548000012e-06,2.261449999999e-06,1.893142999999e-05,1.681231999999e-05,2.169032999999e-05
12.70000000,9.300569999995e-06,5.913089999990e-06,-6.203990000064e-07,-3.847451000002e-06,2.692479999997e-06,1.904757000000e-05,1.663040000000e-05,2.039946000000e-05
12.71000000,6.709080000000e-06,6.881659999999e-06,-8.543110000120e-07,-4.740098000000e-06,3.096899999999e-06,1.915270000000e-05,1.642989999999e-05,1.907802999999e-05
12.72000000,3.788999999990e-06,7.541159999999e-06,-1.147029000004e-06,-5.569671000002e-06,3.466999999993e-06,1.924587999999e-05,1.621459999999e-05,1.776942999999e-05
12.73000000,6.073899999903e-07,7.896019999995e-06,-1.485312000005e-06,-6.313475000005e-06,3.796089999994e-06,1.932591999999e-05,1.598830999999e-05,1.651446999999e-05
12.74000000,-2.764672000000e-06,7.945400000001e-06,-1.853497000007e-06,-6.950649000012e-06,4.078739999996e-06,1.939141000000e-05,1.575472000000e-05,1.535121000000e-05
12.75000000,-6.252190000000e-06,7.687329999992e-06,-2.235117000010e-06,-7.462907000003e-06,4.310909999999e-06,1.944105000000e-05,1.551704000000e-05,1.431472999999e-05
12.76000000,-9.779749000002e-06,7.126259999990e-06,-2.613732000001e-06,-7.835987999999e-06,4.489969999993e-06,1.947373000000e-05,1.527794999999e-05,1.343350999999e-05
12.77000000,-1.327061500001e-05,6.266639999988e-06,-2.973927000008e-06,-8.066219000000e-06,4.614709999989e-06,1.948817000000e-05,1.503964999999e-05,1.273090999999e-05
12.78000000,-1.665177300000e-05,5.134309999988e-06,-3.301891999999e-06,-8.156500000009e-06,4.685179999991e-06,1.948337999999e-05,1.480382999999e-05,1.221746999999e-05
12.79000000,-1.985109300001e-05,3.765959999999e-06,-3.586782000006e-06,-8.100915000003e-06,4.702679999996e-06,1.945862000000e-05,1.457179999999e-05,1.189332000000e-05
12.80000000,-2.280103300001e-05,2.199119999990e-06,-3.819822000012e-06,-7.903486000008e-06,4.669700000001e-06,1.941342999999e-05,1.434441999999e-05,1.175372999999e-05
12.81000000,-2.543744600000e-05,4.777199999889e-07,-3.992898000002e-06,-7.566835000000e-06,4.589749999992e-06,1.934767999999e-05,1.412215999999e-05,1.179643999999e-05
12.82000000,-2.770062500000e-05,-1.352617000003e-06,-4.102155000005e-06,-7.097632000005e-06,4.467410000000e-06,1.926172000000e-05,1.390555000000e-05,1.200690000000e-05
12.83000000,-2.953988100000e-05,-3.243040000003e-06,-4.147336000002e-06,-6.506486000007e-06,4.308139999992e-06,1.915604000000e-05,1.369499999999e-05,1.237024999999e-05
12.84000000,-3.091522100000e-05,-5.144087000003e-06,-4.131444000008e-06,-5.809267000001e-06,4.118200000000e-06,1.903143000000e-05,1.349085999999e-05,1.286879000000e-05
12.85000000,-3.181067800001e-05,-7.006840000004e-06,-4.060494999999e-06,-5.024971000009e-06,3.904619999995e-06,1.888882999999e-05,1.329351000000e-05,1.347303999999e-05
12.86000000,-3.222777600001e-05,-8.784184999999e-06,-3.936927000001e-06,-4.172938999999e-06,3.674989999994e-06,1.872913999999e-05,1.310339999999e-05,1.414442999999e-05
12.87000000,-3.214918000001e-05,-1.042988900000e-05,-3.767560000006e-06,-3.274487999999e-06,3.437169999995e-06,1.855349999999e-05,1.292103999999e-05,1.484571999999e-05
12.88000000,-3.157051100000e-05,-1.190333000001e-05,-3.564194000008e-06,-2.351284000002e-06,3.199169999996e-06,1.836383999999e-05,1.274705000000e-05,1.553704000000e-05
12.89000000,-3.047651000000e-05,-1.316752400000e-05,-3.334586000006e-06,-1.425170000000e-06,2.968919999999e-06,1.816162000000e-05,1.258245999999e-05,1.618070999999e-05
12.90000000,-2.887630900000e-05,-1.419231100000e-05,-3.088419000000e-06,-5.173929999991e-07,2.753989999993e-06,1.794841000000e-05,1.242838000000e-05,1.673802999999e-05
12.91000000,-2.680926800000e-05,-1.495520400001e-05,-2.835515000008e-06,3.515600000004e-07,2.561299999995e-06,1.772592999999e-05,1.228597000000e-05,1.717520000000e-05
12.92000000,-2.431628400000e-05,-1.545115000001e-05,-2.585218000006e-06,1.161909999992e-06,2.396869999990e-06,1.749594999999e-05,1.215624999999e-05,1.746670000000e-05
12.93000000,-2.144743600001e-05,-1.568183100001e-05,-2.345914000002e-06,1.895449999997e-06,2.265609999996e-06,1.726029999999e-05,1.203994000000e-05,1.759332000000e-05
12.94000000,-1.825912100001e-05,-1.564102900001e-05,-2.125320000004e-06,2.536809999995e-06,2.171079999988e-06,1.702113999999e-05,1.193761000000e-05,1.753197000000e-05
12.95000000,-1.481423400000e-05,-1.533393100001e-05,-1.930995000010e-06,3.074039999995e-06,2.115329999997e-06,1.678106000000e-05,1.184923000000e-05,1.727520000000e-05
12.96000000,-1.118070200000e-05,-1.476291000001e-05,-1.770213000005e-06,3.501509999990e-06,2.098669999992e-06,1.654296999999e-05,1.177464999999e-05,1.681787999999e-05
12.97000000,-7.430324000010e-06,-1.393460600001e-05,-1.648547000008e-06,3.816269999998e-06,2.120119999990e-06,1.631003999999e-05,1.171352000000e-05,1.615901999999e-05
12.98000000,-3.637083000010e-06,-1.287430400000e-05,-1.570584000007e-06,4.016669999996e-06,2.177299999989e-06,1.608584000000e-05,1.166518000000e-05,1.530667999999e-05
12.99000000,1.236699999907e-07,-1.161487700001e-05,-1.539401000006e-06,4.100819999991e-06,2.266419999994e-06,1.587387999999e-05,1.162862000000e-05,1.428236999999e-05
13.00000000,3.777730000001e-06,-1.019078600001e-05,-1.556159000007e-06,4.067839999997e-06,2.382549999999e-06,1.567768999999e-05,1.160250000000e-05,1.311084000000e-05
13.01000000,7.252819999998e-06,-8.640864000001e-06,-1.620349000003e-06,3.923389999994e-06,2.519709999996e-06,1.550063000000e-05,1.158522000000e-05,1.182322000000e-05
13.02000000,1.047993000000e-05,-7.006050000008e-06,-1.731076000003e-06,3.672859999998e-06,2.671119999992e-06,1.534583000000e-05,1.157492999999e-05,1.045561999999e-05
13.03000000,1.339431000000e-05,-5.329070000004e-06,-1.888842000003e-06,3.317980000000e-06,2.829429999990e-06,1.521592999999e-05,1.156962000000e-05,9.047389999989e-06
13.04000000,1.593687000000e-05,-3.652990000005e-06,-2.083824999999e-06,2.872170000001e-06,2.987019999998e-06,1.511346999999e-05,1.156717999999e-05,7.640569999995e-06
13.05000000,1.805554999999e-05,-2.020599999999e-06,-2.307601000007e-06,2.353269999991e-06,3.136129999998e-06,1.504005000000e-05,1.156544000000e-05,6.278509999999e-06
13.06000000,1.971160000000e-05,-4.731010000009e-07,-2.553439000005e-06,1.779930000001e-06,3.269170000000e-06,1.499628000000e-05,1.156211999999e-05,5.003960000000e-06
13.07000000,2.087914000000e-05,9.503199999983e-07,-2.813549000003e-06,1.172250000001e-06,3.378899999990e-06,1.498249000000e-05,1.155490999999e-05,3.859359999997e-06
13.08000000,2.156204999999e-05,2.215010000001e-06,-3.078019000000e-06,5.516999999899e-07,3.458579999990e-06,1.499775000000e-05,1.154154999999e-05,2.883299999992e-06
13.09000000,2.176339000000e-05,3.289429999997e-06,-3.336562000009e-06,-5.995900000111e-08,3.502219999993e-06,1.504049999999e-05,1.151999000000e-05,2.111669999999e-06
13.10000000,2.146946999999e-05,4.148159999995e-06,-3.579257000008e-06,-6.396740000053e-07,3.504619999997e-06,1.510852000000e-05,1.148838999999e-05,1.566920000001e-06
13.11000000,2.068193999999e-05,4.775169999999e-06,-3.797165000000e-06,-1.167524000006e-06,3.461469999994e-06,1.519910999999e-05,1.144514000000e-05,1.258439999999e-06
13.12000000,1.939561000000e-05,5.167879999990e-06,-3.981456000002e-06,-1.625354000001e-06,3.369659999988e-06,1.530922000000e-05,1.138889999999e-05,1.199449999989e-06
13.13000000,1.763954999999e-05,5.325589999994e-06,-4.123416000007e-06,-1.996167000001e-06,3.227339999995e-06,1.543536000000e-05,1.131874999999e-05,1.399229999990e-06
13.14000000,1.545994999999e-05,5.241489999988e-06,-4.217016999999e-06,-2.266758000011e-06,3.033869999988e-06,1.557461000000e-05,1.123430000000e-05,1.855279999990e-06
13.15000000,1.290618999999e-05,4.922509999991e-06,-4.257835999999e-06,-2.426676000006e-06,2.789839999989e-06,1.572336000000e-05,1.113574999999e-05,2.569259999988e-06
13.16000000,1.003468999999e-05,4.369649999988e-06,-4.243979999999e-06,-2.464951000009e-06,2.497259999998e-06,1.587867000000e-05,1.102410999999e-05,3.529140000000e-06
13.17000000,6.907289999997e-06,3.593099999991e-06,-4.176451000010e-06,-2.379456000012e-06,2.159650000000e-06,1.603768000000e-05,1.090090000000e-05,4.705229999999e-06
13.18000000,3.590200000000e-06,2.618039999999e-06,-4.056685000003e-06,-2.171579000010e-06,1.782209999995e-06,1.619775999999e-05,1.076814999999e-05,6.066479999997e-06
13.19000000,1.531799999899e-07,1.474469999999e-06,-3.882979000003e-06,-1.838503000007e-06,1.371299999997e-06,1.635669000000e-05,1.062841999999e-05,7.575029999998e-06
13.20000000,-3.333084000010e-06,1.951999999972e-07,-3.662449000005e-06,-1.389413000000e-06,9.346699999940e-07,1.651240999999e-05,1.048467999999e-05,9.189319999992e-06
13.21000000,-6.796417999999e-06,-1.183882000003e-06,-3.405511000004e-06,-8.402650000100e-07,4.813599999987e-07,1.666317000000e-05,1.034022999999e-05,1.086464000000e-05
13.22000000,-1.016621600000e-05,-2.624450000002e-06,-3.119902000012e-06,-2.095740000013e-07,2.051999999086e-08,1.680900999999e-05,1.019839999999e-05,1.255400000000e-05
13.23000000,-1.337583400000e-05,-4.087421000012e-06,-2.814270000012e-06,4.815699999883e-07,-4.380620000077e-07,1.695011000000e-05,1.006229999999e-05,1.421078000000e-05
13.24000000,-1.636239900001e-05,-5.532422999999e-06,-2.496221000001e-06,1.209359999990e-06,-8.840470000077e-07,1.708483000000e-05,9.934970000000e-06,1.578888999999e-05
13.25000000,-1.906712900000e-05,-6.919772000000e-06,-2.174004000002e-06,1.948859999990e-06,-1.306633000006e-06,1.721091000000e-05,9.819199999997e-06,1.724522999999e-05
13.26000000,-2.143768400001e-05,-8.211896000004e-06,-1.856699000005e-06,2.674240000000e-06,-1.695114000000e-06,1.732602000000e-05,9.717349999994e-06,1.853934000000e-05
13.27000000,-2.342708200001e-05,-9.372888000000e-06,-1.552918000011e-06,3.360099999988e-06,-2.039438000007e-06,1.742762000000e-05,9.631220000000e-06,1.963631000000e-05
13.28000000,-2.500098600000e-05,-1.036994200000e-05,-1.270491000002e-06,3.981619999996e-06,-2.330451000010e-06,1.751394999999e-05,9.562039999994e-06,2.050856999999e-05
13.29000000,-2.613599500001e-05,-1.117597800000e-05,-1.016330000006e-06,4.515249999990e-06,-2.560270000007e-06,1.758271999999e-05,9.510349999992e-06,2.113993000000e-05
13.30000000,-2.683485300001e-05,-1.177140800000e-05,-7.961560000019e-07,4.943139999991e-06,-2.722391000007e-06,1.763177000000e-05,9.476119999990e-06,2.152891000000e-05
13.31000000,-2.710390200000e-05,-1.214970700000e-05,-6.145930000062e-07,5.252229999989e-06,-2.812051000001e-06,1.765956999999e-05,9.458599999998e-06,2.167799000000e-05
13.32000000,-2.693226300000e-05,-1.230787300001e-05,-4.750140000093e-07,5.433939999994e-06,-2.826320000010e-06,1.766490999999e-05,9.456419999998e-06,2.158584999999e-05
13.33000000,-2.632759200001e-05,-1.223677900000e-05,-3.792270000108e-07,5.483519999988e-06,-2.764132000010e-06,1.764706999999e-05,9.467860000001e-06,2.126493999999e-05
13.34000000,-2.528540800001e-05,-1.194013600000e-05,-3.279260000072e-07,5.396780000000e-06,-2.625983999999e-06,1.760612000000e-05,9.490779999996e-06,2.072162000000e-05
13.35000000,-2.382721500001e-05,-1.141466400001e-05,-3.208260000026e-07,5.177410000001e-06,-2.414308000007e-06,1.754331999999e-05,9.522789999994e-06,1.997461000000e-05
13.36000000,-2.199766400000e-05,-1.066881400001e-05,-3.554260000066e-07,4.824359999989e-06,-2.133536000010e-06,1.746036000000e-05,9.561409999997e-06,1.905825000000e-05
13.37000000,-1.984236000001e-05,-9.726979999999e-06,-4.294030000046e-07,4.348559999992e-06,-1.790024000012e-06,1.735896999999e-05,9.604060000001e-06,1.800958999999e-05
13.38000000,-1.741277500000e-05,-8.614183000008e-06,-5.373540000048e-07,3.768719999991e-06,-1.391851000010e-06,1.724117999999e-05,9.648279999996e-06,1.686850999999e-05
13.39000000,-1.476449300000e-05,-7.361354000007e-06,-6.730620000089e-07,3.105199999992e-06,-9.485060000064e-07,1.710965000000e-05,9.691729999997e-06,1.567564999999e-05
13.40000000,-1.195645700000e-05,-6.001424999999e-06,-8.290200000094e-07,2.381849999997e-06,-4.706939999988e-07,1.696735999999e-05,9.732289999995e-06,1.447234999999e-05
13.41000000,-9.050291000012e-06,-4.570993000011e-06,-9.972140000009e-07,1.623529999994e-06,3.000999999891e-08,1.681774999999e-05,9.768159999993e-06,1.329860999999e-05
13.42000000,-6.108362000004e-06,-3.107538000008e-06,-1.169207000010e-06,8.567799999887e-07,5.413499999940e-07,1.666431000000e-05,9.797879999995e-06,1.219210999999e-05
13.43000000,-3.193979000005e-06,-1.650001000011e-06,-1.336437000010e-06,1.077299999902e-07,1.050789999998e-06,1.651061999999e-05,9.820779999989e-06,1.118750000000e-05
13.44000000,-3.680310000087e-07,-2.365890000022e-07,-1.490813999999e-06,-5.976360000076e-07,1.546139999989e-06,1.636045999999e-05,9.836680000000e-06,1.031351000000e-05
13.45000000,2.309950000001e-06,1.095039999996e-06,-1.624974000011e-06,-1.235641000005e-06,2.015649999992e-06,1.621733000000e-05,9.845279999990e-06,9.594160000001e-06
13.46000000,4.784989999992e-06,2.309899999997e-06,-1.731595000012e-06,-1.785061000001e-06,2.448419999995e-06,1.608481000000e-05,9.846609999989e-06,9.044229999991e-06
13.47000000,7.005479999989e-06,3.376069999991e-06,-1.804853000012e-06,-2.227207000008e-06,2.834859999995e-06,1.596579999999e-05,9.840909999989e-06,8.666979999988e-06
13.48000000,8.925629999990e-06,4.265849999990e-06,-1.840289000007e-06,-2.550672000001e-06,3.166739999991e-06,1.586300999999e-05,9.828849999990e-06,8.459049999993e-06
13.49000000,1.050600999999e-05,4.955660000000e-06,-1.835057999999e-06,-2.751667000006e-06,3.437519999996e-06,1.577866999999e-05,9.811509999999e-06,8.416370000000e-06
13.50000000,1.171790000000e-05,5.433579999992e-06,-1.788498000005e-06,-2.829593000006e-06,3.642439999993e-06,1.571447000000e-05,9.790239999988e-06,8.530869999995e-06
13.51000000,1.254874999999e-05,5.698429999992e-06,-1.701239000007e-06,-2.782877999999e-06,3.778669999996e-06,1.567173000000e-05,9.766559999999e-06,8.785819999996e-06
13.52000000,1.300359999999e-05,5.747139999998e-06,-1.570714000004e-06,-2.618424000012e-06,3.845409999995e-06,1.565124000000e-05,9.742109999988e-06,9.169179999990e-06
13.53000000,1.307937999999e-05,5.577789999989e-06,-1.402100000006e-06,-2.341328000005e-06,3.843810000001e-06,1.565313000000e-05,9.718549999996e-06,9.658919999989e-06
13.54000000,1.277256000000e-05,5.195219999990e-06,-1.201437000012e-06,-1.962194000005e-06,3.776959999993e-06,1.567695999999e-05,9.697529999991e-06,1.022336999999e-05
13.55000000,1.208683999999e-05,4.601930000001e-06,-9.740090000099e-07,-1.496617000010e-06,3.649869999997e-06,1.572186000000e-05,9.680569999990e-06,1.083132999999e-05
13.56000000,1.102434000000e-05,3.815369999993e-06,-7.255810000051e-07,-9.653720000058e-07,3.469339999992e-06,1.578592000000e-05,9.668889999995e-06,1.145072000000e-05
13.57000000,9.613919999998e-06,2.862959999989e-06,-4.615150000081e-07,-3.909009999997e-07,3.243609999995e-06,1.586696000000e-05,9.663349999994e-06,1.205157999999e-05
13.58000000,7.897159999992e-06,1.772899999988e-06,-1.875690000125e-07,2.049700000006e-07,2.982339999999e-06,1.596187000000e-05,9.664329999992e-06,1.260514000000e-05
13.59000000,5.917549999998e-06,5.782399999932e-07,8.955999999949e-08,7.999899999944e-07,2.695939999992e-06,1.606758000000e-05,9.671749999995e-06,1.308422999999e-05
13.60000000,3.724819999995e-06,-6.865570000014e-07,3.637499999959e-07,1.372119999996e-06,2.395949999998e-06,1.618046000000e-05,9.685050000000e-06,1.347015000000e-05
13.61000000,1.372209999989e-06,-1.984690000012e-06,6.293399999885e-07,1.900959999995e-06,2.094659999993e-06,1.629658999999e-05,9.703239999992e-06,1.374909999999e-05
13.62000000,-1.083624000003e-06,-3.279497000006e-06,8.812500000011e-07,2.367859999991e-06,1.804289999990e-06,1.641157000000e-05,9.725029999991e-06,1.391438999999e-05
13.63000000,-3.584320000000e-06,-4.533848000005e-06,1.115279999991e-06,2.755889999997e-06,1.536880000000e-06,1.652095999999e-05,9.748859999992e-06,1.395912999999e-05
13.64000000,-6.070763999999e-06,-5.712152000001e-06,1.327949999991e-06,3.051439999999e-06,1.303879999998e-06,1.662034000000e-05,9.773039999994e-06,1.388442000000e-05
13.65000000,-8.484752999999e-06,-6.781311000001e-06,1.516750000000e-06,3.246690000000e-06,1.115529999998e-06,1.670516999999e-05,9.795879999996e-06,1.369992000000e-05
13.66000000,-1.077045100001e-05,-7.710403000002e-06,1.680630000001e-06,3.341219999994e-06,9.806699999976e-07,1.677136000000e-05,9.815799999993e-06,1.341541000000e-05
13.67000000,-1.287502200001e-05,-8.473429000011e-06,1.819099999995e-06,3.330529999998e-06,9.061099999902e-07,1.681481999999e-05,9.831459999998e-06,1.304347999999e-05
13.68000000,-1.475072200001e-05,-9.049166000002e-06,1.931759999990e-06,3.215779999996e-06,8.969599999964e-07,1.683223000000e-05,9.841769999991e-06,1.260307999999e-05
13.69000000,-1.635540300000e-05,-9.429475000003e-06,2.019280000001e-06,2.999369999993e-06,9.561499999949e-07,1.682080000000e-05,9.845979999992e-06,1.211967999999e-05
13.70000000,-1.765438300000e-05,-9.613562000008e-06,2.082959999997e-06,2.684559999994e-06,1.084179999999e-06,1.677840000000e-05,9.843669999995e-06,1.162060000000e-05
13.71000000,-1.862246300001e-05,-9.596036000009e-06,2.127219999995e-06,2.279459999990e-06,1.279339999993e-06,1.670429999999e-05,9.834599999994e-06,1.113290999999e-05
13.72000000,-1.925301700001e-05,-9.379636000006e-06,2.155249999997e-06,1.797409999990e-06,1.537969999993e-06,1.659978999999e-05,9.818900000000e-06,1.068321999999e-05
13.73000000,-1.954839900001e-05,-8.966109000003e-06,2.169929999990e-06,1.252959999989e-06,1.854519999997e-06,1.646581999999e-05,9.796859999994e-06,1.029797999999e-05
13.74000000,-1.949982300001e-05,-8.362122000005e-06,2.174429999988e-06,6.620399999879e-07,2.221339999997e-06,1.630350000000e-05,9.768869999996e-06,9.998089999991e-06
13.75000000,-1.911082400001e-05,-7.588242000006e-06,2.171799999992e-06,4.136999999516e-08,2.629069999996e-06,1.611456999999e-05,9.735409999989e-06,9.798179999992e-06
13.76000000,-1.838045300001e-05,-6.671006000006e-06,2.164759999992e-06,-5.916860000010e-07,3.066769999990e-06,1.590144999999e-05,9.696839999990e-06,9.708979999995e-06
13.77000000,-1.731828900001e-05,-5.637652000012e-06,2.155489999989e-06,-1.219827000007e-06,3.522199999995e-06,1.566712999999e-05,9.653389999989e-06,9.742349999994e-06
13.78000000,-1.595537300000e-05,-4.520108000006e-06,2.145649999993e-06,-1.826361000004e-06,3.982249999993e-06,1.541507000000e-05,9.605179999997e-06,9.899189999996e-06
13.79000000,-1.432897200000e-05,-3.350950000008e-06,2.136299999997e-06,-2.395140000000e-06,4.433209999988e-06,1.514916999999e-05,9.552139999994e-06,1.017762000000e-05
13.80000000,-1.247982100000e-05,-2.164593000009e-06,2.127859999992e-06,-2.911470000005e-06,4.861219999999e-06,1.487354999999e-05,9.494099999993e-06,1.057388999999e-05
13.81000000,-1.045352000001e-05,-9.948910000002e-07,2.119889999999e-06,-3.361633000007e-06,5.252720000001e-06,1.459253000000e-05,9.430809999988e-06,1.107792999999e-05
13.82000000,-8.298504000012e-06,1.249700000011e-07,2.110889999990e-06,-3.734599000008e-06,5.595040000000e-06,1.431044000000e-05,9.362020000001e-06,1.167175000000e-05
13.83000000,-6.065747000003e-06,1.163459999995e-06,2.099770000000e-06,-4.022504000001e-06,5.876579999994e-06,1.403150000000e-05,9.287509999997e-06,1.233451999999e-05
13.84000000,-3.807469000000e-06,2.092029999998e-06,2.085909999991e-06,-4.223032000011e-06,6.087329999988e-06,1.375984999999e-05,9.207089999991e-06,1.304330999999e-05
13.85000000,-1.576104000006e-06,2.884669999995e-06,2.066469999992e-06,-4.334797000002e-06,6.218939999997e-06,1.349932000000e-05,9.120670000001e-06,1.377274000000e-05
13.86000000,5.767599999956e-07,3.520969999990e-06,2.038849999997e-06,-4.355625999999e-06,6.265280000001e-06,1.325349999999e-05,9.028339999995e-06,1.449709000000e-05
13.87000000,2.601919999998e-06,3.985949999993e-06,2.000599999996e-06,-4.284776999999e-06,6.222569999992e-06,1.302575999999e-05,8.930269999999e-06,1.519089999999e-05
13.88000000,4.452469999999e-06,4.277529999999e-06,1.949309999999e-06,-4.126502000004e-06,6.089479999999e-06,1.281903000000e-05,8.826599999998e-06,1.582956000000e-05
13.89000000,6.086379999992e-06,4.396819999988e-06,1.882839999995e-06,-3.883343000000e-06,5.868159999992e-06,1.263591999999e-05,8.717659999991e-06,1.639068999999e-05
13.90000000,7.465759999992e-06,4.341709999994e-06,1.799409999989e-06,-3.558287000008e-06,5.562689999988e-06,1.247880999999e-05,8.603939999990e-06,1.685461999999e-05
13.91000000,8.561569999996e-06,4.118979999995e-06,1.698029999997e-06,-3.160924000004e-06,5.179489999993e-06,1.234971000000e-05,8.485849999990e-06,1.720735999999e-05
13.92000000,9.352539999993e-06,3.733529999994e-06,1.578239999994e-06,-2.703794000011e-06,4.727599999990e-06,1.225041000000e-05,8.363769999992e-06,1.744306000000e-05
13.93000000,9.837599999993e-06,3.195469999995e-06,1.440309999989e-06,-2.200118000006e-06,4.218340000001e-06,1.218240999999e-05,8.238019999995e-06,1.755900000000e-05
13.94000000,1.001887999999e-05,2.526269999997e-06,1.285569999995e-06,-1.664519000008e-06,3.664759999994e-06,1.214651999999e-05,8.108889999997e-06,1.755171999999e-05
13.95000000,9.887919999993e-06,1.752009999995e-06,1.115819999994e-06,-1.112080000004e-06,3.081779999997e-06,1.214327999999e-05,7.976559999998e-06,1.742544000000e-05
13.96000000,9.452049999997e-06,8.992999999957e-07,9.339499999900e-07,-5.585320000112e-07,2.485409999989e-06,1.217269999999e-05,7.841049999999e-06,1.718561000000e-05
13.97000000,8.709489999995e-06,-2.312000008109e-09,7.445199999984e-07,-1.938900000276e-08,1.891359999992e-06,1.223424999999e-05,7.702350000000e-06,1.683785999999e-05
13.98000000,7.675589999992e-06,-9.234650000106e-07,5.529299999946e-07,4.900799999985e-07,1.315689999989e-06,1.232648999999e-05,7.560640000001e-06,1.639498000000e-05
13.99000000,6.384839999998e-06,-1.833657000003e-06,3.655499999922e-07,9.559399999914e-07,7.743799999987e-07,1.244732000000e-05,7.415969999994e-06,1.587664000000e-05
14.00000000,4.871929999997e-06,-2.703728000000e-06,1.884199999913e-07,1.365149999988e-06,2.824899999893e-07,1.259363999999e-05,7.268450000000e-06,1.530198999999e-05
