# Location 0      : (5.0000010000e+00 5.0000000000e-03 1.0000000000e-06)
# Location 1      : (5.5000010000e+00 5.0000000000e-03 1.0000000000e-06)
# Location 2      : (6.0000010000e+00 5.0000000000e-03 1.0000000000e-06)
# Location 3      : (6.5000010000e+00 5.0000000000e-03 1.0000000000e-06)
# Location 4      : (6.9937500000e+00 5.0000000000e-03 1.0000000000e-06)
# Location 5      : (8.0062500000e+00 5.0000000000e-03 1.0000000000e-06)
# Location 6      : (9.0000010000e+00 5.0000000000e-03 1.0000000000e-06)
# Location 7      : (1.0200001000e+01 5.0000000000e-03 1.0000000000e-06)
# p               : Interface position
# Location        0                                                          1                                                          2                                                          3                                                          4                                                          5                                                          6                                                          7                                                          
# Time            p                                                          p                                                          p                                                          p                                                          p                                                          p                                                          p                                                          p                                                          
0.01	(5.0000010000e+00   5.0000000000e-03   1.0000042015e-01  ) (5.5000010000e+00   5.0000000000e-03   1.0000003132e-01  ) (6.0000010000e+00   5.0000000000e-03   1.0000000236e-01  ) (6.5000010000e+00   5.0000000000e-03   1.0000000017e-01  ) (6.9937500000e+00   5.0000000000e-03   9.9999998035e-02  ) (8.0062500000e+00   5.0000000000e-03   9.9999999788e-02  ) (9.0000010000e+00   5.0000000000e-03   1.0000000013e-01  ) (1.0200001000e+01   5.0000000000e-03   1.0000000000e-01  ) 
0.02	(5.0000010000e+00   5.0000000000e-03   1.0000044548e-01  ) (5.5000010000e+00   5.0000000000e-03   1.0000003323e-01  ) (6.0000010000e+00   5.0000000000e-03   1.0000000253e-01  ) (6.5000010000e+00   5.0000000000e-03   1.0000000018e-01  ) (6.9937500000e+00   5.0000000000e-03   9.9999996696e-02  ) (8.0062500000e+00   5.0000000000e-03   9.9999999907e-02  ) (9.0000010000e+00   5.0000000000e-03   1.0000000025e-01  ) (1.0200001000e+01   5.0000000000e-03   9.9999999999e-02  ) 
0.03	(5.0000010000e+00   5.0000000000e-03   1.0000047132e-01  ) (5.5000010000e+00   5.0000000000e-03   1.0000003518e-01  ) (6.0000010000e+00   5.0000000000e-03   1.0000000271e-01  ) (6.5000010000e+00   5.0000000000e-03   1.0000000019e-01  ) (6.9937500000e+00   5.0000000000e-03   9.9999995648e-02  ) (8.0062500000e+00   5.0000000000e-03   9.9999999974e-02  ) (9.0000010000e+00   5.0000000000e-03   1.0000000038e-01  ) (1.0200001000e+01   5.0000000000e-03   1.0000000000e-01  ) 
0.04	(5.0000010000e+00   5.0000000000e-03   1.0000049814e-01  ) (5.5000010000e+00   5.0000000000e-03   1.0000003720e-01  ) (6.0000010000e+00   5.0000000000e-03   1.0000000290e-01  ) (6.5000010000e+00   5.0000000000e-03   1.0000000020e-01  ) (6.9937500000e+00   5.0000000000e-03   9.9999994900e-02  ) (8.0062500000e+00   5.0000000000e-03   1.0000000006e-01  ) (9.0000010000e+00   5.0000000000e-03   1.0000000051e-01  ) (1.0200001000e+01   5.0000000000e-03   1.0000000000e-01  ) 
0.05	(5.0000010000e+00   5.0000000000e-03   1.0000052624e-01  ) (5.5000010000e+00   5.0000000000e-03   1.0000003931e-01  ) (6.0000010000e+00   5.0000000000e-03   1.0000000309e-01  ) (6.5000010000e+00   5.0000000000e-03   1.0000000022e-01  ) (6.9937500000e+00   5.0000000000e-03   9.9999994519e-02  ) (8.0062500000e+00   5.0000000000e-03   1.0000000015e-01  ) (9.0000010000e+00   5.0000000000e-03   1.0000000065e-01  ) (1.0200001000e+01   5.0000000000e-03   1.0000000000e-01  ) 
0.06	(5.0000010000e+00   5.0000000000e-03   1.0000055577e-01  ) (5.5000010000e+00   5.0000000000e-03   1.0000004153e-01  ) (6.0000010000e+00   5.0000000000e-03   1.0000000329e-01  ) (6.5000010000e+00   5.0000000000e-03   1.0000000023e-01  ) (6.9937500000e+00   5.0000000000e-03   9.9999994482e-02  ) (8.0062500000e+00   5.0000000000e-03   1.0000000025e-01  ) (9.0000010000e+00   5.0000000000e-03   1.0000000077e-01  ) (1.0200001000e+01   5.0000000000e-03   1.0000000000e-01  ) 
0.07	(5.0000010000e+00   5.0000000000e-03   1.0000058684e-01  ) (5.5000010000e+00   5.0000000000e-03   1.0000004386e-01  ) (6.0000010000e+00   5.0000000000e-03   1.0000000350e-01  ) (6.5000010000e+00   5.0000000000e-03   1.0000000024e-01  ) (6.9937500000e+00   5.0000000000e-03   9.9999994732e-02  ) (8.0062500000e+00   5.0000000000e-03   1.0000000036e-01  ) (9.0000010000e+00   5.0000000000e-03   1.0000000086e-01  ) (1.0200001000e+01   5.0000000000e-03   1.0000000000e-01  ) 
0.08	(5.0000010000e+00   5.0000000000e-03   1.0000061954e-01  ) (5.5000010000e+00   5.0000000000e-03   1.0000004631e-01  ) (6.0000010000e+00   5.0000000000e-03   1.0000000372e-01  ) (6.5000010000e+00   5.0000000000e-03   1.0000000026e-01  ) (6.9937500000e+00   5.0000000000e-03   9.9999995224e-02  ) (8.0062500000e+00   5.0000000000e-03   1.0000000047e-01  ) (9.0000010000e+00   5.0000000000e-03   1.0000000092e-01  ) (1.0200001000e+01   5.0000000000e-03   1.0000000000e-01  ) 
0.09	(5.0000010000e+00   5.0000000000e-03   1.0000065401e-01  ) (5.5000010000e+00   5.0000000000e-03   1.0000004888e-01  ) (6.0000010000e+00   5.0000000000e-03   1.0000000394e-01  ) (6.5000010000e+00   5.0000000000e-03   1.0000000027e-01  ) (6.9937500000e+00   5.0000000000e-03   9.9999995904e-02  ) (8.0062500000e+00   5.0000000000e-03   1.0000000059e-01  ) (9.0000010000e+00   5.0000000000e-03   1.0000000094e-01  ) (1.0200001000e+01   5.0000000000e-03   1.0000000000e-01  ) 
0.1	(5.0000010000e+00   5.0000000000e-03   1.0000069034e-01  ) (5.5000010000e+00   5.0000000000e-03   1.0000005160e-01  ) (6.0000010000e+00   5.0000000000e-03   1.0000000418e-01  ) (6.5000010000e+00   5.0000000000e-03   1.0000000029e-01  ) (6.9937500000e+00   5.0000000000e-03   9.9999996723e-02  ) (8.0062500000e+00   5.0000000000e-03   1.0000000071e-01  ) (9.0000010000e+00   5.0000000000e-03   1.0000000090e-01  ) (1.0200001000e+01   5.0000000000e-03   1.0000000000e-01  ) 
0.11	(5.0000010000e+00   5.0000000000e-03   1.0000072865e-01  ) (5.5000010000e+00   5.0000000000e-03   1.0000005446e-01  ) (6.0000010000e+00   5.0000000000e-03   1.0000000443e-01  ) (6.5000010000e+00   5.0000000000e-03   1.0000000030e-01  ) (6.9937500000e+00   5.0000000000e-03   9.9999997620e-02  ) (8.0062500000e+00   5.0000000000e-03   1.0000000082e-01  ) (9.0000010000e+00   5.0000000000e-03   1.0000000081e-01  ) (1.0200001000e+01   5.0000000000e-03   1.0000000001e-01  ) 
0.12	(5.0000010000e+00   5.0000000000e-03   1.0000076907e-01  ) (5.5000010000e+00   5.0000000000e-03   1.0000005748e-01  ) (6.0000010000e+00   5.0000000000e-03   1.0000000468e-01  ) (6.5000010000e+00   5.0000000000e-03   1.0000000032e-01  ) (6.9937500000e+00   5.0000000000e-03   9.9999998524e-02  ) (8.0062500000e+00   5.0000000000e-03   1.0000000091e-01  ) (9.0000010000e+00   5.0000000000e-03   1.0000000065e-01  ) (1.0200001000e+01   5.0000000000e-03   1.0000000001e-01  ) 
0.13	(5.0000010000e+00   5.0000000000e-03   1.0000081172e-01  ) (5.5000010000e+00   5.0000000000e-03   1.0000006067e-01  ) (6.0000010000e+00   5.0000000000e-03   1.0000000495e-01  ) (6.5000010000e+00   5.0000000000e-03   1.0000000034e-01  ) (6.9937500000e+00   5.0000000000e-03   9.9999999371e-02  ) (8.0062500000e+00   5.0000000000e-03   1.0000000099e-01  ) (9.0000010000e+00   5.0000000000e-03   1.0000000043e-01  ) (1.0200001000e+01   5.0000000000e-03   1.0000000001e-01  ) 
0.14	(5.0000010000e+00   5.0000000000e-03   1.0000085673e-01  ) (5.5000010000e+00   5.0000000000e-03   1.0000006403e-01  ) (6.0000010000e+00   5.0000000000e-03   1.0000000522e-01  ) (6.5000010000e+00   5.0000000000e-03   1.0000000036e-01  ) (6.9937500000e+00   5.0000000000e-03   1.0000000011e-01  ) (8.0062500000e+00   5.0000000000e-03   1.0000000102e-01  ) (9.0000010000e+00   5.0000000000e-03   1.0000000016e-01  ) (1.0200001000e+01   5.0000000000e-03   1.0000000001e-01  ) 
0.15	(5.0000010000e+00   5.0000000000e-03   1.0000090423e-01  ) (5.5000010000e+00   5.0000000000e-03   1.0000006757e-01  ) (6.0000010000e+00   5.0000000000e-03   1.0000000551e-01  ) (6.5000010000e+00   5.0000000000e-03   1.0000000038e-01  ) (6.9937500000e+00   5.0000000000e-03   1.0000000070e-01  ) (8.0062500000e+00   5.0000000000e-03   1.0000000102e-01  ) (9.0000010000e+00   5.0000000000e-03   9.9999999839e-02  ) (1.0200001000e+01   5.0000000000e-03   1.0000000001e-01  ) 
0.16	(5.0000010000e+00   5.0000000000e-03   1.0000095436e-01  ) (5.5000010000e+00   5.0000000000e-03   1.0000007131e-01  ) (6.0000010000e+00   5.0000000000e-03   1.0000000580e-01  ) (6.5000010000e+00   5.0000000000e-03   1.0000000041e-01  ) (6.9937500000e+00   5.0000000000e-03   1.0000000114e-01  ) (8.0062500000e+00   5.0000000000e-03   1.0000000095e-01  ) (9.0000010000e+00   5.0000000000e-03   9.9999999483e-02  ) (1.0200001000e+01   5.0000000000e-03   1.0000000002e-01  ) 
0.17	(5.0000010000e+00   5.0000000000e-03   1.0000100728e-01  ) (5.5000010000e+00   5.0000000000e-03   1.0000007527e-01  ) (6.0000010000e+00   5.0000000000e-03   1.0000000610e-01  ) (6.5000010000e+00   5.0000000000e-03   1.0000000043e-01  ) (6.9937500000e+00   5.0000000000e-03   1.0000000142e-01  ) (8.0062500000e+00   5.0000000000e-03   1.0000000083e-01  ) (9.0000010000e+00   5.0000000000e-03   9.9999999114e-02  ) (1.0200001000e+01   5.0000000000e-03   1.0000000002e-01  ) 
0.18	(5.0000010000e+00   5.0000000000e-03   1.0000106313e-01  ) (5.5000010000e+00   5.0000000000e-03   1.0000007944e-01  ) (6.0000010000e+00   5.0000000000e-03   1.0000000641e-01  ) (6.5000010000e+00   5.0000000000e-03   1.0000000046e-01  ) (6.9937500000e+00   5.0000000000e-03   1.0000000156e-01  ) (8.0062500000e+00   5.0000000000e-03   1.0000000064e-01  ) (9.0000010000e+00   5.0000000000e-03   9.9999998752e-02  ) (1.0200001000e+01   5.0000000000e-03   1.0000000002e-01  ) 
0.19	(5.0000010000e+00   5.0000000000e-03   1.0000112209e-01  ) (5.5000010000e+00   5.0000000000e-03   1.0000008384e-01  ) (6.0000010000e+00   5.0000000000e-03   1.0000000672e-01  ) (6.5000010000e+00   5.0000000000e-03   1.0000000049e-01  ) (6.9937500000e+00   5.0000000000e-03   1.0000000156e-01  ) (8.0062500000e+00   5.0000000000e-03   1.0000000038e-01  ) (9.0000010000e+00   5.0000000000e-03   9.9999998424e-02  ) (1.0200001000e+01   5.0000000000e-03   1.0000000002e-01  ) 
0.2	(5.0000010000e+00   5.0000000000e-03   1.0000118432e-01  ) (5.5000010000e+00   5.0000000000e-03   1.0000008848e-01  ) (6.0000010000e+00   5.0000000000e-03   1.0000000704e-01  ) (6.5000010000e+00   5.0000000000e-03   1.0000000052e-01  ) (6.9937500000e+00   5.0000000000e-03   1.0000000145e-01  ) (8.0062500000e+00   5.0000000000e-03   1.0000000005e-01  ) (9.0000010000e+00   5.0000000000e-03   9.9999998162e-02  ) (1.0200001000e+01   5.0000000000e-03   1.0000000003e-01  ) 
0.21	(5.0000010000e+00   5.0000000000e-03   1.0000125000e-01  ) (5.5000010000e+00   5.0000000000e-03   1.0000009339e-01  ) (6.0000010000e+00   5.0000000000e-03   1.0000000736e-01  ) (6.5000010000e+00   5.0000000000e-03   1.0000000055e-01  ) (6.9937500000e+00   5.0000000000e-03   1.0000000124e-01  ) (8.0062500000e+00   5.0000000000e-03   9.9999999664e-02  ) (9.0000010000e+00   5.0000000000e-03   9.9999997991e-02  ) (1.0200001000e+01   5.0000000000e-03   1.0000000003e-01  ) 
0.22	(5.0000010000e+00   5.0000000000e-03   1.0000131934e-01  ) (5.5000010000e+00   5.0000000000e-03   1.0000009856e-01  ) (6.0000010000e+00   5.0000000000e-03   1.0000000769e-01  ) (6.5000010000e+00   5.0000000000e-03   1.0000000058e-01  ) (6.9937500000e+00   5.0000000000e-03   1.0000000095e-01  ) (8.0062500000e+00   5.0000000000e-03   9.9999999240e-02  ) (9.0000010000e+00   5.0000000000e-03   9.9999997929e-02  ) (1.0200001000e+01   5.0000000000e-03   1.0000000004e-01  ) 
0.23	(5.0000010000e+00   5.0000000000e-03   1.0000139252e-01  ) (5.5000010000e+00   5.0000000000e-03   1.0000010403e-01  ) (6.0000010000e+00   5.0000000000e-03   1.0000000803e-01  ) (6.5000010000e+00   5.0000000000e-03   1.0000000062e-01  ) (6.9937500000e+00   5.0000000000e-03   1.0000000062e-01  ) (8.0062500000e+00   5.0000000000e-03   9.9999998796e-02  ) (9.0000010000e+00   5.0000000000e-03   9.9999997989e-02  ) (1.0200001000e+01   5.0000000000e-03   1.0000000004e-01  ) 
0.24	(5.0000010000e+00   5.0000000000e-03   1.0000146977e-01  ) (5.5000010000e+00   5.0000000000e-03   1.0000010980e-01  ) (6.0000010000e+00   5.0000000000e-03   1.0000000837e-01  ) (6.5000010000e+00   5.0000000000e-03   1.0000000066e-01  ) (6.9937500000e+00   5.0000000000e-03   1.0000000027e-01  ) (8.0062500000e+00   5.0000000000e-03   9.9999998357e-02  ) (9.0000010000e+00   5.0000000000e-03   9.9999998179e-02  ) (1.0200001000e+01   5.0000000000e-03   1.0000000005e-01  ) 
0.25	(5.0000010000e+00   5.0000000000e-03   1.0000155131e-01  ) (5.5000010000e+00   5.0000000000e-03   1.0000011588e-01  ) (6.0000010000e+00   5.0000000000e-03   1.0000000871e-01  ) (6.5000010000e+00   5.0000000000e-03   1.0000000070e-01  ) (6.9937500000e+00   5.0000000000e-03   9.9999999926e-02  ) (8.0062500000e+00   5.0000000000e-03   9.9999997953e-02  ) (9.0000010000e+00   5.0000000000e-03   9.9999998492e-02  ) (1.0200001000e+01   5.0000000000e-03   1.0000000005e-01  ) 
0.26	(5.0000010000e+00   5.0000000000e-03   1.0000163737e-01  ) (5.5000010000e+00   5.0000000000e-03   1.0000012231e-01  ) (6.0000010000e+00   5.0000000000e-03   1.0000000907e-01  ) (6.5000010000e+00   5.0000000000e-03   1.0000000074e-01  ) (6.9937500000e+00   5.0000000000e-03   9.9999999617e-02  ) (8.0062500000e+00   5.0000000000e-03   9.9999997613e-02  ) (9.0000010000e+00   5.0000000000e-03   9.9999998912e-02  ) (1.0200001000e+01   5.0000000000e-03   1.0000000006e-01  ) 
0.27	(5.0000010000e+00   5.0000000000e-03   1.0000172821e-01  ) (5.5000010000e+00   5.0000000000e-03   1.0000012909e-01  ) (6.0000010000e+00   5.0000000000e-03   1.0000000944e-01  ) (6.5000010000e+00   5.0000000000e-03   1.0000000079e-01  ) (6.9937500000e+00   5.0000000000e-03   9.9999999355e-02  ) (8.0062500000e+00   5.0000000000e-03   9.9999997368e-02  ) (9.0000010000e+00   5.0000000000e-03   9.9999999412e-02  ) (1.0200001000e+01   5.0000000000e-03   1.0000000006e-01  ) 
0.28	(5.0000010000e+00   5.0000000000e-03   1.0000182409e-01  ) (5.5000010000e+00   5.0000000000e-03   1.0000013625e-01  ) (6.0000010000e+00   5.0000000000e-03   1.0000000982e-01  ) (6.5000010000e+00   5.0000000000e-03   1.0000000083e-01  ) (6.9937500000e+00   5.0000000000e-03   9.9999999150e-02  ) (8.0062500000e+00   5.0000000000e-03   9.9999997247e-02  ) (9.0000010000e+00   5.0000000000e-03   9.9999999959e-02  ) (1.0200001000e+01   5.0000000000e-03   1.0000000007e-01  ) 
0.29	(5.0000010000e+00   5.0000000000e-03   1.0000192530e-01  ) (5.5000010000e+00   5.0000000000e-03   1.0000014380e-01  ) (6.0000010000e+00   5.0000000000e-03   1.0000001023e-01  ) (6.5000010000e+00   5.0000000000e-03   1.0000000088e-01  ) (6.9937500000e+00   5.0000000000e-03   9.9999999012e-02  ) (8.0062500000e+00   5.0000000000e-03   9.9999997270e-02  ) (9.0000010000e+00   5.0000000000e-03   1.0000000051e-01  ) (1.0200001000e+01   5.0000000000e-03   1.0000000008e-01  ) 
0.3	(5.0000010000e+00   5.0000000000e-03   1.0000203212e-01  ) (5.5000010000e+00   5.0000000000e-03   1.0000015177e-01  ) (6.0000010000e+00   5.0000000000e-03   1.0000001066e-01  ) (6.5000010000e+00   5.0000000000e-03   1.0000000094e-01  ) (6.9937500000e+00   5.0000000000e-03   9.9999998947e-02  ) (8.0062500000e+00   5.0000000000e-03   9.9999997454e-02  ) (9.0000010000e+00   5.0000000000e-03   1.0000000104e-01  ) (1.0200001000e+01   5.0000000000e-03   1.0000000008e-01  ) 
0.31	(5.0000010000e+00   5.0000000000e-03   1.0000214486e-01  ) (5.5000010000e+00   5.0000000000e-03   1.0000016019e-01  ) (6.0000010000e+00   5.0000000000e-03   1.0000001113e-01  ) (6.5000010000e+00   5.0000000000e-03   1.0000000099e-01  ) (6.9937500000e+00   5.0000000000e-03   9.9999998951e-02  ) (8.0062500000e+00   5.0000000000e-03   9.9999997796e-02  ) (9.0000010000e+00   5.0000000000e-03   1.0000000149e-01  ) (1.0200001000e+01   5.0000000000e-03   1.0000000009e-01  ) 
0.32	(5.0000010000e+00   5.0000000000e-03   1.0000226386e-01  ) (5.5000010000e+00   5.0000000000e-03   1.0000016907e-01  ) (6.0000010000e+00   5.0000000000e-03   1.0000001164e-01  ) (6.5000010000e+00   5.0000000000e-03   1.0000000105e-01  ) (6.9937500000e+00   5.0000000000e-03   9.9999999016e-02  ) (8.0062500000e+00   5.0000000000e-03   9.9999998286e-02  ) (9.0000010000e+00   5.0000000000e-03   1.0000000184e-01  ) (1.0200001000e+01   5.0000000000e-03   1.0000000010e-01  ) 
0.33	(5.0000010000e+00   5.0000000000e-03   1.0000238945e-01  ) (5.5000010000e+00   5.0000000000e-03   1.0000017844e-01  ) (6.0000010000e+00   5.0000000000e-03   1.0000001221e-01  ) (6.5000010000e+00   5.0000000000e-03   1.0000000111e-01  ) (6.9937500000e+00   5.0000000000e-03   9.9999999127e-02  ) (8.0062500000e+00   5.0000000000e-03   9.9999998897e-02  ) (9.0000010000e+00   5.0000000000e-03   1.0000000207e-01  ) (1.0200001000e+01   5.0000000000e-03   1.0000000011e-01  ) 
0.34	(5.0000010000e+00   5.0000000000e-03   1.0000252202e-01  ) (5.5000010000e+00   5.0000000000e-03   1.0000018833e-01  ) (6.0000010000e+00   5.0000000000e-03   1.0000001284e-01  ) (6.5000010000e+00   5.0000000000e-03   1.0000000117e-01  ) (6.9937500000e+00   5.0000000000e-03   9.9999999267e-02  ) (8.0062500000e+00   5.0000000000e-03   9.9999999601e-02  ) (9.0000010000e+00   5.0000000000e-03   1.0000000216e-01  ) (1.0200001000e+01   5.0000000000e-03   1.0000000011e-01  ) 
0.35	(5.0000010000e+00   5.0000000000e-03   1.0000266194e-01  ) (5.5000010000e+00   5.0000000000e-03   1.0000019877e-01  ) (6.0000010000e+00   5.0000000000e-03   1.0000001354e-01  ) (6.5000010000e+00   5.0000000000e-03   1.0000000124e-01  ) (6.9937500000e+00   5.0000000000e-03   9.9999999421e-02  ) (8.0062500000e+00   5.0000000000e-03   1.0000000035e-01  ) (9.0000010000e+00   5.0000000000e-03   1.0000000211e-01  ) (1.0200001000e+01   5.0000000000e-03   1.0000000012e-01  ) 
0.36	(5.0000010000e+00   5.0000000000e-03   1.0000280962e-01  ) (5.5000010000e+00   5.0000000000e-03   1.0000020979e-01  ) (6.0000010000e+00   5.0000000000e-03   1.0000001433e-01  ) (6.5000010000e+00   5.0000000000e-03   1.0000000131e-01  ) (6.9937500000e+00   5.0000000000e-03   9.9999999572e-02  ) (8.0062500000e+00   5.0000000000e-03   1.0000000110e-01  ) (9.0000010000e+00   5.0000000000e-03   1.0000000193e-01  ) (1.0200001000e+01   5.0000000000e-03   1.0000000013e-01  ) 
0.37	(5.0000010000e+00   5.0000000000e-03   1.0000296550e-01  ) (5.5000010000e+00   5.0000000000e-03   1.0000022142e-01  ) (6.0000010000e+00   5.0000000000e-03   1.0000001523e-01  ) (6.5000010000e+00   5.0000000000e-03   1.0000000138e-01  ) (6.9937500000e+00   5.0000000000e-03   9.9999999707e-02  ) (8.0062500000e+00   5.0000000000e-03   1.0000000180e-01  ) (9.0000010000e+00   5.0000000000e-03   1.0000000164e-01  ) (1.0200001000e+01   5.0000000000e-03   1.0000000014e-01  ) 
0.38	(5.0000010000e+00   5.0000000000e-03   1.0000313004e-01  ) (5.5000010000e+00   5.0000000000e-03   1.0000023369e-01  ) (6.0000010000e+00   5.0000000000e-03   1.0000001622e-01  ) (6.5000010000e+00   5.0000000000e-03   1.0000000146e-01  ) (6.9937500000e+00   5.0000000000e-03   9.9999999818e-02  ) (8.0062500000e+00   5.0000000000e-03   1.0000000238e-01  ) (9.0000010000e+00   5.0000000000e-03   1.0000000127e-01  ) (1.0200001000e+01   5.0000000000e-03   1.0000000014e-01  ) 
0.39	(5.0000010000e+00   5.0000000000e-03   1.0000330371e-01  ) (5.5000010000e+00   5.0000000000e-03   1.0000024665e-01  ) (6.0000010000e+00   5.0000000000e-03   1.0000001734e-01  ) (6.5000010000e+00   5.0000000000e-03   1.0000000154e-01  ) (6.9937500000e+00   5.0000000000e-03   9.9999999900e-02  ) (8.0062500000e+00   5.0000000000e-03   1.0000000282e-01  ) (9.0000010000e+00   5.0000000000e-03   1.0000000082e-01  ) (1.0200001000e+01   5.0000000000e-03   1.0000000015e-01  ) 
0.4	(5.0000010000e+00   5.0000000000e-03   1.0000348703e-01  ) (5.5000010000e+00   5.0000000000e-03   1.0000026032e-01  ) (6.0000010000e+00   5.0000000000e-03   1.0000001857e-01  ) (6.5000010000e+00   5.0000000000e-03   1.0000000162e-01  ) (6.9937500000e+00   5.0000000000e-03   9.9999999949e-02  ) (8.0062500000e+00   5.0000000000e-03   1.0000000307e-01  ) (9.0000010000e+00   5.0000000000e-03   1.0000000033e-01  ) (1.0200001000e+01   5.0000000000e-03   1.0000000016e-01  ) 
0.41	(5.0000010000e+00   5.0000000000e-03   1.0000368054e-01  ) (5.5000010000e+00   5.0000000000e-03   1.0000027476e-01  ) (6.0000010000e+00   5.0000000000e-03   1.0000001991e-01  ) (6.5000010000e+00   5.0000000000e-03   1.0000000171e-01  ) (6.9937500000e+00   5.0000000000e-03   9.9999999965e-02  ) (8.0062500000e+00   5.0000000000e-03   1.0000000313e-01  ) (9.0000010000e+00   5.0000000000e-03   9.9999999844e-02  ) (1.0200001000e+01   5.0000000000e-03   1.0000000016e-01  ) 
0.42	(5.0000010000e+00   5.0000000000e-03   1.0000388481e-01  ) (5.5000010000e+00   5.0000000000e-03   1.0000029000e-01  ) (6.0000010000e+00   5.0000000000e-03   1.0000002137e-01  ) (6.5000010000e+00   5.0000000000e-03   1.0000000180e-01  ) (6.9937500000e+00   5.0000000000e-03   9.9999999951e-02  ) (8.0062500000e+00   5.0000000000e-03   1.0000000299e-01  ) (9.0000010000e+00   5.0000000000e-03   9.9999999390e-02  ) (1.0200001000e+01   5.0000000000e-03   1.0000000017e-01  ) 
0.43	(5.0000010000e+00   5.0000000000e-03   1.0000410043e-01  ) (5.5000010000e+00   5.0000000000e-03   1.0000030609e-01  ) (6.0000010000e+00   5.0000000000e-03   1.0000002292e-01  ) (6.5000010000e+00   5.0000000000e-03   1.0000000189e-01  ) (6.9937500000e+00   5.0000000000e-03   9.9999999915e-02  ) (8.0062500000e+00   5.0000000000e-03   1.0000000265e-01  ) (9.0000010000e+00   5.0000000000e-03   9.9999999003e-02  ) (1.0200001000e+01   5.0000000000e-03   1.0000000017e-01  ) 
0.44	(5.0000010000e+00   5.0000000000e-03   1.0000432803e-01  ) (5.5000010000e+00   5.0000000000e-03   1.0000032308e-01  ) (6.0000010000e+00   5.0000000000e-03   1.0000002457e-01  ) (6.5000010000e+00   5.0000000000e-03   1.0000000199e-01  ) (6.9937500000e+00   5.0000000000e-03   9.9999999863e-02  ) (8.0062500000e+00   5.0000000000e-03   1.0000000212e-01  ) (9.0000010000e+00   5.0000000000e-03   9.9999998708e-02  ) (1.0200001000e+01   5.0000000000e-03   1.0000000017e-01  ) 
0.45	(5.0000010000e+00   5.0000000000e-03   1.0000456829e-01  ) (5.5000010000e+00   5.0000000000e-03   1.0000034101e-01  ) (6.0000010000e+00   5.0000000000e-03   1.0000002629e-01  ) (6.5000010000e+00   5.0000000000e-03   1.0000000209e-01  ) (6.9937500000e+00   5.0000000000e-03   9.9999999804e-02  ) (8.0062500000e+00   5.0000000000e-03   1.0000000145e-01  ) (9.0000010000e+00   5.0000000000e-03   9.9999998518e-02  ) (1.0200001000e+01   5.0000000000e-03   1.0000000017e-01  ) 
0.46	(5.0000010000e+00   5.0000000000e-03   1.0000482191e-01  ) (5.5000010000e+00   5.0000000000e-03   1.0000035995e-01  ) (6.0000010000e+00   5.0000000000e-03   1.0000002806e-01  ) (6.5000010000e+00   5.0000000000e-03   1.0000000220e-01  ) (6.9937500000e+00   5.0000000000e-03   9.9999999747e-02  ) (8.0062500000e+00   5.0000000000e-03   1.0000000068e-01  ) (9.0000010000e+00   5.0000000000e-03   9.9999998446e-02  ) (1.0200001000e+01   5.0000000000e-03   1.0000000017e-01  ) 
0.47	(5.0000010000e+00   5.0000000000e-03   1.0000508963e-01  ) (5.5000010000e+00   5.0000000000e-03   1.0000037994e-01  ) (6.0000010000e+00   5.0000000000e-03   1.0000002987e-01  ) (6.5000010000e+00   5.0000000000e-03   1.0000000231e-01  ) (6.9937500000e+00   5.0000000000e-03   9.9999999700e-02  ) (8.0062500000e+00   5.0000000000e-03   9.9999999877e-02  ) (9.0000010000e+00   5.0000000000e-03   9.9999998492e-02  ) (1.0200001000e+01   5.0000000000e-03   1.0000000017e-01  ) 
0.48	(5.0000010000e+00   5.0000000000e-03   1.0000537222e-01  ) (5.5000010000e+00   5.0000000000e-03   1.0000040105e-01  ) (6.0000010000e+00   5.0000000000e-03   1.0000003170e-01  ) (6.5000010000e+00   5.0000000000e-03   1.0000000242e-01  ) (6.9937500000e+00   5.0000000000e-03   9.9999999666e-02  ) (8.0062500000e+00   5.0000000000e-03   9.9999999082e-02  ) (9.0000010000e+00   5.0000000000e-03   9.9999998642e-02  ) (1.0200001000e+01   5.0000000000e-03   1.0000000017e-01  ) 
0.49	(5.0000010000e+00   5.0000000000e-03   1.0000567052e-01  ) (5.5000010000e+00   5.0000000000e-03   1.0000042335e-01  ) (6.0000010000e+00   5.0000000000e-03   1.0000003353e-01  ) (6.5000010000e+00   5.0000000000e-03   1.0000000254e-01  ) (6.9937500000e+00   5.0000000000e-03   9.9999999652e-02  ) (8.0062500000e+00   5.0000000000e-03   9.9999998357e-02  ) (9.0000010000e+00   5.0000000000e-03   9.9999998880e-02  ) (1.0200001000e+01   5.0000000000e-03   1.0000000017e-01  ) 
0.5	(5.0000010000e+00   5.0000000000e-03   1.0000598539e-01  ) (5.5000010000e+00   5.0000000000e-03   1.0000044689e-01  ) (6.0000010000e+00   5.0000000000e-03   1.0000003536e-01  ) (6.5000010000e+00   5.0000000000e-03   1.0000000266e-01  ) (6.9937500000e+00   5.0000000000e-03   9.9999999659e-02  ) (8.0062500000e+00   5.0000000000e-03   9.9999997750e-02  ) (9.0000010000e+00   5.0000000000e-03   9.9999999183e-02  ) (1.0200001000e+01   5.0000000000e-03   1.0000000016e-01  ) 
0.51	(5.0000010000e+00   5.0000000000e-03   1.0000631776e-01  ) (5.5000010000e+00   5.0000000000e-03   1.0000047174e-01  ) (6.0000010000e+00   5.0000000000e-03   1.0000003717e-01  ) (6.5000010000e+00   5.0000000000e-03   1.0000000279e-01  ) (6.9937500000e+00   5.0000000000e-03   9.9999999686e-02  ) (8.0062500000e+00   5.0000000000e-03   9.9999997309e-02  ) (9.0000010000e+00   5.0000000000e-03   9.9999999524e-02  ) (1.0200001000e+01   5.0000000000e-03   1.0000000015e-01  ) 
0.52	(5.0000010000e+00   5.0000000000e-03   1.0000666858e-01  ) (5.5000010000e+00   5.0000000000e-03   1.0000049799e-01  ) (6.0000010000e+00   5.0000000000e-03   1.0000003898e-01  ) (6.5000010000e+00   5.0000000000e-03   1.0000000293e-01  ) (6.9937500000e+00   5.0000000000e-03   9.9999999730e-02  ) (8.0062500000e+00   5.0000000000e-03   9.9999997058e-02  ) (9.0000010000e+00   5.0000000000e-03   9.9999999872e-02  ) (1.0200001000e+01   5.0000000000e-03   1.0000000014e-01  ) 
0.53	(5.0000010000e+00   5.0000000000e-03   1.0000703888e-01  ) (5.5000010000e+00   5.0000000000e-03   1.0000052571e-01  ) (6.0000010000e+00   5.0000000000e-03   1.0000004079e-01  ) (6.5000010000e+00   5.0000000000e-03   1.0000000307e-01  ) (6.9937500000e+00   5.0000000000e-03   9.9999999786e-02  ) (8.0062500000e+00   5.0000000000e-03   9.9999997009e-02  ) (9.0000010000e+00   5.0000000000e-03   1.0000000020e-01  ) (1.0200001000e+01   5.0000000000e-03   1.0000000013e-01  ) 
0.54	(5.0000010000e+00   5.0000000000e-03   1.0000742973e-01  ) (5.5000010000e+00   5.0000000000e-03   1.0000055497e-01  ) (6.0000010000e+00   5.0000000000e-03   1.0000004262e-01  ) (6.5000010000e+00   5.0000000000e-03   1.0000000322e-01  ) (6.9937500000e+00   5.0000000000e-03   9.9999999850e-02  ) (8.0062500000e+00   5.0000000000e-03   9.9999997156e-02  ) (9.0000010000e+00   5.0000000000e-03   1.0000000048e-01  ) (1.0200001000e+01   5.0000000000e-03   1.0000000012e-01  ) 
0.55	(5.0000010000e+00   5.0000000000e-03   1.0000784227e-01  ) (5.5000010000e+00   5.0000000000e-03   1.0000058588e-01  ) (6.0000010000e+00   5.0000000000e-03   1.0000004451e-01  ) (6.5000010000e+00   5.0000000000e-03   1.0000000337e-01  ) (6.9937500000e+00   5.0000000000e-03   9.9999999914e-02  ) (8.0062500000e+00   5.0000000000e-03   9.9999997480e-02  ) (9.0000010000e+00   5.0000000000e-03   1.0000000070e-01  ) (1.0200001000e+01   5.0000000000e-03   1.0000000010e-01  ) 
0.56	(5.0000010000e+00   5.0000000000e-03   1.0000827771e-01  ) (5.5000010000e+00   5.0000000000e-03   1.0000061851e-01  ) (6.0000010000e+00   5.0000000000e-03   1.0000004647e-01  ) (6.5000010000e+00   5.0000000000e-03   1.0000000354e-01  ) (6.9937500000e+00   5.0000000000e-03   9.9999999975e-02  ) (8.0062500000e+00   5.0000000000e-03   9.9999997965e-02  ) (9.0000010000e+00   5.0000000000e-03   1.0000000084e-01  ) (1.0200001000e+01   5.0000000000e-03   1.0000000009e-01  ) 
0.57	(5.0000010000e+00   5.0000000000e-03   1.0000873730e-01  ) (5.5000010000e+00   5.0000000000e-03   1.0000065297e-01  ) (6.0000010000e+00   5.0000000000e-03   1.0000004856e-01  ) (6.5000010000e+00   5.0000000000e-03   1.0000000371e-01  ) (6.9937500000e+00   5.0000000000e-03   1.0000000003e-01  ) (8.0062500000e+00   5.0000000000e-03   9.9999998566e-02  ) (9.0000010000e+00   5.0000000000e-03   1.0000000090e-01  ) (1.0200001000e+01   5.0000000000e-03   1.0000000007e-01  ) 
0.58	(5.0000010000e+00   5.0000000000e-03   1.0000922239e-01  ) (5.5000010000e+00   5.0000000000e-03   1.0000068934e-01  ) (6.0000010000e+00   5.0000000000e-03   1.0000005081e-01  ) (6.5000010000e+00   5.0000000000e-03   1.0000000389e-01  ) (6.9937500000e+00   5.0000000000e-03   1.0000000007e-01  ) (8.0062500000e+00   5.0000000000e-03   9.9999999235e-02  ) (9.0000010000e+00   5.0000000000e-03   1.0000000089e-01  ) (1.0200001000e+01   5.0000000000e-03   1.0000000005e-01  ) 
0.59	(5.0000010000e+00   5.0000000000e-03   1.0000973438e-01  ) (5.5000010000e+00   5.0000000000e-03   1.0000072775e-01  ) (6.0000010000e+00   5.0000000000e-03   1.0000005327e-01  ) (6.5000010000e+00   5.0000000000e-03   1.0000000407e-01  ) (6.9937500000e+00   5.0000000000e-03   1.0000000010e-01  ) (8.0062500000e+00   5.0000000000e-03   9.9999999914e-02  ) (9.0000010000e+00   5.0000000000e-03   1.0000000081e-01  ) (1.0200001000e+01   5.0000000000e-03   1.0000000002e-01  ) 
0.6	(5.0000010000e+00   5.0000000000e-03   1.0001027476e-01  ) (5.5000010000e+00   5.0000000000e-03   1.0000076830e-01  ) (6.0000010000e+00   5.0000000000e-03   1.0000005596e-01  ) (6.5000010000e+00   5.0000000000e-03   1.0000000427e-01  ) (6.9937500000e+00   5.0000000000e-03   1.0000000012e-01  ) (8.0062500000e+00   5.0000000000e-03   1.0000000055e-01  ) (9.0000010000e+00   5.0000000000e-03   1.0000000067e-01  ) (1.0200001000e+01   5.0000000000e-03   1.0000000000e-01  ) 
0.61	(5.0000010000e+00   5.0000000000e-03   1.0001084512e-01  ) (5.5000010000e+00   5.0000000000e-03   1.0000081111e-01  ) (6.0000010000e+00   5.0000000000e-03   1.0000005893e-01  ) (6.5000010000e+00   5.0000000000e-03   1.0000000448e-01  ) (6.9937500000e+00   5.0000000000e-03   1.0000000013e-01  ) (8.0062500000e+00   5.0000000000e-03   1.0000000111e-01  ) (9.0000010000e+00   5.0000000000e-03   1.0000000049e-01  ) (1.0200001000e+01   5.0000000000e-03   9.9999999974e-02  ) 
0.62	(5.0000010000e+00   5.0000000000e-03   1.0001144709e-01  ) (5.5000010000e+00   5.0000000000e-03   1.0000085629e-01  ) (6.0000010000e+00   5.0000000000e-03   1.0000006220e-01  ) (6.5000010000e+00   5.0000000000e-03   1.0000000470e-01  ) (6.9937500000e+00   5.0000000000e-03   1.0000000013e-01  ) (8.0062500000e+00   5.0000000000e-03   1.0000000154e-01  ) (9.0000010000e+00   5.0000000000e-03   1.0000000028e-01  ) (1.0200001000e+01   5.0000000000e-03   9.9999999947e-02  ) 
0.63	(5.0000010000e+00   5.0000000000e-03   1.0001208245e-01  ) (5.5000010000e+00   5.0000000000e-03   1.0000090399e-01  ) (6.0000010000e+00   5.0000000000e-03   1.0000006578e-01  ) (6.5000010000e+00   5.0000000000e-03   1.0000000494e-01  ) (6.9937500000e+00   5.0000000000e-03   1.0000000013e-01  ) (8.0062500000e+00   5.0000000000e-03   1.0000000183e-01  ) (9.0000010000e+00   5.0000000000e-03   1.0000000006e-01  ) (1.0200001000e+01   5.0000000000e-03   9.9999999919e-02  ) 
0.64	(5.0000010000e+00   5.0000000000e-03   1.0001275302e-01  ) (5.5000010000e+00   5.0000000000e-03   1.0000095433e-01  ) (6.0000010000e+00   5.0000000000e-03   1.0000006968e-01  ) (6.5000010000e+00   5.0000000000e-03   1.0000000519e-01  ) (6.9937500000e+00   5.0000000000e-03   1.0000000012e-01  ) (8.0062500000e+00   5.0000000000e-03   1.0000000195e-01  ) (9.0000010000e+00   5.0000000000e-03   9.9999999859e-02  ) (1.0200001000e+01   5.0000000000e-03   9.9999999891e-02  ) 
0.65	(5.0000010000e+00   5.0000000000e-03   1.0001346075e-01  ) (5.5000010000e+00   5.0000000000e-03   1.0000100747e-01  ) (6.0000010000e+00   5.0000000000e-03   1.0000007390e-01  ) (6.5000010000e+00   5.0000000000e-03   1.0000000545e-01  ) (6.9937500000e+00   5.0000000000e-03   1.0000000012e-01  ) (8.0062500000e+00   5.0000000000e-03   1.0000000190e-01  ) (9.0000010000e+00   5.0000000000e-03   9.9999999680e-02  ) (1.0200001000e+01   5.0000000000e-03   9.9999999862e-02  ) 
0.66	(5.0000010000e+00   5.0000000000e-03   1.0001420770e-01  ) (5.5000010000e+00   5.0000000000e-03   1.0000106355e-01  ) (6.0000010000e+00   5.0000000000e-03   1.0000007844e-01  ) (6.5000010000e+00   5.0000000000e-03   1.0000000573e-01  ) (6.9937500000e+00   5.0000000000e-03   1.0000000012e-01  ) (8.0062500000e+00   5.0000000000e-03   1.0000000169e-01  ) (9.0000010000e+00   5.0000000000e-03   9.9999999541e-02  ) (1.0200001000e+01   5.0000000000e-03   9.9999999834e-02  ) 
0.67	(5.0000010000e+00   5.0000000000e-03   1.0001499602e-01  ) (5.5000010000e+00   5.0000000000e-03   1.0000112272e-01  ) (6.0000010000e+00   5.0000000000e-03   1.0000008327e-01  ) (6.5000010000e+00   5.0000000000e-03   1.0000000603e-01  ) (6.9937500000e+00   5.0000000000e-03   1.0000000012e-01  ) (8.0062500000e+00   5.0000000000e-03   1.0000000135e-01  ) (9.0000010000e+00   5.0000000000e-03   9.9999999447e-02  ) (1.0200001000e+01   5.0000000000e-03   9.9999999806e-02  ) 
0.68	(5.0000010000e+00   5.0000000000e-03   1.0001582799e-01  ) (5.5000010000e+00   5.0000000000e-03   1.0000118517e-01  ) (6.0000010000e+00   5.0000000000e-03   1.0000008837e-01  ) (6.5000010000e+00   5.0000000000e-03   1.0000000635e-01  ) (6.9937500000e+00   5.0000000000e-03   1.0000000014e-01  ) (8.0062500000e+00   5.0000000000e-03   1.0000000090e-01  ) (9.0000010000e+00   5.0000000000e-03   9.9999999405e-02  ) (1.0200001000e+01   5.0000000000e-03   9.9999999778e-02  ) 
0.69	(5.0000010000e+00   5.0000000000e-03   1.0001670602e-01  ) (5.5000010000e+00   5.0000000000e-03   1.0000125107e-01  ) (6.0000010000e+00   5.0000000000e-03   1.0000009373e-01  ) (6.5000010000e+00   5.0000000000e-03   1.0000000669e-01  ) (6.9937500000e+00   5.0000000000e-03   1.0000000017e-01  ) (8.0062500000e+00   5.0000000000e-03   1.0000000040e-01  ) (9.0000010000e+00   5.0000000000e-03   9.9999999417e-02  ) (1.0200001000e+01   5.0000000000e-03   9.9999999752e-02  ) 
0.7	(5.0000010000e+00   5.0000000000e-03   1.0001763264e-01  ) (5.5000010000e+00   5.0000000000e-03   1.0000132061e-01  ) (6.0000010000e+00   5.0000000000e-03   1.0000009931e-01  ) (6.5000010000e+00   5.0000000000e-03   1.0000000705e-01  ) (6.9937500000e+00   5.0000000000e-03   1.0000000020e-01  ) (8.0062500000e+00   5.0000000000e-03   9.9999999875e-02  ) (9.0000010000e+00   5.0000000000e-03   9.9999999477e-02  ) (1.0200001000e+01   5.0000000000e-03   9.9999999728e-02  ) 
0.71	(5.0000010000e+00   5.0000000000e-03   1.0001861053e-01  ) (5.5000010000e+00   5.0000000000e-03   1.0000139398e-01  ) (6.0000010000e+00   5.0000000000e-03   1.0000010512e-01  ) (6.5000010000e+00   5.0000000000e-03   1.0000000744e-01  ) (6.9937500000e+00   5.0000000000e-03   1.0000000025e-01  ) (8.0062500000e+00   5.0000000000e-03   9.9999999374e-02  ) (9.0000010000e+00   5.0000000000e-03   9.9999999576e-02  ) (1.0200001000e+01   5.0000000000e-03   9.9999999706e-02  ) 
0.72	(5.0000010000e+00   5.0000000000e-03   1.0001964249e-01  ) (5.5000010000e+00   5.0000000000e-03   1.0000147141e-01  ) (6.0000010000e+00   5.0000000000e-03   1.0000011114e-01  ) (6.5000010000e+00   5.0000000000e-03   1.0000000785e-01  ) (6.9937500000e+00   5.0000000000e-03   1.0000000031e-01  ) (8.0062500000e+00   5.0000000000e-03   9.9999998927e-02  ) (9.0000010000e+00   5.0000000000e-03   9.9999999702e-02  ) (1.0200001000e+01   5.0000000000e-03   9.9999999686e-02  ) 
0.73	(5.0000010000e+00   5.0000000000e-03   1.0002073149e-01  ) (5.5000010000e+00   5.0000000000e-03   1.0000155310e-01  ) (6.0000010000e+00   5.0000000000e-03   1.0000011737e-01  ) (6.5000010000e+00   5.0000000000e-03   1.0000000829e-01  ) (6.9937500000e+00   5.0000000000e-03   1.0000000038e-01  ) (8.0062500000e+00   5.0000000000e-03   9.9999998572e-02  ) (9.0000010000e+00   5.0000000000e-03   9.9999999842e-02  ) (1.0200001000e+01   5.0000000000e-03   9.9999999670e-02  ) 
0.74	(5.0000010000e+00   5.0000000000e-03   1.0002188067e-01  ) (5.5000010000e+00   5.0000000000e-03   1.0000163930e-01  ) (6.0000010000e+00   5.0000000000e-03   1.0000012383e-01  ) (6.5000010000e+00   5.0000000000e-03   1.0000000876e-01  ) (6.9937500000e+00   5.0000000000e-03   1.0000000045e-01  ) (8.0062500000e+00   5.0000000000e-03   9.9999998335e-02  ) (9.0000010000e+00   5.0000000000e-03   9.9999999982e-02  ) (1.0200001000e+01   5.0000000000e-03   9.9999999657e-02  ) 
0.75	(5.0000010000e+00   5.0000000000e-03   1.0002309333e-01  ) (5.5000010000e+00   5.0000000000e-03   1.0000173025e-01  ) (6.0000010000e+00   5.0000000000e-03   1.0000013053e-01  ) (6.5000010000e+00   5.0000000000e-03   1.0000000926e-01  ) (6.9937500000e+00   5.0000000000e-03   1.0000000052e-01  ) (8.0062500000e+00   5.0000000000e-03   9.9999998227e-02  ) (9.0000010000e+00   5.0000000000e-03   1.0000000011e-01  ) (1.0200001000e+01   5.0000000000e-03   9.9999999648e-02  ) 
0.76	(5.0000010000e+00   5.0000000000e-03   1.0002437293e-01  ) (5.5000010000e+00   5.0000000000e-03   1.0000182623e-01  ) (6.0000010000e+00   5.0000000000e-03   1.0000013752e-01  ) (6.5000010000e+00   5.0000000000e-03   1.0000000979e-01  ) (6.9937500000e+00   5.0000000000e-03   1.0000000059e-01  ) (8.0062500000e+00   5.0000000000e-03   9.9999998251e-02  ) (9.0000010000e+00   5.0000000000e-03   1.0000000022e-01  ) (1.0200001000e+01   5.0000000000e-03   9.9999999644e-02  ) 
0.77	(5.0000010000e+00   5.0000000000e-03   1.0002572314e-01  ) (5.5000010000e+00   5.0000000000e-03   1.0000192751e-01  ) (6.0000010000e+00   5.0000000000e-03   1.0000014483e-01  ) (6.5000010000e+00   5.0000000000e-03   1.0000001036e-01  ) (6.9937500000e+00   5.0000000000e-03   1.0000000066e-01  ) (8.0062500000e+00   5.0000000000e-03   9.9999998392e-02  ) (9.0000010000e+00   5.0000000000e-03   1.0000000030e-01  ) (1.0200001000e+01   5.0000000000e-03   9.9999999644e-02  ) 
0.78	(5.0000010000e+00   5.0000000000e-03   1.0002714783e-01  ) (5.5000010000e+00   5.0000000000e-03   1.0000203440e-01  ) (6.0000010000e+00   5.0000000000e-03   1.0000015252e-01  ) (6.5000010000e+00   5.0000000000e-03   1.0000001096e-01  ) (6.9937500000e+00   5.0000000000e-03   1.0000000073e-01  ) (8.0062500000e+00   5.0000000000e-03   9.9999998629e-02  ) (9.0000010000e+00   5.0000000000e-03   1.0000000035e-01  ) (1.0200001000e+01   5.0000000000e-03   9.9999999648e-02  ) 
0.79	(5.0000010000e+00   5.0000000000e-03   1.0002865106e-01  ) (5.5000010000e+00   5.0000000000e-03   1.0000214720e-01  ) (6.0000010000e+00   5.0000000000e-03   1.0000016063e-01  ) (6.5000010000e+00   5.0000000000e-03   1.0000001161e-01  ) (6.9937500000e+00   5.0000000000e-03   1.0000000080e-01  ) (8.0062500000e+00   5.0000000000e-03   9.9999998940e-02  ) (9.0000010000e+00   5.0000000000e-03   1.0000000037e-01  ) (1.0200001000e+01   5.0000000000e-03   9.9999999657e-02  ) 
0.8	(5.0000010000e+00   5.0000000000e-03   1.0003023712e-01  ) (5.5000010000e+00   5.0000000000e-03   1.0000226626e-01  ) (6.0000010000e+00   5.0000000000e-03   1.0000016923e-01  ) (6.5000010000e+00   5.0000000000e-03   1.0000001229e-01  ) (6.9937500000e+00   5.0000000000e-03   1.0000000086e-01  ) (8.0062500000e+00   5.0000000000e-03   9.9999999300e-02  ) (9.0000010000e+00   5.0000000000e-03   1.0000000036e-01  ) (1.0200001000e+01   5.0000000000e-03   9.9999999670e-02  ) 
0.81	(5.0000010000e+00   5.0000000000e-03   1.0003191055e-01  ) (5.5000010000e+00   5.0000000000e-03   1.0000239192e-01  ) (6.0000010000e+00   5.0000000000e-03   1.0000017836e-01  ) (6.5000010000e+00   5.0000000000e-03   1.0000001301e-01  ) (6.9937500000e+00   5.0000000000e-03   1.0000000091e-01  ) (8.0062500000e+00   5.0000000000e-03   9.9999999674e-02  ) (9.0000010000e+00   5.0000000000e-03   1.0000000032e-01  ) (1.0200001000e+01   5.0000000000e-03   9.9999999688e-02  ) 
0.82	(5.0000010000e+00   5.0000000000e-03   1.0003367608e-01  ) (5.5000010000e+00   5.0000000000e-03   1.0000252455e-01  ) (6.0000010000e+00   5.0000000000e-03   1.0000018808e-01  ) (6.5000010000e+00   5.0000000000e-03   1.0000001378e-01  ) (6.9937500000e+00   5.0000000000e-03   1.0000000097e-01  ) (8.0062500000e+00   5.0000000000e-03   1.0000000003e-01  ) (9.0000010000e+00   5.0000000000e-03   1.0000000026e-01  ) (1.0200001000e+01   5.0000000000e-03   9.9999999710e-02  ) 
0.83	(5.0000010000e+00   5.0000000000e-03   1.0003553875e-01  ) (5.5000010000e+00   5.0000000000e-03   1.0000266457e-01  ) (6.0000010000e+00   5.0000000000e-03   1.0000019844e-01  ) (6.5000010000e+00   5.0000000000e-03   1.0000001460e-01  ) (6.9937500000e+00   5.0000000000e-03   1.0000000102e-01  ) (8.0062500000e+00   5.0000000000e-03   1.0000000034e-01  ) (9.0000010000e+00   5.0000000000e-03   1.0000000019e-01  ) (1.0200001000e+01   5.0000000000e-03   9.9999999736e-02  ) 
0.84	(5.0000010000e+00   5.0000000000e-03   1.0003750384e-01  ) (5.5000010000e+00   5.0000000000e-03   1.0000281237e-01  ) (6.0000010000e+00   5.0000000000e-03   1.0000020947e-01  ) (6.5000010000e+00   5.0000000000e-03   1.0000001546e-01  ) (6.9937500000e+00   5.0000000000e-03   1.0000000107e-01  ) (8.0062500000e+00   5.0000000000e-03   1.0000000058e-01  ) (9.0000010000e+00   5.0000000000e-03   1.0000000011e-01  ) (1.0200001000e+01   5.0000000000e-03   9.9999999767e-02  ) 
0.85	(5.0000010000e+00   5.0000000000e-03   1.0003957692e-01  ) (5.5000010000e+00   5.0000000000e-03   1.0000296841e-01  ) (6.0000010000e+00   5.0000000000e-03   1.0000022121e-01  ) (6.5000010000e+00   5.0000000000e-03   1.0000001638e-01  ) (6.9937500000e+00   5.0000000000e-03   1.0000000113e-01  ) (8.0062500000e+00   5.0000000000e-03   1.0000000073e-01  ) (9.0000010000e+00   5.0000000000e-03   1.0000000003e-01  ) (1.0200001000e+01   5.0000000000e-03   9.9999999801e-02  ) 
0.86	(5.0000010000e+00   5.0000000000e-03   1.0004176384e-01  ) (5.5000010000e+00   5.0000000000e-03   1.0000313315e-01  ) (6.0000010000e+00   5.0000000000e-03   1.0000023367e-01  ) (6.5000010000e+00   5.0000000000e-03   1.0000001735e-01  ) (6.9937500000e+00   5.0000000000e-03   1.0000000119e-01  ) (8.0062500000e+00   5.0000000000e-03   1.0000000079e-01  ) (9.0000010000e+00   5.0000000000e-03   9.9999999962e-02  ) (1.0200001000e+01   5.0000000000e-03   9.9999999839e-02  ) 
0.87	(5.0000010000e+00   5.0000000000e-03   1.0004407081e-01  ) (5.5000010000e+00   5.0000000000e-03   1.0000330707e-01  ) (6.0000010000e+00   5.0000000000e-03   1.0000024689e-01  ) (6.5000010000e+00   5.0000000000e-03   1.0000001837e-01  ) (6.9937500000e+00   5.0000000000e-03   1.0000000126e-01  ) (8.0062500000e+00   5.0000000000e-03   1.0000000076e-01  ) (9.0000010000e+00   5.0000000000e-03   9.9999999905e-02  ) (1.0200001000e+01   5.0000000000e-03   9.9999999879e-02  ) 
0.88	(5.0000010000e+00   5.0000000000e-03   1.0004650431e-01  ) (5.5000010000e+00   5.0000000000e-03   1.0000349068e-01  ) (6.0000010000e+00   5.0000000000e-03   1.0000026086e-01  ) (6.5000010000e+00   5.0000000000e-03   1.0000001945e-01  ) (6.9937500000e+00   5.0000000000e-03   1.0000000134e-01  ) (8.0062500000e+00   5.0000000000e-03   1.0000000065e-01  ) (9.0000010000e+00   5.0000000000e-03   9.9999999866e-02  ) (1.0200001000e+01   5.0000000000e-03   9.9999999922e-02  ) 
0.89	(5.0000010000e+00   5.0000000000e-03   1.0004907119e-01  ) (5.5000010000e+00   5.0000000000e-03   1.0000368454e-01  ) (6.0000010000e+00   5.0000000000e-03   1.0000027562e-01  ) (6.5000010000e+00   5.0000000000e-03   1.0000002059e-01  ) (6.9937500000e+00   5.0000000000e-03   1.0000000143e-01  ) (8.0062500000e+00   5.0000000000e-03   1.0000000046e-01  ) (9.0000010000e+00   5.0000000000e-03   9.9999999846e-02  ) (1.0200001000e+01   5.0000000000e-03   9.9999999966e-02  ) 
0.9	(5.0000010000e+00   5.0000000000e-03   1.0005177866e-01  ) (5.5000010000e+00   5.0000000000e-03   1.0000388920e-01  ) (6.0000010000e+00   5.0000000000e-03   1.0000029118e-01  ) (6.5000010000e+00   5.0000000000e-03   1.0000002179e-01  ) (6.9937500000e+00   5.0000000000e-03   1.0000000153e-01  ) (8.0062500000e+00   5.0000000000e-03   1.0000000023e-01  ) (9.0000010000e+00   5.0000000000e-03   9.9999999844e-02  ) (1.0200001000e+01   5.0000000000e-03   1.0000000001e-01  ) 
0.91	(5.0000010000e+00   5.0000000000e-03   1.0005463430e-01  ) (5.5000010000e+00   5.0000000000e-03   1.0000410527e-01  ) (6.0000010000e+00   5.0000000000e-03   1.0000030756e-01  ) (6.5000010000e+00   5.0000000000e-03   1.0000002305e-01  ) (6.9937500000e+00   5.0000000000e-03   1.0000000164e-01  ) (8.0062500000e+00   5.0000000000e-03   9.9999999979e-02  ) (9.0000010000e+00   5.0000000000e-03   9.9999999861e-02  ) (1.0200001000e+01   5.0000000000e-03   1.0000000006e-01  ) 
0.92	(5.0000010000e+00   5.0000000000e-03   1.0005764609e-01  ) (5.5000010000e+00   5.0000000000e-03   1.0000433336e-01  ) (6.0000010000e+00   5.0000000000e-03   1.0000032479e-01  ) (6.5000010000e+00   5.0000000000e-03   1.0000002438e-01  ) (6.9937500000e+00   5.0000000000e-03   1.0000000176e-01  ) (8.0062500000e+00   5.0000000000e-03   9.9999999726e-02  ) (9.0000010000e+00   5.0000000000e-03   9.9999999892e-02  ) (1.0200001000e+01   5.0000000000e-03   1.0000000010e-01  ) 
0.93	(5.0000010000e+00   5.0000000000e-03   1.0006082244e-01  ) (5.5000010000e+00   5.0000000000e-03   1.0000457414e-01  ) (6.0000010000e+00   5.0000000000e-03   1.0000034290e-01  ) (6.5000010000e+00   5.0000000000e-03   1.0000002578e-01  ) (6.9937500000e+00   5.0000000000e-03   1.0000000189e-01  ) (8.0062500000e+00   5.0000000000e-03   9.9999999494e-02  ) (9.0000010000e+00   5.0000000000e-03   9.9999999933e-02  ) (1.0200001000e+01   5.0000000000e-03   1.0000000014e-01  ) 
0.94	(5.0000010000e+00   5.0000000000e-03   1.0006417215e-01  ) (5.5000010000e+00   5.0000000000e-03   1.0000482830e-01  ) (6.0000010000e+00   5.0000000000e-03   1.0000036195e-01  ) (6.5000010000e+00   5.0000000000e-03   1.0000002725e-01  ) (6.9937500000e+00   5.0000000000e-03   1.0000000202e-01  ) (8.0062500000e+00   5.0000000000e-03   9.9999999300e-02  ) (9.0000010000e+00   5.0000000000e-03   9.9999999979e-02  ) (1.0200001000e+01   5.0000000000e-03   1.0000000018e-01  ) 
0.95	(5.0000010000e+00   5.0000000000e-03   1.0006770455e-01  ) (5.5000010000e+00   5.0000000000e-03   1.0000509657e-01  ) (6.0000010000e+00   5.0000000000e-03   1.0000038199e-01  ) (6.5000010000e+00   5.0000000000e-03   1.0000002879e-01  ) (6.9937500000e+00   5.0000000000e-03   1.0000000217e-01  ) (8.0062500000e+00   5.0000000000e-03   9.9999999158e-02  ) (9.0000010000e+00   5.0000000000e-03   1.0000000002e-01  ) (1.0200001000e+01   5.0000000000e-03   1.0000000022e-01  ) 
0.96	(5.0000010000e+00   5.0000000000e-03   1.0007142937e-01  ) (5.5000010000e+00   5.0000000000e-03   1.0000537970e-01  ) (6.0000010000e+00   5.0000000000e-03   1.0000040309e-01  ) (6.5000010000e+00   5.0000000000e-03   1.0000003041e-01  ) (6.9937500000e+00   5.0000000000e-03   1.0000000232e-01  ) (8.0062500000e+00   5.0000000000e-03   9.9999999077e-02  ) (9.0000010000e+00   5.0000000000e-03   1.0000000007e-01  ) (1.0200001000e+01   5.0000000000e-03   1.0000000025e-01  ) 
0.97	(5.0000010000e+00   5.0000000000e-03   1.0007535689e-01  ) (5.5000010000e+00   5.0000000000e-03   1.0000567852e-01  ) (6.0000010000e+00   5.0000000000e-03   1.0000042532e-01  ) (6.5000010000e+00   5.0000000000e-03   1.0000003212e-01  ) (6.9937500000e+00   5.0000000000e-03   1.0000000248e-01  ) (8.0062500000e+00   5.0000000000e-03   9.9999999061e-02  ) (9.0000010000e+00   5.0000000000e-03   1.0000000010e-01  ) (1.0200001000e+01   5.0000000000e-03   1.0000000028e-01  ) 
0.98	(5.0000010000e+00   5.0000000000e-03   1.0007949791e-01  ) (5.5000010000e+00   5.0000000000e-03   1.0000599386e-01  ) (6.0000010000e+00   5.0000000000e-03   1.0000044876e-01  ) (6.5000010000e+00   5.0000000000e-03   1.0000003391e-01  ) (6.9937500000e+00   5.0000000000e-03   1.0000000264e-01  ) (8.0062500000e+00   5.0000000000e-03   9.9999999107e-02  ) (9.0000010000e+00   5.0000000000e-03   1.0000000012e-01  ) (1.0200001000e+01   5.0000000000e-03   1.0000000030e-01  ) 
0.99	(5.0000010000e+00   5.0000000000e-03   1.0008386377e-01  ) (5.5000010000e+00   5.0000000000e-03   1.0000632664e-01  ) (6.0000010000e+00   5.0000000000e-03   1.0000047351e-01  ) (6.5000010000e+00   5.0000000000e-03   1.0000003579e-01  ) (6.9937500000e+00   5.0000000000e-03   1.0000000280e-01  ) (8.0062500000e+00   5.0000000000e-03   9.9999999206e-02  ) (9.0000010000e+00   5.0000000000e-03   1.0000000013e-01  ) (1.0200001000e+01   5.0000000000e-03   1.0000000032e-01  ) 
1	(5.0000010000e+00   5.0000000000e-03   1.0008846635e-01  ) (5.5000010000e+00   5.0000000000e-03   1.0000667779e-01  ) (6.0000010000e+00   5.0000000000e-03   1.0000049966e-01  ) (6.5000010000e+00   5.0000000000e-03   1.0000003777e-01  ) (6.9937500000e+00   5.0000000000e-03   1.0000000297e-01  ) (8.0062500000e+00   5.0000000000e-03   9.9999999343e-02  ) (9.0000010000e+00   5.0000000000e-03   1.0000000013e-01  ) (1.0200001000e+01   5.0000000000e-03   1.0000000033e-01  ) 
1.01	(5.0000010000e+00   5.0000000000e-03   1.0009331819e-01  ) (5.5000010000e+00   5.0000000000e-03   1.0000704832e-01  ) (6.0000010000e+00   5.0000000000e-03   1.0000052729e-01  ) (6.5000010000e+00   5.0000000000e-03   1.0000003985e-01  ) (6.9937500000e+00   5.0000000000e-03   1.0000000314e-01  ) (8.0062500000e+00   5.0000000000e-03   9.9999999505e-02  ) (9.0000010000e+00   5.0000000000e-03   1.0000000012e-01  ) (1.0200001000e+01   5.0000000000e-03   1.0000000034e-01  ) 
1.02	(5.0000010000e+00   5.0000000000e-03   1.0009843242e-01  ) (5.5000010000e+00   5.0000000000e-03   1.0000743930e-01  ) (6.0000010000e+00   5.0000000000e-03   1.0000055651e-01  ) (6.5000010000e+00   5.0000000000e-03   1.0000004204e-01  ) (6.9937500000e+00   5.0000000000e-03   1.0000000332e-01  ) (8.0062500000e+00   5.0000000000e-03   9.9999999675e-02  ) (9.0000010000e+00   5.0000000000e-03   1.0000000010e-01  ) (1.0200001000e+01   5.0000000000e-03   1.0000000034e-01  ) 
1.03	(5.0000010000e+00   5.0000000000e-03   1.0010382285e-01  ) (5.5000010000e+00   5.0000000000e-03   1.0000785185e-01  ) (6.0000010000e+00   5.0000000000e-03   1.0000058741e-01  ) (6.5000010000e+00   5.0000000000e-03   1.0000004434e-01  ) (6.9937500000e+00   5.0000000000e-03   1.0000000350e-01  ) (8.0062500000e+00   5.0000000000e-03   9.9999999837e-02  ) (9.0000010000e+00   5.0000000000e-03   1.0000000007e-01  ) (1.0200001000e+01   5.0000000000e-03   1.0000000033e-01  ) 
1.04	(5.0000010000e+00   5.0000000000e-03   1.0010950398e-01  ) (5.5000010000e+00   5.0000000000e-03   1.0000828717e-01  ) (6.0000010000e+00   5.0000000000e-03   1.0000062008e-01  ) (6.5000010000e+00   5.0000000000e-03   1.0000004676e-01  ) (6.9937500000e+00   5.0000000000e-03   1.0000000369e-01  ) (8.0062500000e+00   5.0000000000e-03   9.9999999978e-02  ) (9.0000010000e+00   5.0000000000e-03   1.0000000004e-01  ) (1.0200001000e+01   5.0000000000e-03   1.0000000031e-01  ) 
1.05	(5.0000010000e+00   5.0000000000e-03   1.0011549102e-01  ) (5.5000010000e+00   5.0000000000e-03   1.0000874652e-01  ) (6.0000010000e+00   5.0000000000e-03   1.0000065461e-01  ) (6.5000010000e+00   5.0000000000e-03   1.0000004931e-01  ) (6.9937500000e+00   5.0000000000e-03   1.0000000389e-01  ) (8.0062500000e+00   5.0000000000e-03   1.0000000009e-01  ) (9.0000010000e+00   5.0000000000e-03   1.0000000000e-01  ) (1.0200001000e+01   5.0000000000e-03   1.0000000029e-01  ) 
1.06	(5.0000010000e+00   5.0000000000e-03   1.0012179994e-01  ) (5.5000010000e+00   5.0000000000e-03   1.0000923125e-01  ) (6.0000010000e+00   5.0000000000e-03   1.0000069110e-01  ) (6.5000010000e+00   5.0000000000e-03   1.0000005199e-01  ) (6.9937500000e+00   5.0000000000e-03   1.0000000411e-01  ) (8.0062500000e+00   5.0000000000e-03   1.0000000015e-01  ) (9.0000010000e+00   5.0000000000e-03   9.9999999964e-02  ) (1.0200001000e+01   5.0000000000e-03   1.0000000026e-01  ) 
1.07	(5.0000010000e+00   5.0000000000e-03   1.0012844751e-01  ) (5.5000010000e+00   5.0000000000e-03   1.0000974278e-01  ) (6.0000010000e+00   5.0000000000e-03   1.0000072963e-01  ) (6.5000010000e+00   5.0000000000e-03   1.0000005482e-01  ) (6.9937500000e+00   5.0000000000e-03   1.0000000433e-01  ) (8.0062500000e+00   5.0000000000e-03   1.0000000018e-01  ) (9.0000010000e+00   5.0000000000e-03   9.9999999930e-02  ) (1.0200001000e+01   5.0000000000e-03   1.0000000023e-01  ) 
1.08	(5.0000010000e+00   5.0000000000e-03   1.0013545132e-01  ) (5.5000010000e+00   5.0000000000e-03   1.0001028260e-01  ) (6.0000010000e+00   5.0000000000e-03   1.0000077032e-01  ) (6.5000010000e+00   5.0000000000e-03   1.0000005781e-01  ) (6.9937500000e+00   5.0000000000e-03   1.0000000458e-01  ) (8.0062500000e+00   5.0000000000e-03   1.0000000017e-01  ) (9.0000010000e+00   5.0000000000e-03   9.9999999900e-02  ) (1.0200001000e+01   5.0000000000e-03   1.0000000018e-01  ) 
1.09	(5.0000010000e+00   5.0000000000e-03   1.0014282983e-01  ) (5.5000010000e+00   5.0000000000e-03   1.0001085230e-01  ) (6.0000010000e+00   5.0000000000e-03   1.0000081325e-01  ) (6.5000010000e+00   5.0000000000e-03   1.0000006096e-01  ) (6.9937500000e+00   5.0000000000e-03   1.0000000484e-01  ) (8.0062500000e+00   5.0000000000e-03   1.0000000012e-01  ) (9.0000010000e+00   5.0000000000e-03   9.9999999875e-02  ) (1.0200001000e+01   5.0000000000e-03   1.0000000014e-01  ) 
1.1	(5.0000010000e+00   5.0000000000e-03   1.0015060239e-01  ) (5.5000010000e+00   5.0000000000e-03   1.0001145356e-01  ) (6.0000010000e+00   5.0000000000e-03   1.0000085855e-01  ) (6.5000010000e+00   5.0000000000e-03   1.0000006428e-01  ) (6.9937500000e+00   5.0000000000e-03   1.0000000512e-01  ) (8.0062500000e+00   5.0000000000e-03   1.0000000004e-01  ) (9.0000010000e+00   5.0000000000e-03   9.9999999855e-02  ) (1.0200001000e+01   5.0000000000e-03   1.0000000009e-01  ) 
1.11	(5.0000010000e+00   5.0000000000e-03   1.0015878930e-01  ) (5.5000010000e+00   5.0000000000e-03   1.0001208814e-01  ) (6.0000010000e+00   5.0000000000e-03   1.0000090633e-01  ) (6.5000010000e+00   5.0000000000e-03   1.0000006780e-01  ) (6.9937500000e+00   5.0000000000e-03   1.0000000542e-01  ) (8.0062500000e+00   5.0000000000e-03   9.9999999946e-02  ) (9.0000010000e+00   5.0000000000e-03   9.9999999841e-02  ) (1.0200001000e+01   5.0000000000e-03   1.0000000004e-01  ) 
1.12	(5.0000010000e+00   5.0000000000e-03   1.0016741186e-01  ) (5.5000010000e+00   5.0000000000e-03   1.0001275789e-01  ) (6.0000010000e+00   5.0000000000e-03   1.0000095672e-01  ) (6.5000010000e+00   5.0000000000e-03   1.0000007151e-01  ) (6.9937500000e+00   5.0000000000e-03   1.0000000574e-01  ) (8.0062500000e+00   5.0000000000e-03   9.9999999844e-02  ) (9.0000010000e+00   5.0000000000e-03   9.9999999831e-02  ) (1.0200001000e+01   5.0000000000e-03   9.9999999995e-02  ) 
1.13	(5.0000010000e+00   5.0000000000e-03   1.0017649236e-01  ) (5.5000010000e+00   5.0000000000e-03   1.0001346479e-01  ) (6.0000010000e+00   5.0000000000e-03   1.0000100987e-01  ) (6.5000010000e+00   5.0000000000e-03   1.0000007544e-01  ) (6.9937500000e+00   5.0000000000e-03   1.0000000608e-01  ) (8.0062500000e+00   5.0000000000e-03   9.9999999742e-02  ) (9.0000010000e+00   5.0000000000e-03   9.9999999824e-02  ) (1.0200001000e+01   5.0000000000e-03   9.9999999949e-02  ) 
1.14	(5.0000010000e+00   5.0000000000e-03   1.0018605416e-01  ) (5.5000010000e+00   5.0000000000e-03   1.0001421087e-01  ) (6.0000010000e+00   5.0000000000e-03   1.0000106594e-01  ) (6.5000010000e+00   5.0000000000e-03   1.0000007960e-01  ) (6.9937500000e+00   5.0000000000e-03   1.0000000644e-01  ) (8.0062500000e+00   5.0000000000e-03   9.9999999649e-02  ) (9.0000010000e+00   5.0000000000e-03   9.9999999820e-02  ) (1.0200001000e+01   5.0000000000e-03   9.9999999906e-02  ) 
1.15	(5.0000010000e+00   5.0000000000e-03   1.0019612175e-01  ) (5.5000010000e+00   5.0000000000e-03   1.0001499831e-01  ) (6.0000010000e+00   5.0000000000e-03   1.0000112508e-01  ) (6.5000010000e+00   5.0000000000e-03   1.0000008399e-01  ) (6.9937500000e+00   5.0000000000e-03   1.0000000683e-01  ) (8.0062500000e+00   5.0000000000e-03   9.9999999572e-02  ) (9.0000010000e+00   5.0000000000e-03   9.9999999817e-02  ) (1.0200001000e+01   5.0000000000e-03   9.9999999868e-02  ) 
1.16	(5.0000010000e+00   5.0000000000e-03   1.0020672074e-01  ) (5.5000010000e+00   5.0000000000e-03   1.0001582936e-01  ) (6.0000010000e+00   5.0000000000e-03   1.0000118748e-01  ) (6.5000010000e+00   5.0000000000e-03   1.0000008864e-01  ) (6.9937500000e+00   5.0000000000e-03   1.0000000723e-01  ) (8.0062500000e+00   5.0000000000e-03   9.9999999515e-02  ) (9.0000010000e+00   5.0000000000e-03   9.9999999814e-02  ) (1.0200001000e+01   5.0000000000e-03   9.9999999837e-02  ) 
1.17	(5.0000010000e+00   5.0000000000e-03   1.0021787794e-01  ) (5.5000010000e+00   5.0000000000e-03   1.0001670641e-01  ) (6.0000010000e+00   5.0000000000e-03   1.0000125334e-01  ) (6.5000010000e+00   5.0000000000e-03   1.0000009356e-01  ) (6.9937500000e+00   5.0000000000e-03   1.0000000766e-01  ) (8.0062500000e+00   5.0000000000e-03   9.9999999481e-02  ) (9.0000010000e+00   5.0000000000e-03   9.9999999809e-02  ) (1.0200001000e+01   5.0000000000e-03   9.9999999814e-02  ) 
1.18	(5.0000010000e+00   5.0000000000e-03   1.0022962141e-01  ) (5.5000010000e+00   5.0000000000e-03   1.0001763197e-01  ) (6.0000010000e+00   5.0000000000e-03   1.0000132286e-01  ) (6.5000010000e+00   5.0000000000e-03   1.0000009877e-01  ) (6.9937500000e+00   5.0000000000e-03   1.0000000810e-01  ) (8.0062500000e+00   5.0000000000e-03   9.9999999470e-02  ) (9.0000010000e+00   5.0000000000e-03   9.9999999802e-02  ) (1.0200001000e+01   5.0000000000e-03   9.9999999799e-02  ) 
1.19	(5.0000010000e+00   5.0000000000e-03   1.0024198046e-01  ) (5.5000010000e+00   5.0000000000e-03   1.0001860866e-01  ) (6.0000010000e+00   5.0000000000e-03   1.0000139625e-01  ) (6.5000010000e+00   5.0000000000e-03   1.0000010428e-01  ) (6.9937500000e+00   5.0000000000e-03   1.0000000857e-01  ) (8.0062500000e+00   5.0000000000e-03   9.9999999479e-02  ) (9.0000010000e+00   5.0000000000e-03   9.9999999793e-02  ) (1.0200001000e+01   5.0000000000e-03   9.9999999794e-02  ) 
1.2	(5.0000010000e+00   5.0000000000e-03   1.0025498576e-01  ) (5.5000010000e+00   5.0000000000e-03   1.0001963925e-01  ) (6.0000010000e+00   5.0000000000e-03   1.0000147373e-01  ) (6.5000010000e+00   5.0000000000e-03   1.0000011010e-01  ) (6.9937500000e+00   5.0000000000e-03   1.0000000907e-01  ) (8.0062500000e+00   5.0000000000e-03   9.9999999506e-02  ) (9.0000010000e+00   5.0000000000e-03   9.9999999780e-02  ) (1.0200001000e+01   5.0000000000e-03   9.9999999800e-02  ) 
1.21	(5.0000010000e+00   5.0000000000e-03   1.0026866933e-01  ) (5.5000010000e+00   5.0000000000e-03   1.0002072666e-01  ) (6.0000010000e+00   5.0000000000e-03   1.0000155554e-01  ) (6.5000010000e+00   5.0000000000e-03   1.0000011627e-01  ) (6.9937500000e+00   5.0000000000e-03   1.0000000959e-01  ) (8.0062500000e+00   5.0000000000e-03   9.9999999545e-02  ) (9.0000010000e+00   5.0000000000e-03   9.9999999766e-02  ) (1.0200001000e+01   5.0000000000e-03   9.9999999818e-02  ) 
1.22	(5.0000010000e+00   5.0000000000e-03   1.0028306461e-01  ) (5.5000010000e+00   5.0000000000e-03   1.0002187394e-01  ) (6.0000010000e+00   5.0000000000e-03   1.0000164191e-01  ) (6.5000010000e+00   5.0000000000e-03   1.0000012278e-01  ) (6.9937500000e+00   5.0000000000e-03   1.0000001013e-01  ) (8.0062500000e+00   5.0000000000e-03   9.9999999591e-02  ) (9.0000010000e+00   5.0000000000e-03   9.9999999750e-02  ) (1.0200001000e+01   5.0000000000e-03   9.9999999846e-02  ) 
1.23	(5.0000010000e+00   5.0000000000e-03   1.0029820654e-01  ) (5.5000010000e+00   5.0000000000e-03   1.0002308435e-01  ) (6.0000010000e+00   5.0000000000e-03   1.0000173310e-01  ) (6.5000010000e+00   5.0000000000e-03   1.0000012967e-01  ) (6.9937500000e+00   5.0000000000e-03   1.0000001071e-01  ) (8.0062500000e+00   5.0000000000e-03   9.9999999639e-02  ) (9.0000010000e+00   5.0000000000e-03   9.9999999732e-02  ) (1.0200001000e+01   5.0000000000e-03   9.9999999885e-02  ) 
1.24	(5.0000010000e+00   5.0000000000e-03   1.0031413154e-01  ) (5.5000010000e+00   5.0000000000e-03   1.0002436128e-01  ) (6.0000010000e+00   5.0000000000e-03   1.0000182937e-01  ) (6.5000010000e+00   5.0000000000e-03   1.0000013695e-01  ) (6.9937500000e+00   5.0000000000e-03   1.0000001132e-01  ) (8.0062500000e+00   5.0000000000e-03   9.9999999684e-02  ) (9.0000010000e+00   5.0000000000e-03   9.9999999714e-02  ) (1.0200001000e+01   5.0000000000e-03   9.9999999933e-02  ) 
1.25	(5.0000010000e+00   5.0000000000e-03   1.0033087762e-01  ) (5.5000010000e+00   5.0000000000e-03   1.0002570837e-01  ) (6.0000010000e+00   5.0000000000e-03   1.0000193099e-01  ) (6.5000010000e+00   5.0000000000e-03   1.0000014463e-01  ) (6.9937500000e+00   5.0000000000e-03   1.0000001196e-01  ) (8.0062500000e+00   5.0000000000e-03   9.9999999723e-02  ) (9.0000010000e+00   5.0000000000e-03   9.9999999697e-02  ) (1.0200001000e+01   5.0000000000e-03   9.9999999990e-02  ) 
1.26	(5.0000010000e+00   5.0000000000e-03   1.0034848440e-01  ) (5.5000010000e+00   5.0000000000e-03   1.0002712940e-01  ) (6.0000010000e+00   5.0000000000e-03   1.0000203826e-01  ) (6.5000010000e+00   5.0000000000e-03   1.0000015275e-01  ) (6.9937500000e+00   5.0000000000e-03   1.0000001264e-01  ) (8.0062500000e+00   5.0000000000e-03   9.9999999753e-02  ) (9.0000010000e+00   5.0000000000e-03   9.9999999682e-02  ) (1.0200001000e+01   5.0000000000e-03   1.0000000005e-01  ) 
1.27	(5.0000010000e+00   5.0000000000e-03   1.0036699318e-01  ) (5.5000010000e+00   5.0000000000e-03   1.0002862841e-01  ) (6.0000010000e+00   5.0000000000e-03   1.0000215146e-01  ) (6.5000010000e+00   5.0000000000e-03   1.0000016131e-01  ) (6.9937500000e+00   5.0000000000e-03   1.0000001336e-01  ) (8.0062500000e+00   5.0000000000e-03   9.9999999771e-02  ) (9.0000010000e+00   5.0000000000e-03   9.9999999669e-02  ) (1.0200001000e+01   5.0000000000e-03   1.0000000012e-01  ) 
1.28	(5.0000010000e+00   5.0000000000e-03   1.0038644696e-01  ) (5.5000010000e+00   5.0000000000e-03   1.0003020965e-01  ) (6.0000010000e+00   5.0000000000e-03   1.0000227093e-01  ) (6.5000010000e+00   5.0000000000e-03   1.0000017035e-01  ) (6.9937500000e+00   5.0000000000e-03   1.0000001412e-01  ) (8.0062500000e+00   5.0000000000e-03   9.9999999778e-02  ) (9.0000010000e+00   5.0000000000e-03   9.9999999659e-02  ) (1.0200001000e+01   5.0000000000e-03   1.0000000019e-01  ) 
1.29	(5.0000010000e+00   5.0000000000e-03   1.0040689049e-01  ) (5.5000010000e+00   5.0000000000e-03   1.0003187760e-01  ) (6.0000010000e+00   5.0000000000e-03   1.0000239700e-01  ) (6.5000010000e+00   5.0000000000e-03   1.0000017988e-01  ) (6.9937500000e+00   5.0000000000e-03   1.0000001493e-01  ) (8.0062500000e+00   5.0000000000e-03   9.9999999774e-02  ) (9.0000010000e+00   5.0000000000e-03   9.9999999653e-02  ) (1.0200001000e+01   5.0000000000e-03   1.0000000026e-01  ) 
1.3	(5.0000010000e+00   5.0000000000e-03   1.0042837036e-01  ) (5.5000010000e+00   5.0000000000e-03   1.0003363701e-01  ) (6.0000010000e+00   5.0000000000e-03   1.0000253003e-01  ) (6.5000010000e+00   5.0000000000e-03   1.0000018993e-01  ) (6.9937500000e+00   5.0000000000e-03   1.0000001579e-01  ) (8.0062500000e+00   5.0000000000e-03   9.9999999760e-02  ) (9.0000010000e+00   5.0000000000e-03   9.9999999651e-02  ) (1.0200001000e+01   5.0000000000e-03   1.0000000032e-01  ) 
1.31	(5.0000010000e+00   5.0000000000e-03   1.0045093497e-01  ) (5.5000010000e+00   5.0000000000e-03   1.0003549285e-01  ) (6.0000010000e+00   5.0000000000e-03   1.0000267042e-01  ) (6.5000010000e+00   5.0000000000e-03   1.0000020052e-01  ) (6.9937500000e+00   5.0000000000e-03   1.0000001670e-01  ) (8.0062500000e+00   5.0000000000e-03   9.9999999740e-02  ) (9.0000010000e+00   5.0000000000e-03   9.9999999652e-02  ) (1.0200001000e+01   5.0000000000e-03   1.0000000037e-01  ) 
1.32	(5.0000010000e+00   5.0000000000e-03   1.0047463463e-01  ) (5.5000010000e+00   5.0000000000e-03   1.0003745040e-01  ) (6.0000010000e+00   5.0000000000e-03   1.0000281856e-01  ) (6.5000010000e+00   5.0000000000e-03   1.0000021169e-01  ) (6.9937500000e+00   5.0000000000e-03   1.0000001766e-01  ) (8.0062500000e+00   5.0000000000e-03   9.9999999714e-02  ) (9.0000010000e+00   5.0000000000e-03   9.9999999657e-02  ) (1.0200001000e+01   5.0000000000e-03   1.0000000042e-01  ) 
1.33	(5.0000010000e+00   5.0000000000e-03   1.0049952154e-01  ) (5.5000010000e+00   5.0000000000e-03   1.0003951518e-01  ) (6.0000010000e+00   5.0000000000e-03   1.0000297489e-01  ) (6.5000010000e+00   5.0000000000e-03   1.0000022345e-01  ) (6.9937500000e+00   5.0000000000e-03   1.0000001868e-01  ) (8.0062500000e+00   5.0000000000e-03   9.9999999687e-02  ) (9.0000010000e+00   5.0000000000e-03   9.9999999666e-02  ) (1.0200001000e+01   5.0000000000e-03   1.0000000045e-01  ) 
1.34	(5.0000010000e+00   5.0000000000e-03   1.0052564992e-01  ) (5.5000010000e+00   5.0000000000e-03   1.0004169300e-01  ) (6.0000010000e+00   5.0000000000e-03   1.0000313988e-01  ) (6.5000010000e+00   5.0000000000e-03   1.0000023586e-01  ) (6.9937500000e+00   5.0000000000e-03   1.0000001977e-01  ) (8.0062500000e+00   5.0000000000e-03   9.9999999660e-02  ) (9.0000010000e+00   5.0000000000e-03   9.9999999678e-02  ) (1.0200001000e+01   5.0000000000e-03   1.0000000047e-01  ) 
1.35	(5.0000010000e+00   5.0000000000e-03   1.0055307590e-01  ) (5.5000010000e+00   5.0000000000e-03   1.0004398997e-01  ) (6.0000010000e+00   5.0000000000e-03   1.0000331400e-01  ) (6.5000010000e+00   5.0000000000e-03   1.0000024892e-01  ) (6.9937500000e+00   5.0000000000e-03   1.0000002091e-01  ) (8.0062500000e+00   5.0000000000e-03   9.9999999637e-02  ) (9.0000010000e+00   5.0000000000e-03   9.9999999692e-02  ) (1.0200001000e+01   5.0000000000e-03   1.0000000047e-01  ) 
1.36	(5.0000010000e+00   5.0000000000e-03   1.0058185773e-01  ) (5.5000010000e+00   5.0000000000e-03   1.0004641252e-01  ) (6.0000010000e+00   5.0000000000e-03   1.0000349777e-01  ) (6.5000010000e+00   5.0000000000e-03   1.0000026270e-01  ) (6.9937500000e+00   5.0000000000e-03   1.0000002213e-01  ) (8.0062500000e+00   5.0000000000e-03   9.9999999619e-02  ) (9.0000010000e+00   5.0000000000e-03   9.9999999708e-02  ) (1.0200001000e+01   5.0000000000e-03   1.0000000045e-01  ) 
1.37	(5.0000010000e+00   5.0000000000e-03   1.0061205555e-01  ) (5.5000010000e+00   5.0000000000e-03   1.0004896739e-01  ) (6.0000010000e+00   5.0000000000e-03   1.0000369172e-01  ) (6.5000010000e+00   5.0000000000e-03   1.0000027722e-01  ) (6.9937500000e+00   5.0000000000e-03   1.0000002342e-01  ) (8.0062500000e+00   5.0000000000e-03   9.9999999607e-02  ) (9.0000010000e+00   5.0000000000e-03   9.9999999727e-02  ) (1.0200001000e+01   5.0000000000e-03   1.0000000042e-01  ) 
1.38	(5.0000010000e+00   5.0000000000e-03   1.0064373172e-01  ) (5.5000010000e+00   5.0000000000e-03   1.0005166166e-01  ) (6.0000010000e+00   5.0000000000e-03   1.0000389643e-01  ) (6.5000010000e+00   5.0000000000e-03   1.0000029253e-01  ) (6.9937500000e+00   5.0000000000e-03   1.0000002478e-01  ) (8.0062500000e+00   5.0000000000e-03   9.9999999602e-02  ) (9.0000010000e+00   5.0000000000e-03   9.9999999746e-02  ) (1.0200001000e+01   5.0000000000e-03   1.0000000037e-01  ) 
1.39	(5.0000010000e+00   5.0000000000e-03   1.0067695063e-01  ) (5.5000010000e+00   5.0000000000e-03   1.0005450277e-01  ) (6.0000010000e+00   5.0000000000e-03   1.0000411249e-01  ) (6.5000010000e+00   5.0000000000e-03   1.0000030868e-01  ) (6.9937500000e+00   5.0000000000e-03   1.0000002622e-01  ) (8.0062500000e+00   5.0000000000e-03   9.9999999605e-02  ) (9.0000010000e+00   5.0000000000e-03   9.9999999766e-02  ) (1.0200001000e+01   5.0000000000e-03   1.0000000030e-01  ) 
1.4	(5.0000010000e+00   5.0000000000e-03   1.0071177877e-01  ) (5.5000010000e+00   5.0000000000e-03   1.0005749853e-01  ) (6.0000010000e+00   5.0000000000e-03   1.0000434052e-01  ) (6.5000010000e+00   5.0000000000e-03   1.0000032572e-01  ) (6.9937500000e+00   5.0000000000e-03   1.0000002775e-01  ) (8.0062500000e+00   5.0000000000e-03   9.9999999614e-02  ) (9.0000010000e+00   5.0000000000e-03   9.9999999788e-02  ) (1.0200001000e+01   5.0000000000e-03   1.0000000021e-01  ) 
1.41	(5.0000010000e+00   5.0000000000e-03   1.0074828464e-01  ) (5.5000010000e+00   5.0000000000e-03   1.0006065715e-01  ) (6.0000010000e+00   5.0000000000e-03   1.0000458120e-01  ) (6.5000010000e+00   5.0000000000e-03   1.0000034369e-01  ) (6.9937500000e+00   5.0000000000e-03   1.0000002937e-01  ) (8.0062500000e+00   5.0000000000e-03   9.9999999629e-02  ) (9.0000010000e+00   5.0000000000e-03   9.9999999809e-02  ) (1.0200001000e+01   5.0000000000e-03   1.0000000011e-01  ) 
1.42	(5.0000010000e+00   5.0000000000e-03   1.0078653887e-01  ) (5.5000010000e+00   5.0000000000e-03   1.0006398726e-01  ) (6.0000010000e+00   5.0000000000e-03   1.0000483520e-01  ) (6.5000010000e+00   5.0000000000e-03   1.0000036267e-01  ) (6.9937500000e+00   5.0000000000e-03   1.0000003107e-01  ) (8.0062500000e+00   5.0000000000e-03   9.9999999647e-02  ) (9.0000010000e+00   5.0000000000e-03   9.9999999832e-02  ) (1.0200001000e+01   5.0000000000e-03   1.0000000000e-01  ) 
1.43	(5.0000010000e+00   5.0000000000e-03   1.0082661397e-01  ) (5.5000010000e+00   5.0000000000e-03   1.0006749795e-01  ) (6.0000010000e+00   5.0000000000e-03   1.0000510326e-01  ) (6.5000010000e+00   5.0000000000e-03   1.0000038270e-01  ) (6.9937500000e+00   5.0000000000e-03   1.0000003287e-01  ) (8.0062500000e+00   5.0000000000e-03   9.9999999669e-02  ) (9.0000010000e+00   5.0000000000e-03   9.9999999855e-02  ) (1.0200001000e+01   5.0000000000e-03   9.9999999887e-02  ) 
1.44	(5.0000010000e+00   5.0000000000e-03   1.0086858401e-01  ) (5.5000010000e+00   5.0000000000e-03   1.0007119876e-01  ) (6.0000010000e+00   5.0000000000e-03   1.0000538615e-01  ) (6.5000010000e+00   5.0000000000e-03   1.0000040386e-01  ) (6.9937500000e+00   5.0000000000e-03   1.0000003476e-01  ) (8.0062500000e+00   5.0000000000e-03   9.9999999692e-02  ) (9.0000010000e+00   5.0000000000e-03   9.9999999879e-02  ) (1.0200001000e+01   5.0000000000e-03   9.9999999767e-02  ) 
1.45	(5.0000010000e+00   5.0000000000e-03   1.0091252413e-01  ) (5.5000010000e+00   5.0000000000e-03   1.0007509973e-01  ) (6.0000010000e+00   5.0000000000e-03   1.0000568470e-01  ) (6.5000010000e+00   5.0000000000e-03   1.0000042622e-01  ) (6.9937500000e+00   5.0000000000e-03   1.0000003675e-01  ) (8.0062500000e+00   5.0000000000e-03   9.9999999715e-02  ) (9.0000010000e+00   5.0000000000e-03   9.9999999903e-02  ) (1.0200001000e+01   5.0000000000e-03   9.9999999649e-02  ) 
1.46	(5.0000010000e+00   5.0000000000e-03   1.0095850919e-01  ) (5.5000010000e+00   5.0000000000e-03   1.0007921144e-01  ) (6.0000010000e+00   5.0000000000e-03   1.0000599975e-01  ) (6.5000010000e+00   5.0000000000e-03   1.0000044984e-01  ) (6.9937500000e+00   5.0000000000e-03   1.0000003884e-01  ) (8.0062500000e+00   5.0000000000e-03   9.9999999736e-02  ) (9.0000010000e+00   5.0000000000e-03   9.9999999929e-02  ) (1.0200001000e+01   5.0000000000e-03   9.9999999537e-02  ) 
1.47	(5.0000010000e+00   5.0000000000e-03   1.0100661012e-01  ) (5.5000010000e+00   5.0000000000e-03   1.0008354499e-01  ) (6.0000010000e+00   5.0000000000e-03   1.0000633221e-01  ) (6.5000010000e+00   5.0000000000e-03   1.0000047480e-01  ) (6.9937500000e+00   5.0000000000e-03   1.0000004104e-01  ) (8.0062500000e+00   5.0000000000e-03   9.9999999756e-02  ) (9.0000010000e+00   5.0000000000e-03   9.9999999955e-02  ) (1.0200001000e+01   5.0000000000e-03   9.9999999435e-02  ) 
1.48	(5.0000010000e+00   5.0000000000e-03   1.0105692848e-01  ) (5.5000010000e+00   5.0000000000e-03   1.0008811209e-01  ) (6.0000010000e+00   5.0000000000e-03   1.0000668305e-01  ) (6.5000010000e+00   5.0000000000e-03   1.0000050118e-01  ) (6.9937500000e+00   5.0000000000e-03   1.0000004334e-01  ) (8.0062500000e+00   5.0000000000e-03   9.9999999772e-02  ) (9.0000010000e+00   5.0000000000e-03   9.9999999982e-02  ) (1.0200001000e+01   5.0000000000e-03   9.9999999349e-02  ) 
1.49	(5.0000010000e+00   5.0000000000e-03   1.0110957297e-01  ) (5.5000010000e+00   5.0000000000e-03   1.0009292502e-01  ) (6.0000010000e+00   5.0000000000e-03   1.0000705329e-01  ) (6.5000010000e+00   5.0000000000e-03   1.0000052906e-01  ) (6.9937500000e+00   5.0000000000e-03   1.0000004576e-01  ) (8.0062500000e+00   5.0000000000e-03   9.9999999787e-02  ) (9.0000010000e+00   5.0000000000e-03   1.0000000001e-01  ) (1.0200001000e+01   5.0000000000e-03   9.9999999282e-02  ) 
1.5	(5.0000010000e+00   5.0000000000e-03   1.0116464251e-01  ) (5.5000010000e+00   5.0000000000e-03   1.0009799671e-01  ) (6.0000010000e+00   5.0000000000e-03   1.0000744399e-01  ) (6.5000010000e+00   5.0000000000e-03   1.0000055853e-01  ) (6.9937500000e+00   5.0000000000e-03   1.0000004830e-01  ) (8.0062500000e+00   5.0000000000e-03   9.9999999799e-02  ) (9.0000010000e+00   5.0000000000e-03   1.0000000004e-01  ) (1.0200001000e+01   5.0000000000e-03   9.9999999239e-02  ) 
1.51	(5.0000010000e+00   5.0000000000e-03   1.0122223341e-01  ) (5.5000010000e+00   5.0000000000e-03   1.0010334070e-01  ) (6.0000010000e+00   5.0000000000e-03   1.0000785628e-01  ) (6.5000010000e+00   5.0000000000e-03   1.0000058967e-01  ) (6.9937500000e+00   5.0000000000e-03   1.0000005099e-01  ) (8.0062500000e+00   5.0000000000e-03   9.9999999810e-02  ) (9.0000010000e+00   5.0000000000e-03   1.0000000006e-01  ) (1.0200001000e+01   5.0000000000e-03   9.9999999222e-02  ) 
1.52	(5.0000010000e+00   5.0000000000e-03   1.0128244601e-01  ) (5.5000010000e+00   5.0000000000e-03   1.0010897125e-01  ) (6.0000010000e+00   5.0000000000e-03   1.0000829137e-01  ) (6.5000010000e+00   5.0000000000e-03   1.0000062256e-01  ) (6.9937500000e+00   5.0000000000e-03   1.0000005382e-01  ) (8.0062500000e+00   5.0000000000e-03   9.9999999820e-02  ) (9.0000010000e+00   5.0000000000e-03   1.0000000009e-01  ) (1.0200001000e+01   5.0000000000e-03   9.9999999232e-02  ) 
1.53	(5.0000010000e+00   5.0000000000e-03   1.0134537972e-01  ) (5.5000010000e+00   5.0000000000e-03   1.0011490328e-01  ) (6.0000010000e+00   5.0000000000e-03   1.0000875050e-01  ) (6.5000010000e+00   5.0000000000e-03   1.0000065732e-01  ) (6.9937500000e+00   5.0000000000e-03   1.0000005681e-01  ) (8.0062500000e+00   5.0000000000e-03   9.9999999830e-02  ) (9.0000010000e+00   5.0000000000e-03   1.0000000012e-01  ) (1.0200001000e+01   5.0000000000e-03   9.9999999271e-02  ) 
1.54	(5.0000010000e+00   5.0000000000e-03   1.0141113380e-01  ) (5.5000010000e+00   5.0000000000e-03   1.0012115248e-01  ) (6.0000010000e+00   5.0000000000e-03   1.0000923501e-01  ) (6.5000010000e+00   5.0000000000e-03   1.0000069402e-01  ) (6.9937500000e+00   5.0000000000e-03   1.0000005996e-01  ) (8.0062500000e+00   5.0000000000e-03   9.9999999840e-02  ) (9.0000010000e+00   5.0000000000e-03   1.0000000014e-01  ) (1.0200001000e+01   5.0000000000e-03   9.9999999339e-02  ) 
1.55	(5.0000010000e+00   5.0000000000e-03   1.0147980767e-01  ) (5.5000010000e+00   5.0000000000e-03   1.0012773526e-01  ) (6.0000010000e+00   5.0000000000e-03   1.0000974630e-01  ) (6.5000010000e+00   5.0000000000e-03   1.0000073278e-01  ) (6.9937500000e+00   5.0000000000e-03   1.0000006329e-01  ) (8.0062500000e+00   5.0000000000e-03   9.9999999853e-02  ) (9.0000010000e+00   5.0000000000e-03   1.0000000017e-01  ) (1.0200001000e+01   5.0000000000e-03   9.9999999434e-02  ) 
1.56	(5.0000010000e+00   5.0000000000e-03   1.0155150074e-01  ) (5.5000010000e+00   5.0000000000e-03   1.0013466883e-01  ) (6.0000010000e+00   5.0000000000e-03   1.0001028583e-01  ) (6.5000010000e+00   5.0000000000e-03   1.0000077369e-01  ) (6.9937500000e+00   5.0000000000e-03   1.0000006679e-01  ) (8.0062500000e+00   5.0000000000e-03   9.9999999867e-02  ) (9.0000010000e+00   5.0000000000e-03   1.0000000019e-01  ) (1.0200001000e+01   5.0000000000e-03   9.9999999556e-02  ) 
1.57	(5.0000010000e+00   5.0000000000e-03   1.0162631182e-01  ) (5.5000010000e+00   5.0000000000e-03   1.0014197124e-01  ) (6.0000010000e+00   5.0000000000e-03   1.0001085516e-01  ) (6.5000010000e+00   5.0000000000e-03   1.0000081686e-01  ) (6.9937500000e+00   5.0000000000e-03   1.0000007049e-01  ) (8.0062500000e+00   5.0000000000e-03   9.9999999883e-02  ) (9.0000010000e+00   5.0000000000e-03   1.0000000021e-01  ) (1.0200001000e+01   5.0000000000e-03   9.9999999701e-02  ) 
1.58	(5.0000010000e+00   5.0000000000e-03   1.0170433855e-01  ) (5.5000010000e+00   5.0000000000e-03   1.0014966138e-01  ) (6.0000010000e+00   5.0000000000e-03   1.0001145592e-01  ) (6.5000010000e+00   5.0000000000e-03   1.0000086241e-01  ) (6.9937500000e+00   5.0000000000e-03   1.0000007439e-01  ) (8.0062500000e+00   5.0000000000e-03   9.9999999901e-02  ) (9.0000010000e+00   5.0000000000e-03   1.0000000022e-01  ) (1.0200001000e+01   5.0000000000e-03   9.9999999864e-02  ) 
1.59	(5.0000010000e+00   5.0000000000e-03   1.0178567697e-01  ) (5.5000010000e+00   5.0000000000e-03   1.0015775906e-01  ) (6.0000010000e+00   5.0000000000e-03   1.0001208983e-01  ) (6.5000010000e+00   5.0000000000e-03   1.0000091046e-01  ) (6.9937500000e+00   5.0000000000e-03   1.0000007851e-01  ) (8.0062500000e+00   5.0000000000e-03   9.9999999920e-02  ) (9.0000010000e+00   5.0000000000e-03   1.0000000023e-01  ) (1.0200001000e+01   5.0000000000e-03   1.0000000004e-01  ) 
1.6	(5.0000010000e+00   5.0000000000e-03   1.0187042061e-01  ) (5.5000010000e+00   5.0000000000e-03   1.0016628501e-01  ) (6.0000010000e+00   5.0000000000e-03   1.0001275871e-01  ) (6.5000010000e+00   5.0000000000e-03   1.0000096113e-01  ) (6.9937500000e+00   5.0000000000e-03   1.0000008285e-01  ) (8.0062500000e+00   5.0000000000e-03   9.9999999939e-02  ) (9.0000010000e+00   5.0000000000e-03   1.0000000024e-01  ) (1.0200001000e+01   5.0000000000e-03   1.0000000022e-01  ) 
1.61	(5.0000010000e+00   5.0000000000e-03   1.0195866020e-01  ) (5.5000010000e+00   5.0000000000e-03   1.0017526098e-01  ) (6.0000010000e+00   5.0000000000e-03   1.0001346448e-01  ) (6.5000010000e+00   5.0000000000e-03   1.0000101457e-01  ) (6.9937500000e+00   5.0000000000e-03   1.0000008743e-01  ) (8.0062500000e+00   5.0000000000e-03   9.9999999959e-02  ) (9.0000010000e+00   5.0000000000e-03   1.0000000024e-01  ) (1.0200001000e+01   5.0000000000e-03   1.0000000040e-01  ) 
1.62	(5.0000010000e+00   5.0000000000e-03   1.0205048188e-01  ) (5.5000010000e+00   5.0000000000e-03   1.0018470970e-01  ) (6.0000010000e+00   5.0000000000e-03   1.0001420915e-01  ) (6.5000010000e+00   5.0000000000e-03   1.0000107091e-01  ) (6.9937500000e+00   5.0000000000e-03   1.0000009226e-01  ) (8.0062500000e+00   5.0000000000e-03   9.9999999978e-02  ) (9.0000010000e+00   5.0000000000e-03   1.0000000024e-01  ) (1.0200001000e+01   5.0000000000e-03   1.0000000057e-01  ) 
1.63	(5.0000010000e+00   5.0000000000e-03   1.0214596692e-01  ) (5.5000010000e+00   5.0000000000e-03   1.0019465502e-01  ) (6.0000010000e+00   5.0000000000e-03   1.0001499485e-01  ) (6.5000010000e+00   5.0000000000e-03   1.0000113031e-01  ) (6.9937500000e+00   5.0000000000e-03   1.0000009736e-01  ) (8.0062500000e+00   5.0000000000e-03   9.9999999995e-02  ) (9.0000010000e+00   5.0000000000e-03   1.0000000024e-01  ) (1.0200001000e+01   5.0000000000e-03   1.0000000072e-01  ) 
1.64	(5.0000010000e+00   5.0000000000e-03   1.0224518994e-01  ) (5.5000010000e+00   5.0000000000e-03   1.0020512190e-01  ) (6.0000010000e+00   5.0000000000e-03   1.0001582383e-01  ) (6.5000010000e+00   5.0000000000e-03   1.0000119294e-01  ) (6.9937500000e+00   5.0000000000e-03   1.0000010275e-01  ) (8.0062500000e+00   5.0000000000e-03   1.0000000001e-01  ) (9.0000010000e+00   5.0000000000e-03   1.0000000023e-01  ) (1.0200001000e+01   5.0000000000e-03   1.0000000084e-01  ) 
1.65	(5.0000010000e+00   5.0000000000e-03   1.0234821753e-01  ) (5.5000010000e+00   5.0000000000e-03   1.0021613644e-01  ) (6.0000010000e+00   5.0000000000e-03   1.0001669845e-01  ) (6.5000010000e+00   5.0000000000e-03   1.0000125897e-01  ) (6.9937500000e+00   5.0000000000e-03   1.0000010844e-01  ) (8.0062500000e+00   5.0000000000e-03   1.0000000002e-01  ) (9.0000010000e+00   5.0000000000e-03   1.0000000021e-01  ) (1.0200001000e+01   5.0000000000e-03   1.0000000093e-01  ) 
1.66	(5.0000010000e+00   5.0000000000e-03   1.0245510651e-01  ) (5.5000010000e+00   5.0000000000e-03   1.0022772599e-01  ) (6.0000010000e+00   5.0000000000e-03   1.0001762120e-01  ) (6.5000010000e+00   5.0000000000e-03   1.0000132861e-01  ) (6.9937500000e+00   5.0000000000e-03   1.0000011445e-01  ) (8.0062500000e+00   5.0000000000e-03   1.0000000003e-01  ) (9.0000010000e+00   5.0000000000e-03   1.0000000020e-01  ) (1.0200001000e+01   5.0000000000e-03   1.0000000098e-01  ) 
1.67	(5.0000010000e+00   5.0000000000e-03   1.0256590082e-01  ) (5.5000010000e+00   5.0000000000e-03   1.0023991913e-01  ) (6.0000010000e+00   5.0000000000e-03   1.0001859471e-01  ) (6.5000010000e+00   5.0000000000e-03   1.0000140206e-01  ) (6.9937500000e+00   5.0000000000e-03   1.0000012079e-01  ) (8.0062500000e+00   5.0000000000e-03   1.0000000004e-01  ) (9.0000010000e+00   5.0000000000e-03   1.0000000018e-01  ) (1.0200001000e+01   5.0000000000e-03   1.0000000100e-01  ) 
1.68	(5.0000010000e+00   5.0000000000e-03   1.0268062866e-01  ) (5.5000010000e+00   5.0000000000e-03   1.0025274575e-01  ) (6.0000010000e+00   5.0000000000e-03   1.0001962176e-01  ) (6.5000010000e+00   5.0000000000e-03   1.0000147953e-01  ) (6.9937500000e+00   5.0000000000e-03   1.0000012749e-01  ) (8.0062500000e+00   5.0000000000e-03   1.0000000004e-01  ) (9.0000010000e+00   5.0000000000e-03   1.0000000015e-01  ) (1.0200001000e+01   5.0000000000e-03   1.0000000096e-01  ) 
1.69	(5.0000010000e+00   5.0000000000e-03   1.0279929609e-01  ) (5.5000010000e+00   5.0000000000e-03   1.0026623708e-01  ) (6.0000010000e+00   5.0000000000e-03   1.0002070526e-01  ) (6.5000010000e+00   5.0000000000e-03   1.0000156127e-01  ) (6.9937500000e+00   5.0000000000e-03   1.0000013457e-01  ) (8.0062500000e+00   5.0000000000e-03   1.0000000004e-01  ) (9.0000010000e+00   5.0000000000e-03   1.0000000013e-01  ) (1.0200001000e+01   5.0000000000e-03   1.0000000089e-01  ) 
1.7	(5.0000010000e+00   5.0000000000e-03   1.0292188070e-01  ) (5.5000010000e+00   5.0000000000e-03   1.0028042574e-01  ) (6.0000010000e+00   5.0000000000e-03   1.0002184828e-01  ) (6.5000010000e+00   5.0000000000e-03   1.0000164752e-01  ) (6.9937500000e+00   5.0000000000e-03   1.0000014204e-01  ) (8.0062500000e+00   5.0000000000e-03   1.0000000004e-01  ) (9.0000010000e+00   5.0000000000e-03   1.0000000010e-01  ) (1.0200001000e+01   5.0000000000e-03   1.0000000076e-01  ) 
1.71	(5.0000010000e+00   5.0000000000e-03   1.0304832463e-01  ) (5.5000010000e+00   5.0000000000e-03   1.0029534579e-01  ) (6.0000010000e+00   5.0000000000e-03   1.0002305406e-01  ) (6.5000010000e+00   5.0000000000e-03   1.0000173857e-01  ) (6.9937500000e+00   5.0000000000e-03   1.0000014992e-01  ) (8.0062500000e+00   5.0000000000e-03   1.0000000004e-01  ) (9.0000010000e+00   5.0000000000e-03   1.0000000007e-01  ) (1.0200001000e+01   5.0000000000e-03   1.0000000060e-01  ) 
1.72	(5.0000010000e+00   5.0000000000e-03   1.0317853611e-01  ) (5.5000010000e+00   5.0000000000e-03   1.0031103275e-01  ) (6.0000010000e+00   5.0000000000e-03   1.0002432601e-01  ) (6.5000010000e+00   5.0000000000e-03   1.0000183468e-01  ) (6.9937500000e+00   5.0000000000e-03   1.0000015823e-01  ) (8.0062500000e+00   5.0000000000e-03   1.0000000003e-01  ) (9.0000010000e+00   5.0000000000e-03   1.0000000004e-01  ) (1.0200001000e+01   5.0000000000e-03   1.0000000040e-01  ) 
1.73	(5.0000010000e+00   5.0000000000e-03   1.0331249501e-01  ) (5.5000010000e+00   5.0000000000e-03   1.0032752367e-01  ) (6.0000010000e+00   5.0000000000e-03   1.0002566771e-01  ) (6.5000010000e+00   5.0000000000e-03   1.0000193615e-01  ) (6.9937500000e+00   5.0000000000e-03   1.0000016700e-01  ) (8.0062500000e+00   5.0000000000e-03   1.0000000002e-01  ) (9.0000010000e+00   5.0000000000e-03   1.0000000000e-01  ) (1.0200001000e+01   5.0000000000e-03   1.0000000018e-01  ) 
1.74	(5.0000010000e+00   5.0000000000e-03   1.0345014180e-01  ) (5.5000010000e+00   5.0000000000e-03   1.0034485712e-01  ) (6.0000010000e+00   5.0000000000e-03   1.0002708293e-01  ) (6.5000010000e+00   5.0000000000e-03   1.0000204331e-01  ) (6.9937500000e+00   5.0000000000e-03   1.0000017624e-01  ) (8.0062500000e+00   5.0000000000e-03   1.0000000001e-01  ) (9.0000010000e+00   5.0000000000e-03   9.9999999970e-02  ) (1.0200001000e+01   5.0000000000e-03   9.9999999927e-02  ) 
1.75	(5.0000010000e+00   5.0000000000e-03   1.0359173662e-01  ) (5.5000010000e+00   5.0000000000e-03   1.0036307328e-01  ) (6.0000010000e+00   5.0000000000e-03   1.0002857566e-01  ) (6.5000010000e+00   5.0000000000e-03   1.0000215647e-01  ) (6.9937500000e+00   5.0000000000e-03   1.0000018598e-01  ) (8.0062500000e+00   5.0000000000e-03   1.0000000001e-01  ) (9.0000010000e+00   5.0000000000e-03   9.9999999935e-02  ) (1.0200001000e+01   5.0000000000e-03   9.9999999668e-02  ) 
1.76	(5.0000010000e+00   5.0000000000e-03   1.0373742736e-01  ) (5.5000010000e+00   5.0000000000e-03   1.0038221414e-01  ) (6.0000010000e+00   5.0000000000e-03   1.0003015008e-01  ) (6.5000010000e+00   5.0000000000e-03   1.0000227599e-01  ) (6.9937500000e+00   5.0000000000e-03   1.0000019626e-01  ) (8.0062500000e+00   5.0000000000e-03   9.9999999994e-02  ) (9.0000010000e+00   5.0000000000e-03   9.9999999899e-02  ) (1.0200001000e+01   5.0000000000e-03   9.9999999409e-02  ) 
1.77	(5.0000010000e+00   5.0000000000e-03   1.0388725309e-01  ) (5.5000010000e+00   5.0000000000e-03   1.0040232329e-01  ) (6.0000010000e+00   5.0000000000e-03   1.0003181059e-01  ) (6.5000010000e+00   5.0000000000e-03   1.0000240221e-01  ) (6.9937500000e+00   5.0000000000e-03   1.0000020710e-01  ) (8.0062500000e+00   5.0000000000e-03   9.9999999983e-02  ) (9.0000010000e+00   5.0000000000e-03   9.9999999864e-02  ) (1.0200001000e+01   5.0000000000e-03   9.9999999162e-02  ) 
1.78	(5.0000010000e+00   5.0000000000e-03   1.0404092234e-01  ) (5.5000010000e+00   5.0000000000e-03   1.0042344624e-01  ) (6.0000010000e+00   5.0000000000e-03   1.0003356183e-01  ) (6.5000010000e+00   5.0000000000e-03   1.0000253552e-01  ) (6.9937500000e+00   5.0000000000e-03   1.0000021853e-01  ) (8.0062500000e+00   5.0000000000e-03   9.9999999971e-02  ) (9.0000010000e+00   5.0000000000e-03   9.9999999829e-02  ) (1.0200001000e+01   5.0000000000e-03   9.9999998936e-02  ) 
1.79	(5.0000010000e+00   5.0000000000e-03   1.0419826750e-01  ) (5.5000010000e+00   5.0000000000e-03   1.0044563017e-01  ) (6.0000010000e+00   5.0000000000e-03   1.0003540869e-01  ) (6.5000010000e+00   5.0000000000e-03   1.0000267629e-01  ) (6.9937500000e+00   5.0000000000e-03   1.0000023060e-01  ) (8.0062500000e+00   5.0000000000e-03   9.9999999958e-02  ) (9.0000010000e+00   5.0000000000e-03   9.9999999796e-02  ) (1.0200001000e+01   5.0000000000e-03   9.9999998742e-02  ) 
1.8	(5.0000010000e+00   5.0000000000e-03   1.0435909616e-01  ) (5.5000010000e+00   5.0000000000e-03   1.0046892420e-01  ) (6.0000010000e+00   5.0000000000e-03   1.0003735630e-01  ) (6.5000010000e+00   5.0000000000e-03   1.0000282493e-01  ) (6.9937500000e+00   5.0000000000e-03   1.0000024334e-01  ) (8.0062500000e+00   5.0000000000e-03   9.9999999944e-02  ) (9.0000010000e+00   5.0000000000e-03   9.9999999765e-02  ) (1.0200001000e+01   5.0000000000e-03   9.9999998590e-02  ) 
1.81	(5.0000010000e+00   5.0000000000e-03   1.0452318410e-01  ) (5.5000010000e+00   5.0000000000e-03   1.0049337929e-01  ) (6.0000010000e+00   5.0000000000e-03   1.0003941008e-01  ) (6.5000010000e+00   5.0000000000e-03   1.0000298185e-01  ) (6.9937500000e+00   5.0000000000e-03   1.0000025679e-01  ) (8.0062500000e+00   5.0000000000e-03   9.9999999931e-02  ) (9.0000010000e+00   5.0000000000e-03   9.9999999736e-02  ) (1.0200001000e+01   5.0000000000e-03   9.9999998489e-02  ) 
1.82	(5.0000010000e+00   5.0000000000e-03   1.0469025852e-01  ) (5.5000010000e+00   5.0000000000e-03   1.0051904833e-01  ) (6.0000010000e+00   5.0000000000e-03   1.0004157572e-01  ) (6.5000010000e+00   5.0000000000e-03   1.0000314751e-01  ) (6.9937500000e+00   5.0000000000e-03   1.0000027100e-01  ) (8.0062500000e+00   5.0000000000e-03   9.9999999917e-02  ) (9.0000010000e+00   5.0000000000e-03   9.9999999709e-02  ) (1.0200001000e+01   5.0000000000e-03   9.9999998441e-02  ) 
1.83	(5.0000010000e+00   5.0000000000e-03   1.0485997255e-01  ) (5.5000010000e+00   5.0000000000e-03   1.0054598616e-01  ) (6.0000010000e+00   5.0000000000e-03   1.0004385920e-01  ) (6.5000010000e+00   5.0000000000e-03   1.0000332235e-01  ) (6.9937500000e+00   5.0000000000e-03   1.0000028601e-01  ) (8.0062500000e+00   5.0000000000e-03   9.9999999903e-02  ) (9.0000010000e+00   5.0000000000e-03   9.9999999686e-02  ) (1.0200001000e+01   5.0000000000e-03   9.9999998449e-02  ) 
1.84	(5.0000010000e+00   5.0000000000e-03   1.0503187813e-01  ) (5.5000010000e+00   5.0000000000e-03   1.0057424959e-01  ) (6.0000010000e+00   5.0000000000e-03   1.0004626683e-01  ) (6.5000010000e+00   5.0000000000e-03   1.0000350687e-01  ) (6.9937500000e+00   5.0000000000e-03   1.0000030187e-01  ) (8.0062500000e+00   5.0000000000e-03   9.9999999889e-02  ) (9.0000010000e+00   5.0000000000e-03   9.9999999666e-02  ) (1.0200001000e+01   5.0000000000e-03   9.9999998514e-02  ) 
1.85	(5.0000010000e+00   5.0000000000e-03   1.0520542402e-01  ) (5.5000010000e+00   5.0000000000e-03   1.0060389739e-01  ) (6.0000010000e+00   5.0000000000e-03   1.0004880524e-01  ) (6.5000010000e+00   5.0000000000e-03   1.0000370155e-01  ) (6.9937500000e+00   5.0000000000e-03   1.0000031863e-01  ) (8.0062500000e+00   5.0000000000e-03   9.9999999876e-02  ) (9.0000010000e+00   5.0000000000e-03   9.9999999651e-02  ) (1.0200001000e+01   5.0000000000e-03   9.9999998634e-02  ) 
1.86	(5.0000010000e+00   5.0000000000e-03   1.0538000391e-01  ) (5.5000010000e+00   5.0000000000e-03   1.0063499035e-01  ) (6.0000010000e+00   5.0000000000e-03   1.0005148138e-01  ) (6.5000010000e+00   5.0000000000e-03   1.0000390695e-01  ) (6.9937500000e+00   5.0000000000e-03   1.0000033632e-01  ) (8.0062500000e+00   5.0000000000e-03   9.9999999864e-02  ) (9.0000010000e+00   5.0000000000e-03   9.9999999639e-02  ) (1.0200001000e+01   5.0000000000e-03   9.9999998808e-02  ) 
1.87	(5.0000010000e+00   5.0000000000e-03   1.0555504899e-01  ) (5.5000010000e+00   5.0000000000e-03   1.0066759119e-01  ) (6.0000010000e+00   5.0000000000e-03   1.0005430260e-01  ) (6.5000010000e+00   5.0000000000e-03   1.0000412363e-01  ) (6.9937500000e+00   5.0000000000e-03   1.0000035502e-01  ) (8.0062500000e+00   5.0000000000e-03   9.9999999854e-02  ) (9.0000010000e+00   5.0000000000e-03   9.9999999632e-02  ) (1.0200001000e+01   5.0000000000e-03   9.9999999031e-02  ) 
1.88	(5.0000010000e+00   5.0000000000e-03   1.0573023832e-01  ) (5.5000010000e+00   5.0000000000e-03   1.0070176470e-01  ) (6.0000010000e+00   5.0000000000e-03   1.0005727659e-01  ) (6.5000010000e+00   5.0000000000e-03   1.0000435218e-01  ) (6.9937500000e+00   5.0000000000e-03   1.0000037476e-01  ) (8.0062500000e+00   5.0000000000e-03   9.9999999846e-02  ) (9.0000010000e+00   5.0000000000e-03   9.9999999630e-02  ) (1.0200001000e+01   5.0000000000e-03   9.9999999293e-02  ) 
1.89	(5.0000010000e+00   5.0000000000e-03   1.0590526790e-01  ) (5.5000010000e+00   5.0000000000e-03   1.0073757776e-01  ) (6.0000010000e+00   5.0000000000e-03   1.0006041145e-01  ) (6.5000010000e+00   5.0000000000e-03   1.0000459326e-01  ) (6.9937500000e+00   5.0000000000e-03   1.0000039560e-01  ) (8.0062500000e+00   5.0000000000e-03   9.9999999841e-02  ) (9.0000010000e+00   5.0000000000e-03   9.9999999633e-02  ) (1.0200001000e+01   5.0000000000e-03   9.9999999584e-02  ) 
1.9	(5.0000010000e+00   5.0000000000e-03   1.0608008377e-01  ) (5.5000010000e+00   5.0000000000e-03   1.0077509915e-01  ) (6.0000010000e+00   5.0000000000e-03   1.0006371570e-01  ) (6.5000010000e+00   5.0000000000e-03   1.0000484754e-01  ) (6.9937500000e+00   5.0000000000e-03   1.0000041760e-01  ) (8.0062500000e+00   5.0000000000e-03   9.9999999838e-02  ) (9.0000010000e+00   5.0000000000e-03   9.9999999640e-02  ) (1.0200001000e+01   5.0000000000e-03   9.9999999892e-02  ) 
1.91	(5.0000010000e+00   5.0000000000e-03   1.0625467772e-01  ) (5.5000010000e+00   5.0000000000e-03   1.0081439969e-01  ) (6.0000010000e+00   5.0000000000e-03   1.0006719828e-01  ) (6.5000010000e+00   5.0000000000e-03   1.0000511575e-01  ) (6.9937500000e+00   5.0000000000e-03   1.0000044083e-01  ) (8.0062500000e+00   5.0000000000e-03   9.9999999839e-02  ) (9.0000010000e+00   5.0000000000e-03   9.9999999653e-02  ) (1.0200001000e+01   5.0000000000e-03   1.0000000020e-01  ) 
1.92	(5.0000010000e+00   5.0000000000e-03   1.0642896345e-01  ) (5.5000010000e+00   5.0000000000e-03   1.0085555175e-01  ) (6.0000010000e+00   5.0000000000e-03   1.0007086858e-01  ) (6.5000010000e+00   5.0000000000e-03   1.0000539865e-01  ) (6.9937500000e+00   5.0000000000e-03   1.0000046534e-01  ) (8.0062500000e+00   5.0000000000e-03   9.9999999844e-02  ) (9.0000010000e+00   5.0000000000e-03   9.9999999669e-02  ) (1.0200001000e+01   5.0000000000e-03   1.0000000050e-01  ) 
1.93	(5.0000010000e+00   5.0000000000e-03   1.0660199169e-01  ) (5.5000010000e+00   5.0000000000e-03   1.0089862872e-01  ) (6.0000010000e+00   5.0000000000e-03   1.0007473651e-01  ) (6.5000010000e+00   5.0000000000e-03   1.0000569709e-01  ) (6.9937500000e+00   5.0000000000e-03   1.0000049121e-01  ) (8.0062500000e+00   5.0000000000e-03   9.9999999852e-02  ) (9.0000010000e+00   5.0000000000e-03   9.9999999691e-02  ) (1.0200001000e+01   5.0000000000e-03   1.0000000078e-01  ) 
1.94	(5.0000010000e+00   5.0000000000e-03   1.0677300906e-01  ) (5.5000010000e+00   5.0000000000e-03   1.0094370506e-01  ) (6.0000010000e+00   5.0000000000e-03   1.0007881242e-01  ) (6.5000010000e+00   5.0000000000e-03   1.0000601192e-01  ) (6.9937500000e+00   5.0000000000e-03   1.0000051851e-01  ) (8.0062500000e+00   5.0000000000e-03   9.9999999865e-02  ) (9.0000010000e+00   5.0000000000e-03   9.9999999715e-02  ) (1.0200001000e+01   5.0000000000e-03   1.0000000102e-01  ) 
1.95	(5.0000010000e+00   5.0000000000e-03   1.0694129557e-01  ) (5.5000010000e+00   5.0000000000e-03   1.0099084958e-01  ) (6.0000010000e+00   5.0000000000e-03   1.0008310722e-01  ) (6.5000010000e+00   5.0000000000e-03   1.0000634407e-01  ) (6.9937500000e+00   5.0000000000e-03   1.0000054733e-01  ) (8.0062500000e+00   5.0000000000e-03   9.9999999883e-02  ) (9.0000010000e+00   5.0000000000e-03   9.9999999744e-02  ) (1.0200001000e+01   5.0000000000e-03   1.0000000120e-01  ) 
1.96	(5.0000010000e+00   5.0000000000e-03   1.0710612846e-01  ) (5.5000010000e+00   5.0000000000e-03   1.0104015276e-01  ) (6.0000010000e+00   5.0000000000e-03   1.0008763237e-01  ) (6.5000010000e+00   5.0000000000e-03   1.0000669453e-01  ) (6.9937500000e+00   5.0000000000e-03   1.0000057773e-01  ) (8.0062500000e+00   5.0000000000e-03   9.9999999905e-02  ) (9.0000010000e+00   5.0000000000e-03   9.9999999775e-02  ) (1.0200001000e+01   5.0000000000e-03   1.0000000133e-01  ) 
1.97	(5.0000010000e+00   5.0000000000e-03   1.0726676536e-01  ) (5.5000010000e+00   5.0000000000e-03   1.0109171864e-01  ) (6.0000010000e+00   5.0000000000e-03   1.0009239987e-01  ) (6.5000010000e+00   5.0000000000e-03   1.0000706433e-01  ) (6.9937500000e+00   5.0000000000e-03   1.0000060983e-01  ) (8.0062500000e+00   5.0000000000e-03   9.9999999931e-02  ) (9.0000010000e+00   5.0000000000e-03   9.9999999808e-02  ) (1.0200001000e+01   5.0000000000e-03   1.0000000140e-01  ) 
1.98	(5.0000010000e+00   5.0000000000e-03   1.0742245043e-01  ) (5.5000010000e+00   5.0000000000e-03   1.0114565398e-01  ) (6.0000010000e+00   5.0000000000e-03   1.0009742238e-01  ) (6.5000010000e+00   5.0000000000e-03   1.0000745456e-01  ) (6.9937500000e+00   5.0000000000e-03   1.0000064371e-01  ) (8.0062500000e+00   5.0000000000e-03   9.9999999961e-02  ) (9.0000010000e+00   5.0000000000e-03   9.9999999842e-02  ) (1.0200001000e+01   5.0000000000e-03   1.0000000141e-01  ) 
1.99	(5.0000010000e+00   5.0000000000e-03   1.0757242365e-01  ) (5.5000010000e+00   5.0000000000e-03   1.0120204917e-01  ) (6.0000010000e+00   5.0000000000e-03   1.0010271311e-01  ) (6.5000010000e+00   5.0000000000e-03   1.0000786637e-01  ) (6.9937500000e+00   5.0000000000e-03   1.0000067946e-01  ) (8.0062500000e+00   5.0000000000e-03   9.9999999995e-02  ) (9.0000010000e+00   5.0000000000e-03   9.9999999878e-02  ) (1.0200001000e+01   5.0000000000e-03   1.0000000135e-01  ) 
2	(5.0000010000e+00   5.0000000000e-03   1.0771594081e-01  ) (5.5000010000e+00   5.0000000000e-03   1.0126100358e-01  ) (6.0000010000e+00   5.0000000000e-03   1.0010828599e-01  ) (6.5000010000e+00   5.0000000000e-03   1.0000830098e-01  ) (6.9937500000e+00   5.0000000000e-03   1.0000071721e-01  ) (8.0062500000e+00   5.0000000000e-03   1.0000000003e-01  ) (9.0000010000e+00   5.0000000000e-03   9.9999999913e-02  ) (1.0200001000e+01   5.0000000000e-03   1.0000000123e-01  ) 
2.01	(5.0000010000e+00   5.0000000000e-03   1.0785229670e-01  ) (5.5000010000e+00   5.0000000000e-03   1.0132261547e-01  ) (6.0000010000e+00   5.0000000000e-03   1.0011415559e-01  ) (6.5000010000e+00   5.0000000000e-03   1.0000875965e-01  ) (6.9937500000e+00   5.0000000000e-03   1.0000075705e-01  ) (8.0062500000e+00   5.0000000000e-03   1.0000000007e-01  ) (9.0000010000e+00   5.0000000000e-03   9.9999999948e-02  ) (1.0200001000e+01   5.0000000000e-03   1.0000000105e-01  ) 
2.02	(5.0000010000e+00   5.0000000000e-03   1.0798083628e-01  ) (5.5000010000e+00   5.0000000000e-03   1.0138698257e-01  ) (6.0000010000e+00   5.0000000000e-03   1.0012033724e-01  ) (6.5000010000e+00   5.0000000000e-03   1.0000924371e-01  ) (6.9937500000e+00   5.0000000000e-03   1.0000079911e-01  ) (8.0062500000e+00   5.0000000000e-03   1.0000000012e-01  ) (9.0000010000e+00   5.0000000000e-03   9.9999999981e-02  ) (1.0200001000e+01   5.0000000000e-03   1.0000000083e-01  ) 
2.03	(5.0000010000e+00   5.0000000000e-03   1.0810095626e-01  ) (5.5000010000e+00   5.0000000000e-03   1.0145420229e-01  ) (6.0000010000e+00   5.0000000000e-03   1.0012684695e-01  ) (6.5000010000e+00   5.0000000000e-03   1.0000975455e-01  ) (6.9937500000e+00   5.0000000000e-03   1.0000084350e-01  ) (8.0062500000e+00   5.0000000000e-03   1.0000000017e-01  ) (9.0000010000e+00   5.0000000000e-03   1.0000000001e-01  ) (1.0200001000e+01   5.0000000000e-03   1.0000000057e-01  ) 
2.04	(5.0000010000e+00   5.0000000000e-03   1.0821211027e-01  ) (5.5000010000e+00   5.0000000000e-03   1.0152437246e-01  ) (6.0000010000e+00   5.0000000000e-03   1.0013370157e-01  ) (6.5000010000e+00   5.0000000000e-03   1.0001029365e-01  ) (6.9937500000e+00   5.0000000000e-03   1.0000089036e-01  ) (8.0062500000e+00   5.0000000000e-03   1.0000000022e-01  ) (9.0000010000e+00   5.0000000000e-03   1.0000000004e-01  ) (1.0200001000e+01   5.0000000000e-03   1.0000000028e-01  ) 
2.05	(5.0000010000e+00   5.0000000000e-03   1.0831380632e-01  ) (5.5000010000e+00   5.0000000000e-03   1.0159759060e-01  ) (6.0000010000e+00   5.0000000000e-03   1.0014091874e-01  ) (6.5000010000e+00   5.0000000000e-03   1.0001086253e-01  ) (6.9937500000e+00   5.0000000000e-03   1.0000093981e-01  ) (8.0062500000e+00   5.0000000000e-03   1.0000000027e-01  ) (9.0000010000e+00   5.0000000000e-03   1.0000000006e-01  ) (1.0200001000e+01   5.0000000000e-03   9.9999999990e-02  ) 
2.06	(5.0000010000e+00   5.0000000000e-03   1.0840565859e-01  ) (5.5000010000e+00   5.0000000000e-03   1.0167395311e-01  ) (6.0000010000e+00   5.0000000000e-03   1.0014851692e-01  ) (6.5000010000e+00   5.0000000000e-03   1.0001146280e-01  ) (6.9937500000e+00   5.0000000000e-03   1.0000099201e-01  ) (8.0062500000e+00   5.0000000000e-03   1.0000000032e-01  ) (9.0000010000e+00   5.0000000000e-03   1.0000000009e-01  ) (1.0200001000e+01   5.0000000000e-03   9.9999999700e-02  ) 
2.07	(5.0000010000e+00   5.0000000000e-03   1.0848720274e-01  ) (5.5000010000e+00   5.0000000000e-03   1.0175355526e-01  ) (6.0000010000e+00   5.0000000000e-03   1.0015651551e-01  ) (6.5000010000e+00   5.0000000000e-03   1.0001209616e-01  ) (6.9937500000e+00   5.0000000000e-03   1.0000104709e-01  ) (8.0062500000e+00   5.0000000000e-03   1.0000000038e-01  ) (9.0000010000e+00   5.0000000000e-03   1.0000000010e-01  ) (1.0200001000e+01   5.0000000000e-03   9.9999999426e-02  ) 
2.08	(5.0000010000e+00   5.0000000000e-03   1.0855817371e-01  ) (5.5000010000e+00   5.0000000000e-03   1.0183648972e-01  ) (6.0000010000e+00   5.0000000000e-03   1.0016493477e-01  ) (6.5000010000e+00   5.0000000000e-03   1.0001276438e-01  ) (6.9937500000e+00   5.0000000000e-03   1.0000110521e-01  ) (8.0062500000e+00   5.0000000000e-03   1.0000000043e-01  ) (9.0000010000e+00   5.0000000000e-03   1.0000000012e-01  ) (1.0200001000e+01   5.0000000000e-03   9.9999999181e-02  ) 
2.09	(5.0000010000e+00   5.0000000000e-03   1.0861836695e-01  ) (5.5000010000e+00   5.0000000000e-03   1.0192284682e-01  ) (6.0000010000e+00   5.0000000000e-03   1.0017379596e-01  ) (6.5000010000e+00   5.0000000000e-03   1.0001346934e-01  ) (6.9937500000e+00   5.0000000000e-03   1.0000116655e-01  ) (8.0062500000e+00   5.0000000000e-03   1.0000000049e-01  ) (9.0000010000e+00   5.0000000000e-03   1.0000000012e-01  ) (1.0200001000e+01   5.0000000000e-03   9.9999998978e-02  ) 
2.1	(5.0000010000e+00   5.0000000000e-03   1.0866764688e-01  ) (5.5000010000e+00   5.0000000000e-03   1.0201271324e-01  ) (6.0000010000e+00   5.0000000000e-03   1.0018312134e-01  ) (6.5000010000e+00   5.0000000000e-03   1.0001421301e-01  ) (6.9937500000e+00   5.0000000000e-03   1.0000123127e-01  ) (8.0062500000e+00   5.0000000000e-03   1.0000000055e-01  ) (9.0000010000e+00   5.0000000000e-03   1.0000000013e-01  ) (1.0200001000e+01   5.0000000000e-03   9.9999998823e-02  ) 
2.11	(5.0000010000e+00   5.0000000000e-03   1.0870559099e-01  ) (5.5000010000e+00   5.0000000000e-03   1.0210617093e-01  ) (6.0000010000e+00   5.0000000000e-03   1.0019293418e-01  ) (6.5000010000e+00   5.0000000000e-03   1.0001499748e-01  ) (6.9937500000e+00   5.0000000000e-03   1.0000129957e-01  ) (8.0062500000e+00   5.0000000000e-03   1.0000000061e-01  ) (9.0000010000e+00   5.0000000000e-03   1.0000000013e-01  ) (1.0200001000e+01   5.0000000000e-03   9.9999998724e-02  ) 
2.12	(5.0000010000e+00   5.0000000000e-03   1.0873194840e-01  ) (5.5000010000e+00   5.0000000000e-03   1.0220329636e-01  ) (6.0000010000e+00   5.0000000000e-03   1.0020325886e-01  ) (6.5000010000e+00   5.0000000000e-03   1.0001582495e-01  ) (6.9937500000e+00   5.0000000000e-03   1.0000137164e-01  ) (8.0062500000e+00   5.0000000000e-03   1.0000000067e-01  ) (9.0000010000e+00   5.0000000000e-03   1.0000000012e-01  ) (1.0200001000e+01   5.0000000000e-03   9.9999998683e-02  ) 
2.13	(5.0000010000e+00   5.0000000000e-03   1.0874646173e-01  ) (5.5000010000e+00   5.0000000000e-03   1.0230415880e-01  ) (6.0000010000e+00   5.0000000000e-03   1.0021412088e-01  ) (6.5000010000e+00   5.0000000000e-03   1.0001669775e-01  ) (6.9937500000e+00   5.0000000000e-03   1.0000144768e-01  ) (8.0062500000e+00   5.0000000000e-03   1.0000000072e-01  ) (9.0000010000e+00   5.0000000000e-03   1.0000000011e-01  ) (1.0200001000e+01   5.0000000000e-03   9.9999998700e-02  ) 
2.14	(5.0000010000e+00   5.0000000000e-03   1.0874958870e-01  ) (5.5000010000e+00   5.0000000000e-03   1.0240881946e-01  ) (6.0000010000e+00   5.0000000000e-03   1.0022554694e-01  ) (6.5000010000e+00   5.0000000000e-03   1.0001761832e-01  ) (6.9937500000e+00   5.0000000000e-03   1.0000152793e-01  ) (8.0062500000e+00   5.0000000000e-03   1.0000000078e-01  ) (9.0000010000e+00   5.0000000000e-03   1.0000000009e-01  ) (1.0200001000e+01   5.0000000000e-03   9.9999998771e-02  ) 
2.15	(5.0000010000e+00   5.0000000000e-03   1.0874121676e-01  ) (5.5000010000e+00   5.0000000000e-03   1.0251732733e-01  ) (6.0000010000e+00   5.0000000000e-03   1.0023756490e-01  ) (6.5000010000e+00   5.0000000000e-03   1.0001858928e-01  ) (6.9937500000e+00   5.0000000000e-03   1.0000161261e-01  ) (8.0062500000e+00   5.0000000000e-03   1.0000000083e-01  ) (9.0000010000e+00   5.0000000000e-03   1.0000000007e-01  ) (1.0200001000e+01   5.0000000000e-03   9.9999998895e-02  ) 
2.16	(5.0000010000e+00   5.0000000000e-03   1.0872096642e-01  ) (5.5000010000e+00   5.0000000000e-03   1.0262971877e-01  ) (6.0000010000e+00   5.0000000000e-03   1.0025020393e-01  ) (6.5000010000e+00   5.0000000000e-03   1.0001961335e-01  ) (6.9937500000e+00   5.0000000000e-03   1.0000170197e-01  ) (8.0062500000e+00   5.0000000000e-03   1.0000000088e-01  ) (9.0000010000e+00   5.0000000000e-03   1.0000000005e-01  ) (1.0200001000e+01   5.0000000000e-03   9.9999999064e-02  ) 
2.17	(5.0000010000e+00   5.0000000000e-03   1.0868870714e-01  ) (5.5000010000e+00   5.0000000000e-03   1.0274600981e-01  ) (6.0000010000e+00   5.0000000000e-03   1.0026349447e-01  ) (6.5000010000e+00   5.0000000000e-03   1.0002069343e-01  ) (6.9937500000e+00   5.0000000000e-03   1.0000179626e-01  ) (8.0062500000e+00   5.0000000000e-03   1.0000000093e-01  ) (9.0000010000e+00   5.0000000000e-03   1.0000000002e-01  ) (1.0200001000e+01   5.0000000000e-03   9.9999999271e-02  ) 
2.18	(5.0000010000e+00   5.0000000000e-03   1.0864474044e-01  ) (5.5000010000e+00   5.0000000000e-03   1.0286619028e-01  ) (6.0000010000e+00   5.0000000000e-03   1.0027746826e-01  ) (6.5000010000e+00   5.0000000000e-03   1.0002183256e-01  ) (6.9937500000e+00   5.0000000000e-03   1.0000189577e-01  ) (8.0062500000e+00   5.0000000000e-03   1.0000000098e-01  ) (9.0000010000e+00   5.0000000000e-03   9.9999999991e-02  ) (1.0200001000e+01   5.0000000000e-03   9.9999999503e-02  ) 
2.19	(5.0000010000e+00   5.0000000000e-03   1.0858935837e-01  ) (5.5000010000e+00   5.0000000000e-03   1.0299021993e-01  ) (6.0000010000e+00   5.0000000000e-03   1.0029215851e-01  ) (6.5000010000e+00   5.0000000000e-03   1.0002303397e-01  ) (6.9937500000e+00   5.0000000000e-03   1.0000200078e-01  ) (8.0062500000e+00   5.0000000000e-03   1.0000000102e-01  ) (9.0000010000e+00   5.0000000000e-03   9.9999999957e-02  ) (1.0200001000e+01   5.0000000000e-03   9.9999999749e-02  ) 
2.2	(5.0000010000e+00   5.0000000000e-03   1.0852296042e-01  ) (5.5000010000e+00   5.0000000000e-03   1.0311802150e-01  ) (6.0000010000e+00   5.0000000000e-03   1.0030759981e-01  ) (6.5000010000e+00   5.0000000000e-03   1.0002430103e-01  ) (6.9937500000e+00   5.0000000000e-03   1.0000211158e-01  ) (8.0062500000e+00   5.0000000000e-03   1.0000000106e-01  ) (9.0000010000e+00   5.0000000000e-03   9.9999999922e-02  ) (1.0200001000e+01   5.0000000000e-03   9.9999999995e-02  ) 
2.21	(5.0000010000e+00   5.0000000000e-03   1.0844595001e-01  ) (5.5000010000e+00   5.0000000000e-03   1.0324951258e-01  ) (6.0000010000e+00   5.0000000000e-03   1.0032382830e-01  ) (6.5000010000e+00   5.0000000000e-03   1.0002563732e-01  ) (6.9937500000e+00   5.0000000000e-03   1.0000222852e-01  ) (8.0062500000e+00   5.0000000000e-03   1.0000000110e-01  ) (9.0000010000e+00   5.0000000000e-03   9.9999999885e-02  ) (1.0200001000e+01   5.0000000000e-03   1.0000000023e-01  ) 
2.22	(5.0000010000e+00   5.0000000000e-03   1.0835875841e-01  ) (5.5000010000e+00   5.0000000000e-03   1.0338469830e-01  ) (6.0000010000e+00   5.0000000000e-03   1.0034088164e-01  ) (6.5000010000e+00   5.0000000000e-03   1.0002704657e-01  ) (6.9937500000e+00   5.0000000000e-03   1.0000235191e-01  ) (8.0062500000e+00   5.0000000000e-03   1.0000000113e-01  ) (9.0000010000e+00   5.0000000000e-03   9.9999999847e-02  ) (1.0200001000e+01   5.0000000000e-03   1.0000000044e-01  ) 
2.23	(5.0000010000e+00   5.0000000000e-03   1.0826185090e-01  ) (5.5000010000e+00   5.0000000000e-03   1.0352360462e-01  ) (6.0000010000e+00   5.0000000000e-03   1.0035879907e-01  ) (6.5000010000e+00   5.0000000000e-03   1.0002853274e-01  ) (6.9937500000e+00   5.0000000000e-03   1.0000248212e-01  ) (8.0062500000e+00   5.0000000000e-03   1.0000000116e-01  ) (9.0000010000e+00   5.0000000000e-03   9.9999999810e-02  ) (1.0200001000e+01   5.0000000000e-03   1.0000000062e-01  ) 
2.24	(5.0000010000e+00   5.0000000000e-03   1.0815572729e-01  ) (5.5000010000e+00   5.0000000000e-03   1.0366649480e-01  ) (6.0000010000e+00   5.0000000000e-03   1.0037762150e-01  ) (6.5000010000e+00   5.0000000000e-03   1.0003009998e-01  ) (6.9937500000e+00   5.0000000000e-03   1.0000261953e-01  ) (8.0062500000e+00   5.0000000000e-03   1.0000000119e-01  ) (9.0000010000e+00   5.0000000000e-03   9.9999999774e-02  ) (1.0200001000e+01   5.0000000000e-03   1.0000000075e-01  ) 
2.25	(5.0000010000e+00   5.0000000000e-03   1.0804090567e-01  ) (5.5000010000e+00   5.0000000000e-03   1.0381352257e-01  ) (6.0000010000e+00   5.0000000000e-03   1.0039739149e-01  ) (6.5000010000e+00   5.0000000000e-03   1.0003175263e-01  ) (6.9937500000e+00   5.0000000000e-03   1.0000276454e-01  ) (8.0062500000e+00   5.0000000000e-03   1.0000000122e-01  ) (9.0000010000e+00   5.0000000000e-03   9.9999999739e-02  ) (1.0200001000e+01   5.0000000000e-03   1.0000000084e-01  ) 
2.26	(5.0000010000e+00   5.0000000000e-03   1.0791792703e-01  ) (5.5000010000e+00   5.0000000000e-03   1.0396445419e-01  ) (6.0000010000e+00   5.0000000000e-03   1.0041815336e-01  ) (6.5000010000e+00   5.0000000000e-03   1.0003349528e-01  ) (6.9937500000e+00   5.0000000000e-03   1.0000291755e-01  ) (8.0062500000e+00   5.0000000000e-03   1.0000000125e-01  ) (9.0000010000e+00   5.0000000000e-03   9.9999999707e-02  ) (1.0200001000e+01   5.0000000000e-03   1.0000000088e-01  ) 
2.27	(5.0000010000e+00   5.0000000000e-03   1.0778734962e-01  ) (5.5000010000e+00   5.0000000000e-03   1.0411909455e-01  ) (6.0000010000e+00   5.0000000000e-03   1.0043995317e-01  ) (6.5000010000e+00   5.0000000000e-03   1.0003533276e-01  ) (6.9937500000e+00   5.0000000000e-03   1.0000307902e-01  ) (8.0062500000e+00   5.0000000000e-03   1.0000000128e-01  ) (9.0000010000e+00   5.0000000000e-03   9.9999999679e-02  ) (1.0200001000e+01   5.0000000000e-03   1.0000000086e-01  ) 
2.28	(5.0000010000e+00   5.0000000000e-03   1.0764973998e-01  ) (5.5000010000e+00   5.0000000000e-03   1.0427726259e-01  ) (6.0000010000e+00   5.0000000000e-03   1.0046283883e-01  ) (6.5000010000e+00   5.0000000000e-03   1.0003727011e-01  ) (6.9937500000e+00   5.0000000000e-03   1.0000324941e-01  ) (8.0062500000e+00   5.0000000000e-03   1.0000000132e-01  ) (9.0000010000e+00   5.0000000000e-03   9.9999999654e-02  ) (1.0200001000e+01   5.0000000000e-03   1.0000000081e-01  ) 
2.29	(5.0000010000e+00   5.0000000000e-03   1.0750566968e-01  ) (5.5000010000e+00   5.0000000000e-03   1.0443875200e-01  ) (6.0000010000e+00   5.0000000000e-03   1.0048686003e-01  ) (6.5000010000e+00   5.0000000000e-03   1.0003931266e-01  ) (6.9937500000e+00   5.0000000000e-03   1.0000342922e-01  ) (8.0062500000e+00   5.0000000000e-03   1.0000000135e-01  ) (9.0000010000e+00   5.0000000000e-03   9.9999999635e-02  ) (1.0200001000e+01   5.0000000000e-03   1.0000000070e-01  ) 
2.3	(5.0000010000e+00   5.0000000000e-03   1.0735572284e-01  ) (5.5000010000e+00   5.0000000000e-03   1.0460331909e-01  ) (6.0000010000e+00   5.0000000000e-03   1.0051206839e-01  ) (6.5000010000e+00   5.0000000000e-03   1.0004146602e-01  ) (6.9937500000e+00   5.0000000000e-03   1.0000361896e-01  ) (8.0062500000e+00   5.0000000000e-03   1.0000000139e-01  ) (9.0000010000e+00   5.0000000000e-03   9.9999999621e-02  ) (1.0200001000e+01   5.0000000000e-03   1.0000000056e-01  ) 
2.31	(5.0000010000e+00   5.0000000000e-03   1.0720047334e-01  ) (5.5000010000e+00   5.0000000000e-03   1.0477066081e-01  ) (6.0000010000e+00   5.0000000000e-03   1.0053851740e-01  ) (6.5000010000e+00   5.0000000000e-03   1.0004373606e-01  ) (6.9937500000e+00   5.0000000000e-03   1.0000381918e-01  ) (8.0062500000e+00   5.0000000000e-03   1.0000000143e-01  ) (9.0000010000e+00   5.0000000000e-03   9.9999999613e-02  ) (1.0200001000e+01   5.0000000000e-03   1.0000000039e-01  ) 
2.32	(5.0000010000e+00   5.0000000000e-03   1.0704050737e-01  ) (5.5000010000e+00   5.0000000000e-03   1.0494039039e-01  ) (6.0000010000e+00   5.0000000000e-03   1.0056626248e-01  ) (6.5000010000e+00   5.0000000000e-03   1.0004612898e-01  ) (6.9937500000e+00   5.0000000000e-03   1.0000403046e-01  ) (8.0062500000e+00   5.0000000000e-03   1.0000000149e-01  ) (9.0000010000e+00   5.0000000000e-03   9.9999999611e-02  ) (1.0200001000e+01   5.0000000000e-03   1.0000000020e-01  ) 
2.33	(5.0000010000e+00   5.0000000000e-03   1.0687649630e-01  ) (5.5000010000e+00   5.0000000000e-03   1.0511201507e-01  ) (6.0000010000e+00   5.0000000000e-03   1.0059536097e-01  ) (6.5000010000e+00   5.0000000000e-03   1.0004865129e-01  ) (6.9937500000e+00   5.0000000000e-03   1.0000425341e-01  ) (8.0062500000e+00   5.0000000000e-03   1.0000000154e-01  ) (9.0000010000e+00   5.0000000000e-03   9.9999999616e-02  ) (1.0200001000e+01   5.0000000000e-03   9.9999999996e-02  ) 
2.34	(5.0000010000e+00   5.0000000000e-03   1.0670979370e-01  ) (5.5000010000e+00   5.0000000000e-03   1.0528495811e-01  ) (6.0000010000e+00   5.0000000000e-03   1.0062587220e-01  ) (6.5000010000e+00   5.0000000000e-03   1.0005130985e-01  ) (6.9937500000e+00   5.0000000000e-03   1.0000448867e-01  ) (8.0062500000e+00   5.0000000000e-03   1.0000000161e-01  ) (9.0000010000e+00   5.0000000000e-03   9.9999999627e-02  ) (1.0200001000e+01   5.0000000000e-03   9.9999999789e-02  ) 
2.35	(5.0000010000e+00   5.0000000000e-03   1.0654261271e-01  ) (5.5000010000e+00   5.0000000000e-03   1.0545862203e-01  ) (6.0000010000e+00   5.0000000000e-03   1.0065785747e-01  ) (6.5000010000e+00   5.0000000000e-03   1.0005411186e-01  ) (6.9937500000e+00   5.0000000000e-03   1.0000473692e-01  ) (8.0062500000e+00   5.0000000000e-03   1.0000000169e-01  ) (9.0000010000e+00   5.0000000000e-03   9.9999999645e-02  ) (1.0200001000e+01   5.0000000000e-03   9.9999999589e-02  ) 
2.36	(5.0000010000e+00   5.0000000000e-03   1.0637535655e-01  ) (5.5000010000e+00   5.0000000000e-03   1.0563249237e-01  ) (6.0000010000e+00   5.0000000000e-03   1.0069137988e-01  ) (6.5000010000e+00   5.0000000000e-03   1.0005706491e-01  ) (6.9937500000e+00   5.0000000000e-03   1.0000499887e-01  ) (8.0062500000e+00   5.0000000000e-03   1.0000000178e-01  ) (9.0000010000e+00   5.0000000000e-03   9.9999999669e-02  ) (1.0200001000e+01   5.0000000000e-03   9.9999999404e-02  ) 
2.37	(5.0000010000e+00   5.0000000000e-03   1.0620741995e-01  ) (5.5000010000e+00   5.0000000000e-03   1.0580638527e-01  ) (6.0000010000e+00   5.0000000000e-03   1.0072650488e-01  ) (6.5000010000e+00   5.0000000000e-03   1.0006017695e-01  ) (6.9937500000e+00   5.0000000000e-03   1.0000527528e-01  ) (8.0062500000e+00   5.0000000000e-03   1.0000000188e-01  ) (9.0000010000e+00   5.0000000000e-03   9.9999999698e-02  ) (1.0200001000e+01   5.0000000000e-03   9.9999999243e-02  ) 
2.38	(5.0000010000e+00   5.0000000000e-03   1.0603821931e-01  ) (5.5000010000e+00   5.0000000000e-03   1.0597988802e-01  ) (6.0000010000e+00   5.0000000000e-03   1.0076329949e-01  ) (6.5000010000e+00   5.0000000000e-03   1.0006345636e-01  ) (6.9937500000e+00   5.0000000000e-03   1.0000556694e-01  ) (8.0062500000e+00   5.0000000000e-03   1.0000000199e-01  ) (9.0000010000e+00   5.0000000000e-03   9.9999999732e-02  ) (1.0200001000e+01   5.0000000000e-03   9.9999999112e-02  ) 
2.39	(5.0000010000e+00   5.0000000000e-03   1.0586845750e-01  ) (5.5000010000e+00   5.0000000000e-03   1.0615316105e-01  ) (6.0000010000e+00   5.0000000000e-03   1.0080183294e-01  ) (6.5000010000e+00   5.0000000000e-03   1.0006691195e-01  ) (6.9937500000e+00   5.0000000000e-03   1.0000587469e-01  ) (8.0062500000e+00   5.0000000000e-03   1.0000000212e-01  ) (9.0000010000e+00   5.0000000000e-03   9.9999999771e-02  ) (1.0200001000e+01   5.0000000000e-03   9.9999999015e-02  ) 
2.4	(5.0000010000e+00   5.0000000000e-03   1.0569854455e-01  ) (5.5000010000e+00   5.0000000000e-03   1.0632616847e-01  ) (6.0000010000e+00   5.0000000000e-03   1.0084217628e-01  ) (6.5000010000e+00   5.0000000000e-03   1.0007055294e-01  ) (6.9937500000e+00   5.0000000000e-03   1.0000619940e-01  ) (8.0062500000e+00   5.0000000000e-03   1.0000000226e-01  ) (9.0000010000e+00   5.0000000000e-03   9.9999999812e-02  ) (1.0200001000e+01   5.0000000000e-03   9.9999998955e-02  ) 
2.41	(5.0000010000e+00   5.0000000000e-03   1.0552884633e-01  ) (5.5000010000e+00   5.0000000000e-03   1.0649842150e-01  ) (6.0000010000e+00   5.0000000000e-03   1.0088440161e-01  ) (6.5000010000e+00   5.0000000000e-03   1.0007438907e-01  ) (6.9937500000e+00   5.0000000000e-03   1.0000654202e-01  ) (8.0062500000e+00   5.0000000000e-03   1.0000000242e-01  ) (9.0000010000e+00   5.0000000000e-03   9.9999999857e-02  ) (1.0200001000e+01   5.0000000000e-03   9.9999998934e-02  ) 
2.42	(5.0000010000e+00   5.0000000000e-03   1.0535971292e-01  ) (5.5000010000e+00   5.0000000000e-03   1.0666901737e-01  ) (6.0000010000e+00   5.0000000000e-03   1.0092858230e-01  ) (6.5000010000e+00   5.0000000000e-03   1.0007843051e-01  ) (6.9937500000e+00   5.0000000000e-03   1.0000690352e-01  ) (8.0062500000e+00   5.0000000000e-03   1.0000000259e-01  ) (9.0000010000e+00   5.0000000000e-03   9.9999999902e-02  ) (1.0200001000e+01   5.0000000000e-03   9.9999998952e-02  ) 
2.43	(5.0000010000e+00   5.0000000000e-03   1.0519143604e-01  ) (5.5000010000e+00   5.0000000000e-03   1.0683723436e-01  ) (6.0000010000e+00   5.0000000000e-03   1.0097478792e-01  ) (6.5000010000e+00   5.0000000000e-03   1.0008268796e-01  ) (6.9937500000e+00   5.0000000000e-03   1.0000728493e-01  ) (8.0062500000e+00   5.0000000000e-03   1.0000000278e-01  ) (9.0000010000e+00   5.0000000000e-03   9.9999999949e-02  ) (1.0200001000e+01   5.0000000000e-03   9.9999999008e-02  ) 
2.44	(5.0000010000e+00   5.0000000000e-03   1.0502431236e-01  ) (5.5000010000e+00   5.0000000000e-03   1.0700236380e-01  ) (6.0000010000e+00   5.0000000000e-03   1.0102309688e-01  ) (6.5000010000e+00   5.0000000000e-03   1.0008717267e-01  ) (6.9937500000e+00   5.0000000000e-03   1.0000768735e-01  ) (8.0062500000e+00   5.0000000000e-03   1.0000000298e-01  ) (9.0000010000e+00   5.0000000000e-03   9.9999999994e-02  ) (1.0200001000e+01   5.0000000000e-03   9.9999999099e-02  ) 
2.45	(5.0000010000e+00   5.0000000000e-03   1.0485861387e-01  ) (5.5000010000e+00   5.0000000000e-03   1.0716368589e-01  ) (6.0000010000e+00   5.0000000000e-03   1.0107361016e-01  ) (6.5000010000e+00   5.0000000000e-03   1.0009189642e-01  ) (6.9937500000e+00   5.0000000000e-03   1.0000811192e-01  ) (8.0062500000e+00   5.0000000000e-03   1.0000000321e-01  ) (9.0000010000e+00   5.0000000000e-03   1.0000000004e-01  ) (1.0200001000e+01   5.0000000000e-03   9.9999999218e-02  ) 
2.46	(5.0000010000e+00   5.0000000000e-03   1.0469459801e-01  ) (5.5000010000e+00   5.0000000000e-03   1.0732046492e-01  ) (6.0000010000e+00   5.0000000000e-03   1.0112643588e-01  ) (6.5000010000e+00   5.0000000000e-03   1.0009687157e-01  ) (6.9937500000e+00   5.0000000000e-03   1.0000855985e-01  ) (8.0062500000e+00   5.0000000000e-03   1.0000000345e-01  ) (9.0000010000e+00   5.0000000000e-03   1.0000000008e-01  ) (1.0200001000e+01   5.0000000000e-03   9.9999999360e-02  ) 
2.47	(5.0000010000e+00   5.0000000000e-03   1.0453251231e-01  ) (5.5000010000e+00   5.0000000000e-03   1.0747195832e-01  ) (6.0000010000e+00   5.0000000000e-03   1.0118166416e-01  ) (6.5000010000e+00   5.0000000000e-03   1.0010211110e-01  ) (6.9937500000e+00   5.0000000000e-03   1.0000903243e-01  ) (8.0062500000e+00   5.0000000000e-03   1.0000000371e-01  ) (9.0000010000e+00   5.0000000000e-03   1.0000000012e-01  ) (1.0200001000e+01   5.0000000000e-03   9.9999999516e-02  ) 
2.48	(5.0000010000e+00   5.0000000000e-03   1.0437262759e-01  ) (5.5000010000e+00   5.0000000000e-03   1.0761742554e-01  ) (6.0000010000e+00   5.0000000000e-03   1.0123939141e-01  ) (6.5000010000e+00   5.0000000000e-03   1.0010762865e-01  ) (6.9937500000e+00   5.0000000000e-03   1.0000953099e-01  ) (8.0062500000e+00   5.0000000000e-03   1.0000000399e-01  ) (9.0000010000e+00   5.0000000000e-03   1.0000000016e-01  ) (1.0200001000e+01   5.0000000000e-03   9.9999999678e-02  ) 
2.49	(5.0000010000e+00   5.0000000000e-03   1.0421545745e-01  ) (5.5000010000e+00   5.0000000000e-03   1.0775615209e-01  ) (6.0000010000e+00   5.0000000000e-03   1.0129971477e-01  ) (6.5000010000e+00   5.0000000000e-03   1.0011343847e-01  ) (6.9937500000e+00   5.0000000000e-03   1.0001005695e-01  ) (8.0062500000e+00   5.0000000000e-03   1.0000000428e-01  ) (9.0000010000e+00   5.0000000000e-03   1.0000000019e-01  ) (1.0200001000e+01   5.0000000000e-03   9.9999999837e-02  ) 
2.5	(5.0000010000e+00   5.0000000000e-03   1.0406220100e-01  ) (5.5000010000e+00   5.0000000000e-03   1.0788746518e-01  ) (6.0000010000e+00   5.0000000000e-03   1.0136273060e-01  ) (6.5000010000e+00   5.0000000000e-03   1.0011955558e-01  ) (6.9937500000e+00   5.0000000000e-03   1.0001061181e-01  ) (8.0062500000e+00   5.0000000000e-03   1.0000000460e-01  ) (9.0000010000e+00   5.0000000000e-03   1.0000000021e-01  ) (1.0200001000e+01   5.0000000000e-03   9.9999999986e-02  ) 
2.51	(5.0000010000e+00   5.0000000000e-03   1.0391349037e-01  ) (5.5000010000e+00   5.0000000000e-03   1.0801074315e-01  ) (6.0000010000e+00   5.0000000000e-03   1.0142853537e-01  ) (6.5000010000e+00   5.0000000000e-03   1.0012599569e-01  ) (6.9937500000e+00   5.0000000000e-03   1.0001119713e-01  ) (8.0062500000e+00   5.0000000000e-03   1.0000000493e-01  ) (9.0000010000e+00   5.0000000000e-03   1.0000000024e-01  ) (1.0200001000e+01   5.0000000000e-03   1.0000000012e-01  ) 
2.52	(5.0000010000e+00   5.0000000000e-03   1.0376866522e-01  ) (5.5000010000e+00   5.0000000000e-03   1.0812541595e-01  ) (6.0000010000e+00   5.0000000000e-03   1.0149722548e-01  ) (6.5000010000e+00   5.0000000000e-03   1.0013277526e-01  ) (6.9937500000e+00   5.0000000000e-03   1.0001181459e-01  ) (8.0062500000e+00   5.0000000000e-03   1.0000000528e-01  ) (9.0000010000e+00   5.0000000000e-03   1.0000000025e-01  ) (1.0200001000e+01   5.0000000000e-03   1.0000000023e-01  ) 
2.53	(5.0000010000e+00   5.0000000000e-03   1.0362682339e-01  ) (5.5000010000e+00   5.0000000000e-03   1.0823096857e-01  ) (6.0000010000e+00   5.0000000000e-03   1.0156889741e-01  ) (6.5000010000e+00   5.0000000000e-03   1.0013991160e-01  ) (6.9937500000e+00   5.0000000000e-03   1.0001246593e-01  ) (8.0062500000e+00   5.0000000000e-03   1.0000000565e-01  ) (9.0000010000e+00   5.0000000000e-03   1.0000000026e-01  ) (1.0200001000e+01   5.0000000000e-03   1.0000000032e-01  ) 
2.54	(5.0000010000e+00   5.0000000000e-03   1.0348817565e-01  ) (5.5000010000e+00   5.0000000000e-03   1.0832693778e-01  ) (6.0000010000e+00   5.0000000000e-03   1.0164364670e-01  ) (6.5000010000e+00   5.0000000000e-03   1.0014742279e-01  ) (6.9937500000e+00   5.0000000000e-03   1.0001315299e-01  ) (8.0062500000e+00   5.0000000000e-03   1.0000000603e-01  ) (9.0000010000e+00   5.0000000000e-03   1.0000000027e-01  ) (1.0200001000e+01   5.0000000000e-03   1.0000000039e-01  ) 
2.55	(5.0000010000e+00   5.0000000000e-03   1.0335283484e-01  ) (5.5000010000e+00   5.0000000000e-03   1.0841295088e-01  ) (6.0000010000e+00   5.0000000000e-03   1.0172156780e-01  ) (6.5000010000e+00   5.0000000000e-03   1.0015532782e-01  ) (6.9937500000e+00   5.0000000000e-03   1.0001387772e-01  ) (8.0062500000e+00   5.0000000000e-03   1.0000000644e-01  ) (9.0000010000e+00   5.0000000000e-03   1.0000000026e-01  ) (1.0200001000e+01   5.0000000000e-03   1.0000000042e-01  ) 
2.56	(5.0000010000e+00   5.0000000000e-03   1.0322086239e-01  ) (5.5000010000e+00   5.0000000000e-03   1.0848858882e-01  ) (6.0000010000e+00   5.0000000000e-03   1.0180275336e-01  ) (6.5000010000e+00   5.0000000000e-03   1.0016364656e-01  ) (6.9937500000e+00   5.0000000000e-03   1.0001464216e-01  ) (8.0062500000e+00   5.0000000000e-03   1.0000000686e-01  ) (9.0000010000e+00   5.0000000000e-03   1.0000000026e-01  ) (1.0200001000e+01   5.0000000000e-03   1.0000000043e-01  ) 
2.57	(5.0000010000e+00   5.0000000000e-03   1.0309229045e-01  ) (5.5000010000e+00   5.0000000000e-03   1.0855358296e-01  ) (6.0000010000e+00   5.0000000000e-03   1.0188729338e-01  ) (6.5000010000e+00   5.0000000000e-03   1.0017239979e-01  ) (6.9937500000e+00   5.0000000000e-03   1.0001544848e-01  ) (8.0062500000e+00   5.0000000000e-03   1.0000000729e-01  ) (9.0000010000e+00   5.0000000000e-03   1.0000000024e-01  ) (1.0200001000e+01   5.0000000000e-03   1.0000000041e-01  ) 
2.58	(5.0000010000e+00   5.0000000000e-03   1.0296714377e-01  ) (5.5000010000e+00   5.0000000000e-03   1.0860774681e-01  ) (6.0000010000e+00   5.0000000000e-03   1.0197527487e-01  ) (6.5000010000e+00   5.0000000000e-03   1.0018160929e-01  ) (6.9937500000e+00   5.0000000000e-03   1.0001629893e-01  ) (8.0062500000e+00   5.0000000000e-03   1.0000000775e-01  ) (9.0000010000e+00   5.0000000000e-03   1.0000000023e-01  ) (1.0200001000e+01   5.0000000000e-03   1.0000000037e-01  ) 
2.59	(5.0000010000e+00   5.0000000000e-03   1.0284543227e-01  ) (5.5000010000e+00   5.0000000000e-03   1.0865096803e-01  ) (6.0000010000e+00   5.0000000000e-03   1.0206678086e-01  ) (6.5000010000e+00   5.0000000000e-03   1.0019129788e-01  ) (6.9937500000e+00   5.0000000000e-03   1.0001719593e-01  ) (8.0062500000e+00   5.0000000000e-03   1.0000000822e-01  ) (9.0000010000e+00   5.0000000000e-03   1.0000000021e-01  ) (1.0200001000e+01   5.0000000000e-03   1.0000000031e-01  ) 
2.6	(5.0000010000e+00   5.0000000000e-03   1.0272714939e-01  ) (5.5000010000e+00   5.0000000000e-03   1.0868288395e-01  ) (6.0000010000e+00   5.0000000000e-03   1.0216188732e-01  ) (6.5000010000e+00   5.0000000000e-03   1.0020148932e-01  ) (6.9937500000e+00   5.0000000000e-03   1.0001814198e-01  ) (8.0062500000e+00   5.0000000000e-03   1.0000000870e-01  ) (9.0000010000e+00   5.0000000000e-03   1.0000000018e-01  ) (1.0200001000e+01   5.0000000000e-03   1.0000000024e-01  ) 
2.61	(5.0000010000e+00   5.0000000000e-03   1.0261228030e-01  ) (5.5000010000e+00   5.0000000000e-03   1.0870315268e-01  ) (6.0000010000e+00   5.0000000000e-03   1.0226066401e-01  ) (6.5000010000e+00   5.0000000000e-03   1.0021220852e-01  ) (6.9937500000e+00   5.0000000000e-03   1.0001913974e-01  ) (8.0062500000e+00   5.0000000000e-03   1.0000000920e-01  ) (9.0000010000e+00   5.0000000000e-03   1.0000000016e-01  ) (1.0200001000e+01   5.0000000000e-03   1.0000000016e-01  ) 
2.62	(5.0000010000e+00   5.0000000000e-03   1.0250080249e-01  ) (5.5000010000e+00   5.0000000000e-03   1.0871191663e-01  ) (6.0000010000e+00   5.0000000000e-03   1.0236317647e-01  ) (6.5000010000e+00   5.0000000000e-03   1.0022348166e-01  ) (6.9937500000e+00   5.0000000000e-03   1.0002019202e-01  ) (8.0062500000e+00   5.0000000000e-03   1.0000000972e-01  ) (9.0000010000e+00   5.0000000000e-03   1.0000000013e-01  ) (1.0200001000e+01   5.0000000000e-03   1.0000000007e-01  ) 
2.63	(5.0000010000e+00   5.0000000000e-03   1.0239268529e-01  ) (5.5000010000e+00   5.0000000000e-03   1.0870940165e-01  ) (6.0000010000e+00   5.0000000000e-03   1.0246947862e-01  ) (6.5000010000e+00   5.0000000000e-03   1.0023533606e-01  ) (6.9937500000e+00   5.0000000000e-03   1.0002130176e-01  ) (8.0062500000e+00   5.0000000000e-03   1.0000001026e-01  ) (9.0000010000e+00   5.0000000000e-03   1.0000000010e-01  ) (1.0200001000e+01   5.0000000000e-03   9.9999999974e-02  ) 
2.64	(5.0000010000e+00   5.0000000000e-03   1.0228789599e-01  ) (5.5000010000e+00   5.0000000000e-03   1.0869544799e-01  ) (6.0000010000e+00   5.0000000000e-03   1.0257960766e-01  ) (6.5000010000e+00   5.0000000000e-03   1.0024780005e-01  ) (6.9937500000e+00   5.0000000000e-03   1.0002247206e-01  ) (8.0062500000e+00   5.0000000000e-03   1.0000001082e-01  ) (9.0000010000e+00   5.0000000000e-03   1.0000000007e-01  ) (1.0200001000e+01   5.0000000000e-03   9.9999999883e-02  ) 
2.65	(5.0000010000e+00   5.0000000000e-03   1.0218639934e-01  ) (5.5000010000e+00   5.0000000000e-03   1.0866945974e-01  ) (6.0000010000e+00   5.0000000000e-03   1.0269358906e-01  ) (6.5000010000e+00   5.0000000000e-03   1.0026090341e-01  ) (6.9937500000e+00   5.0000000000e-03   1.0002370619e-01  ) (8.0062500000e+00   5.0000000000e-03   1.0000001141e-01  ) (9.0000010000e+00   5.0000000000e-03   1.0000000005e-01  ) (1.0200001000e+01   5.0000000000e-03   9.9999999796e-02  ) 
2.66	(5.0000010000e+00   5.0000000000e-03   1.0208815194e-01  ) (5.5000010000e+00   5.0000000000e-03   1.0863169773e-01  ) (6.0000010000e+00   5.0000000000e-03   1.0281142485e-01  ) (6.5000010000e+00   5.0000000000e-03   1.0027467718e-01  ) (6.9937500000e+00   5.0000000000e-03   1.0002500758e-01  ) (8.0062500000e+00   5.0000000000e-03   1.0000001202e-01  ) (9.0000010000e+00   5.0000000000e-03   1.0000000003e-01  ) (1.0200001000e+01   5.0000000000e-03   9.9999999718e-02  ) 
2.67	(5.0000010000e+00   5.0000000000e-03   1.0199311601e-01  ) (5.5000010000e+00   5.0000000000e-03   1.0858245464e-01  ) (6.0000010000e+00   5.0000000000e-03   1.0293308993e-01  ) (6.5000010000e+00   5.0000000000e-03   1.0028915378e-01  ) (6.9937500000e+00   5.0000000000e-03   1.0002637986e-01  ) (8.0062500000e+00   5.0000000000e-03   1.0000001266e-01  ) (9.0000010000e+00   5.0000000000e-03   1.0000000001e-01  ) (1.0200001000e+01   5.0000000000e-03   9.9999999651e-02  ) 
2.68	(5.0000010000e+00   5.0000000000e-03   1.0190124470e-01  ) (5.5000010000e+00   5.0000000000e-03   1.0852210098e-01  ) (6.0000010000e+00   5.0000000000e-03   1.0305852444e-01  ) (6.5000010000e+00   5.0000000000e-03   1.0030436704e-01  ) (6.9937500000e+00   5.0000000000e-03   1.0002782683e-01  ) (8.0062500000e+00   5.0000000000e-03   1.0000001334e-01  ) (9.0000010000e+00   5.0000000000e-03   9.9999999989e-02  ) (1.0200001000e+01   5.0000000000e-03   9.9999999596e-02  ) 
2.69	(5.0000010000e+00   5.0000000000e-03   1.0181249692e-01  ) (5.5000010000e+00   5.0000000000e-03   1.0845100911e-01  ) (6.0000010000e+00   5.0000000000e-03   1.0318763525e-01  ) (6.5000010000e+00   5.0000000000e-03   1.0032035221e-01  ) (6.9937500000e+00   5.0000000000e-03   1.0002935251e-01  ) (8.0062500000e+00   5.0000000000e-03   1.0000001405e-01  ) (9.0000010000e+00   5.0000000000e-03   9.9999999978e-02  ) (1.0200001000e+01   5.0000000000e-03   9.9999999556e-02  ) 
2.7	(5.0000010000e+00   5.0000000000e-03   1.0172683512e-01  ) (5.5000010000e+00   5.0000000000e-03   1.0836958843e-01  ) (6.0000010000e+00   5.0000000000e-03   1.0332040583e-01  ) (6.5000010000e+00   5.0000000000e-03   1.0033714610e-01  ) (6.9937500000e+00   5.0000000000e-03   1.0003096112e-01  ) (8.0062500000e+00   5.0000000000e-03   1.0000001480e-01  ) (9.0000010000e+00   5.0000000000e-03   9.9999999972e-02  ) (1.0200001000e+01   5.0000000000e-03   9.9999999531e-02  ) 
2.71	(5.0000010000e+00   5.0000000000e-03   1.0164427836e-01  ) (5.5000010000e+00   5.0000000000e-03   1.0827827928e-01  ) (6.0000010000e+00   5.0000000000e-03   1.0345677237e-01  ) (6.5000010000e+00   5.0000000000e-03   1.0035478704e-01  ) (6.9937500000e+00   5.0000000000e-03   1.0003265710e-01  ) (8.0062500000e+00   5.0000000000e-03   1.0000001560e-01  ) (9.0000010000e+00   5.0000000000e-03   9.9999999970e-02  ) (1.0200001000e+01   5.0000000000e-03   9.9999999522e-02  ) 
2.72	(5.0000010000e+00   5.0000000000e-03   1.0156492260e-01  ) (5.5000010000e+00   5.0000000000e-03   1.0817755792e-01  ) (6.0000010000e+00   5.0000000000e-03   1.0359699460e-01  ) (6.5000010000e+00   5.0000000000e-03   1.0037331501e-01  ) (6.9937500000e+00   5.0000000000e-03   1.0003444513e-01  ) (8.0062500000e+00   5.0000000000e-03   1.0000001644e-01  ) (9.0000010000e+00   5.0000000000e-03   9.9999999974e-02  ) (1.0200001000e+01   5.0000000000e-03   9.9999999528e-02  ) 
2.73	(5.0000010000e+00   5.0000000000e-03   1.0148889615e-01  ) (5.5000010000e+00   5.0000000000e-03   1.0806792754e-01  ) (6.0000010000e+00   5.0000000000e-03   1.0374121699e-01  ) (6.5000010000e+00   5.0000000000e-03   1.0039277156e-01  ) (6.9937500000e+00   5.0000000000e-03   1.0003633012e-01  ) (8.0062500000e+00   5.0000000000e-03   1.0000001733e-01  ) (9.0000010000e+00   5.0000000000e-03   9.9999999982e-02  ) (1.0200001000e+01   5.0000000000e-03   9.9999999547e-02  ) 
2.74	(5.0000010000e+00   5.0000000000e-03   1.0141602093e-01  ) (5.5000010000e+00   5.0000000000e-03   1.0794991427e-01  ) (6.0000010000e+00   5.0000000000e-03   1.0388945432e-01  ) (6.5000010000e+00   5.0000000000e-03   1.0041319999e-01  ) (6.9937500000e+00   5.0000000000e-03   1.0003831724e-01  ) (8.0062500000e+00   5.0000000000e-03   1.0000001827e-01  ) (9.0000010000e+00   5.0000000000e-03   9.9999999994e-02  ) (1.0200001000e+01   5.0000000000e-03   9.9999999578e-02  ) 
2.75	(5.0000010000e+00   5.0000000000e-03   1.0134601746e-01  ) (5.5000010000e+00   5.0000000000e-03   1.0782406422e-01  ) (6.0000010000e+00   5.0000000000e-03   1.0404142041e-01  ) (6.5000010000e+00   5.0000000000e-03   1.0043464526e-01  ) (6.9937500000e+00   5.0000000000e-03   1.0004041193e-01  ) (8.0062500000e+00   5.0000000000e-03   1.0000001926e-01  ) (9.0000010000e+00   5.0000000000e-03   1.0000000001e-01  ) (1.0200001000e+01   5.0000000000e-03   9.9999999618e-02  ) 
2.76	(5.0000010000e+00   5.0000000000e-03   1.0127874837e-01  ) (5.5000010000e+00   5.0000000000e-03   1.0769093902e-01  ) (6.0000010000e+00   5.0000000000e-03   1.0419694749e-01  ) (6.5000010000e+00   5.0000000000e-03   1.0045715419e-01  ) (6.9937500000e+00   5.0000000000e-03   1.0004261991e-01  ) (8.0062500000e+00   5.0000000000e-03   1.0000002031e-01  ) (9.0000010000e+00   5.0000000000e-03   1.0000000003e-01  ) (1.0200001000e+01   5.0000000000e-03   9.9999999665e-02  ) 
2.77	(5.0000010000e+00   5.0000000000e-03   1.0121413694e-01  ) (5.5000010000e+00   5.0000000000e-03   1.0755110971e-01  ) (6.0000010000e+00   5.0000000000e-03   1.0435584323e-01  ) (6.5000010000e+00   5.0000000000e-03   1.0048077536e-01  ) (6.9937500000e+00   5.0000000000e-03   1.0004494719e-01  ) (8.0062500000e+00   5.0000000000e-03   1.0000002143e-01  ) (9.0000010000e+00   5.0000000000e-03   1.0000000005e-01  ) (1.0200001000e+01   5.0000000000e-03   9.9999999715e-02  ) 
2.78	(5.0000010000e+00   5.0000000000e-03   1.0115211268e-01  ) (5.5000010000e+00   5.0000000000e-03   1.0740515200e-01  ) (6.0000010000e+00   5.0000000000e-03   1.0451788525e-01  ) (6.5000010000e+00   5.0000000000e-03   1.0050555910e-01  ) (6.9937500000e+00   5.0000000000e-03   1.0004740011e-01  ) (8.0062500000e+00   5.0000000000e-03   1.0000002262e-01  ) (9.0000010000e+00   5.0000000000e-03   1.0000000007e-01  ) (1.0200001000e+01   5.0000000000e-03   9.9999999766e-02  ) 
2.79	(5.0000010000e+00   5.0000000000e-03   1.0109259297e-01  ) (5.5000010000e+00   5.0000000000e-03   1.0725364911e-01  ) (6.0000010000e+00   5.0000000000e-03   1.0468280549e-01  ) (6.5000010000e+00   5.0000000000e-03   1.0053155778e-01  ) (6.9937500000e+00   5.0000000000e-03   1.0004998532e-01  ) (8.0062500000e+00   5.0000000000e-03   1.0000002388e-01  ) (9.0000010000e+00   5.0000000000e-03   1.0000000009e-01  ) (1.0200001000e+01   5.0000000000e-03   9.9999999814e-02  ) 
2.8	(5.0000010000e+00   5.0000000000e-03   1.0103550180e-01  ) (5.5000010000e+00   5.0000000000e-03   1.0709718673e-01  ) (6.0000010000e+00   5.0000000000e-03   1.0485026775e-01  ) (6.5000010000e+00   5.0000000000e-03   1.0055882551e-01  ) (6.9937500000e+00   5.0000000000e-03   1.0005270980e-01  ) (8.0062500000e+00   5.0000000000e-03   1.0000002523e-01  ) (9.0000010000e+00   5.0000000000e-03   1.0000000010e-01  ) (1.0200001000e+01   5.0000000000e-03   9.9999999856e-02  ) 
2.81	(5.0000010000e+00   5.0000000000e-03   1.0098076251e-01  ) (5.5000010000e+00   5.0000000000e-03   1.0693637354e-01  ) (6.0000010000e+00   5.0000000000e-03   1.0501984359e-01  ) (6.5000010000e+00   5.0000000000e-03   1.0058741838e-01  ) (6.9937500000e+00   5.0000000000e-03   1.0005558090e-01  ) (8.0062500000e+00   5.0000000000e-03   1.0000002666e-01  ) (9.0000010000e+00   5.0000000000e-03   1.0000000012e-01  ) (1.0200001000e+01   5.0000000000e-03   9.9999999891e-02  ) 
2.82	(5.0000010000e+00   5.0000000000e-03   1.0092830104e-01  ) (5.5000010000e+00   5.0000000000e-03   1.0677223162e-01  ) (6.0000010000e+00   5.0000000000e-03   1.0519100248e-01  ) (6.5000010000e+00   5.0000000000e-03   1.0061739429e-01  ) (6.9937500000e+00   5.0000000000e-03   1.0005860636e-01  ) (8.0062500000e+00   5.0000000000e-03   1.0000002819e-01  ) (9.0000010000e+00   5.0000000000e-03   1.0000000013e-01  ) (1.0200001000e+01   5.0000000000e-03   9.9999999916e-02  ) 
2.83	(5.0000010000e+00   5.0000000000e-03   1.0087804440e-01  ) (5.5000010000e+00   5.0000000000e-03   1.0660672716e-01  ) (6.0000010000e+00   5.0000000000e-03   1.0536315579e-01  ) (6.5000010000e+00   5.0000000000e-03   1.0064881316e-01  ) (6.9937500000e+00   5.0000000000e-03   1.0006179430e-01  ) (8.0062500000e+00   5.0000000000e-03   1.0000002981e-01  ) (9.0000010000e+00   5.0000000000e-03   1.0000000014e-01  ) (1.0200001000e+01   5.0000000000e-03   9.9999999929e-02  ) 
2.84	(5.0000010000e+00   5.0000000000e-03   1.0082992364e-01  ) (5.5000010000e+00   5.0000000000e-03   1.0644138111e-01  ) (6.0000010000e+00   5.0000000000e-03   1.0553573072e-01  ) (6.5000010000e+00   5.0000000000e-03   1.0068173695e-01  ) (6.9937500000e+00   5.0000000000e-03   1.0006515323e-01  ) (8.0062500000e+00   5.0000000000e-03   1.0000003154e-01  ) (9.0000010000e+00   5.0000000000e-03   1.0000000014e-01  ) (1.0200001000e+01   5.0000000000e-03   9.9999999929e-02  ) 
2.85	(5.0000010000e+00   5.0000000000e-03   1.0078387263e-01  ) (5.5000010000e+00   5.0000000000e-03   1.0627556139e-01  ) (6.0000010000e+00   5.0000000000e-03   1.0570833509e-01  ) (6.5000010000e+00   5.0000000000e-03   1.0071622918e-01  ) (6.9937500000e+00   5.0000000000e-03   1.0006869214e-01  ) (8.0062500000e+00   5.0000000000e-03   1.0000003338e-01  ) (9.0000010000e+00   5.0000000000e-03   1.0000000014e-01  ) (1.0200001000e+01   5.0000000000e-03   9.9999999916e-02  ) 
2.86	(5.0000010000e+00   5.0000000000e-03   1.0073982724e-01  ) (5.5000010000e+00   5.0000000000e-03   1.0610835197e-01  ) (6.0000010000e+00   5.0000000000e-03   1.0588073166e-01  ) (6.5000010000e+00   5.0000000000e-03   1.0075235573e-01  ) (6.9937500000e+00   5.0000000000e-03   1.0007242043e-01  ) (8.0062500000e+00   5.0000000000e-03   1.0000003532e-01  ) (9.0000010000e+00   5.0000000000e-03   1.0000000014e-01  ) (1.0200001000e+01   5.0000000000e-03   9.9999999890e-02  ) 
2.87	(5.0000010000e+00   5.0000000000e-03   1.0069772726e-01  ) (5.5000010000e+00   5.0000000000e-03   1.0594032493e-01  ) (6.0000010000e+00   5.0000000000e-03   1.0605271474e-01  ) (6.5000010000e+00   5.0000000000e-03   1.0079018434e-01  ) (6.9937500000e+00   5.0000000000e-03   1.0007634798e-01  ) (8.0062500000e+00   5.0000000000e-03   1.0000003739e-01  ) (9.0000010000e+00   5.0000000000e-03   1.0000000013e-01  ) (1.0200001000e+01   5.0000000000e-03   9.9999999853e-02  ) 
2.88	(5.0000010000e+00   5.0000000000e-03   1.0065751241e-01  ) (5.5000010000e+00   5.0000000000e-03   1.0577199647e-01  ) (6.0000010000e+00   5.0000000000e-03   1.0622434336e-01  ) (6.5000010000e+00   5.0000000000e-03   1.0082978472e-01  ) (6.9937500000e+00   5.0000000000e-03   1.0008048519e-01  ) (8.0062500000e+00   5.0000000000e-03   1.0000003958e-01  ) (9.0000010000e+00   5.0000000000e-03   1.0000000012e-01  ) (1.0200001000e+01   5.0000000000e-03   9.9999999806e-02  ) 
2.89	(5.0000010000e+00   5.0000000000e-03   1.0061912581e-01  ) (5.5000010000e+00   5.0000000000e-03   1.0560370569e-01  ) (6.0000010000e+00   5.0000000000e-03   1.0639559328e-01  ) (6.5000010000e+00   5.0000000000e-03   1.0087122813e-01  ) (6.9937500000e+00   5.0000000000e-03   1.0008484293e-01  ) (8.0062500000e+00   5.0000000000e-03   1.0000004191e-01  ) (9.0000010000e+00   5.0000000000e-03   1.0000000011e-01  ) (1.0200001000e+01   5.0000000000e-03   9.9999999753e-02  ) 
2.9	(5.0000010000e+00   5.0000000000e-03   1.0058251243e-01  ) (5.5000010000e+00   5.0000000000e-03   1.0543580456e-01  ) (6.0000010000e+00   5.0000000000e-03   1.0656558526e-01  ) (6.5000010000e+00   5.0000000000e-03   1.0091458662e-01  ) (6.9937500000e+00   5.0000000000e-03   1.0008943268e-01  ) (8.0062500000e+00   5.0000000000e-03   1.0000004437e-01  ) (9.0000010000e+00   5.0000000000e-03   1.0000000009e-01  ) (1.0200001000e+01   5.0000000000e-03   9.9999999696e-02  ) 
2.91	(5.0000010000e+00   5.0000000000e-03   1.0054761618e-01  ) (5.5000010000e+00   5.0000000000e-03   1.0526861251e-01  ) (6.0000010000e+00   5.0000000000e-03   1.0673355356e-01  ) (6.5000010000e+00   5.0000000000e-03   1.0095993226e-01  ) (6.9937500000e+00   5.0000000000e-03   1.0009426642e-01  ) (8.0062500000e+00   5.0000000000e-03   1.0000004696e-01  ) (9.0000010000e+00   5.0000000000e-03   1.0000000007e-01  ) (1.0200001000e+01   5.0000000000e-03   9.9999999639e-02  ) 
2.92	(5.0000010000e+00   5.0000000000e-03   1.0051438297e-01  ) (5.5000010000e+00   5.0000000000e-03   1.0510242609e-01  ) (6.0000010000e+00   5.0000000000e-03   1.0689879293e-01  ) (6.5000010000e+00   5.0000000000e-03   1.0100733289e-01  ) (6.9937500000e+00   5.0000000000e-03   1.0009935678e-01  ) (8.0062500000e+00   5.0000000000e-03   1.0000004969e-01  ) (9.0000010000e+00   5.0000000000e-03   1.0000000005e-01  ) (1.0200001000e+01   5.0000000000e-03   9.9999999586e-02  ) 
2.93	(5.0000010000e+00   5.0000000000e-03   1.0048275785e-01  ) (5.5000010000e+00   5.0000000000e-03   1.0493753199e-01  ) (6.0000010000e+00   5.0000000000e-03   1.0706060265e-01  ) (6.5000010000e+00   5.0000000000e-03   1.0105688663e-01  ) (6.9937500000e+00   5.0000000000e-03   1.0010471699e-01  ) (8.0062500000e+00   5.0000000000e-03   1.0000005256e-01  ) (9.0000010000e+00   5.0000000000e-03   1.0000000003e-01  ) (1.0200001000e+01   5.0000000000e-03   9.9999999541e-02  ) 
2.94	(5.0000010000e+00   5.0000000000e-03   1.0045268722e-01  ) (5.5000010000e+00   5.0000000000e-03   1.0477420224e-01  ) (6.0000010000e+00   5.0000000000e-03   1.0721826781e-01  ) (6.5000010000e+00   5.0000000000e-03   1.0110869804e-01  ) (6.9937500000e+00   5.0000000000e-03   1.0011036092e-01  ) (8.0062500000e+00   5.0000000000e-03   1.0000005557e-01  ) (9.0000010000e+00   5.0000000000e-03   1.0000000001e-01  ) (1.0200001000e+01   5.0000000000e-03   9.9999999506e-02  ) 
2.95	(5.0000010000e+00   5.0000000000e-03   1.0042411637e-01  ) (5.5000010000e+00   5.0000000000e-03   1.0461269456e-01  ) (6.0000010000e+00   5.0000000000e-03   1.0737106239e-01  ) (6.5000010000e+00   5.0000000000e-03   1.0116286181e-01  ) (6.9937500000e+00   5.0000000000e-03   1.0011630317e-01  ) (8.0062500000e+00   5.0000000000e-03   1.0000005872e-01  ) (9.0000010000e+00   5.0000000000e-03   9.9999999992e-02  ) (1.0200001000e+01   5.0000000000e-03   9.9999999486e-02  ) 
2.96	(5.0000010000e+00   5.0000000000e-03   1.0039699118e-01  ) (5.5000010000e+00   5.0000000000e-03   1.0445326424e-01  ) (6.0000010000e+00   5.0000000000e-03   1.0751825634e-01  ) (6.5000010000e+00   5.0000000000e-03   1.0121947050e-01  ) (6.9937500000e+00   5.0000000000e-03   1.0012255901e-01  ) (8.0062500000e+00   5.0000000000e-03   1.0000006203e-01  ) (9.0000010000e+00   5.0000000000e-03   9.9999999979e-02  ) (1.0200001000e+01   5.0000000000e-03   9.9999999480e-02  ) 
2.97	(5.0000010000e+00   5.0000000000e-03   1.0037125724e-01  ) (5.5000010000e+00   5.0000000000e-03   1.0429622136e-01  ) (6.0000010000e+00   5.0000000000e-03   1.0765913029e-01  ) (6.5000010000e+00   5.0000000000e-03   1.0127862051e-01  ) (6.9937500000e+00   5.0000000000e-03   1.0012914450e-01  ) (8.0062500000e+00   5.0000000000e-03   1.0000006550e-01  ) (9.0000010000e+00   5.0000000000e-03   9.9999999969e-02  ) (1.0200001000e+01   5.0000000000e-03   9.9999999491e-02  ) 
2.98	(5.0000010000e+00   5.0000000000e-03   1.0034686046e-01  ) (5.5000010000e+00   5.0000000000e-03   1.0414239969e-01  ) (6.0000010000e+00   5.0000000000e-03   1.0779299607e-01  ) (6.5000010000e+00   5.0000000000e-03   1.0134040724e-01  ) (6.9937500000e+00   5.0000000000e-03   1.0013607642e-01  ) (8.0062500000e+00   5.0000000000e-03   1.0000006915e-01  ) (9.0000010000e+00   5.0000000000e-03   9.9999999966e-02  ) (1.0200001000e+01   5.0000000000e-03   9.9999999520e-02  ) 
2.99	(5.0000010000e+00   5.0000000000e-03   1.0032375020e-01  ) (5.5000010000e+00   5.0000000000e-03   1.0399300324e-01  ) (6.0000010000e+00   5.0000000000e-03   1.0791920873e-01  ) (6.5000010000e+00   5.0000000000e-03   1.0140492596e-01  ) (6.9937500000e+00   5.0000000000e-03   1.0014337241e-01  ) (8.0062500000e+00   5.0000000000e-03   1.0000007297e-01  ) (9.0000010000e+00   5.0000000000e-03   9.9999999969e-02  ) (1.0200001000e+01   5.0000000000e-03   9.9999999566e-02  ) 
3	(5.0000010000e+00   5.0000000000e-03   1.0030187614e-01  ) (5.5000010000e+00   5.0000000000e-03   1.0384789371e-01  ) (6.0000010000e+00   5.0000000000e-03   1.0803717039e-01  ) (6.5000010000e+00   5.0000000000e-03   1.0147227216e-01  ) (6.9937500000e+00   5.0000000000e-03   1.0015105096e-01  ) (8.0062500000e+00   5.0000000000e-03   1.0000007698e-01  ) (9.0000010000e+00   5.0000000000e-03   9.9999999980e-02  ) (1.0200001000e+01   5.0000000000e-03   9.9999999628e-02  ) 
3.01	(5.0000010000e+00   5.0000000000e-03   1.0028118818e-01  ) (5.5000010000e+00   5.0000000000e-03   1.0370611412e-01  ) (6.0000010000e+00   5.0000000000e-03   1.0814634017e-01  ) (6.5000010000e+00   5.0000000000e-03   1.0154254147e-01  ) (6.9937500000e+00   5.0000000000e-03   1.0015913140e-01  ) (8.0062500000e+00   5.0000000000e-03   1.0000008119e-01  ) (9.0000010000e+00   5.0000000000e-03   1.0000000000e-01  ) (1.0200001000e+01   5.0000000000e-03   9.9999999704e-02  ) 
3.02	(5.0000010000e+00   5.0000000000e-03   1.0026163959e-01  ) (5.5000010000e+00   5.0000000000e-03   1.0356739686e-01  ) (6.0000010000e+00   5.0000000000e-03   1.0824622827e-01  ) (6.5000010000e+00   5.0000000000e-03   1.0161582883e-01  ) (6.9937500000e+00   5.0000000000e-03   1.0016763398e-01  ) (8.0062500000e+00   5.0000000000e-03   1.0000008563e-01  ) (9.0000010000e+00   5.0000000000e-03   1.0000000003e-01  ) (1.0200001000e+01   5.0000000000e-03   9.9999999791e-02  ) 
3.03	(5.0000010000e+00   5.0000000000e-03   1.0024318564e-01  ) (5.5000010000e+00   5.0000000000e-03   1.0343192997e-01  ) (6.0000010000e+00   5.0000000000e-03   1.0833639470e-01  ) (6.5000010000e+00   5.0000000000e-03   1.0169222812e-01  ) (6.9937500000e+00   5.0000000000e-03   1.0017657989e-01  ) (8.0062500000e+00   5.0000000000e-03   1.0000009029e-01  ) (9.0000010000e+00   5.0000000000e-03   1.0000000007e-01  ) (1.0200001000e+01   5.0000000000e-03   9.9999999885e-02  ) 
3.04	(5.0000010000e+00   5.0000000000e-03   1.0022578320e-01  ) (5.5000010000e+00   5.0000000000e-03   1.0329978865e-01  ) (6.0000010000e+00   5.0000000000e-03   1.0841647475e-01  ) (6.5000010000e+00   5.0000000000e-03   1.0177183150e-01  ) (6.9937500000e+00   5.0000000000e-03   1.0018599133e-01  ) (8.0062500000e+00   5.0000000000e-03   1.0000009522e-01  ) (9.0000010000e+00   5.0000000000e-03   1.0000000012e-01  ) (1.0200001000e+01   5.0000000000e-03   9.9999999983e-02  ) 
3.05	(5.0000010000e+00   5.0000000000e-03   1.0020939244e-01  ) (5.5000010000e+00   5.0000000000e-03   1.0317100819e-01  ) (6.0000010000e+00   5.0000000000e-03   1.0848610974e-01  ) (6.5000010000e+00   5.0000000000e-03   1.0185472910e-01  ) (6.9937500000e+00   5.0000000000e-03   1.0019589158e-01  ) (8.0062500000e+00   5.0000000000e-03   1.0000010041e-01  ) (9.0000010000e+00   5.0000000000e-03   1.0000000017e-01  ) (1.0200001000e+01   5.0000000000e-03   1.0000000008e-01  ) 
3.06	(5.0000010000e+00   5.0000000000e-03   1.0019397432e-01  ) (5.5000010000e+00   5.0000000000e-03   1.0304560566e-01  ) (6.0000010000e+00   5.0000000000e-03   1.0854500436e-01  ) (6.5000010000e+00   5.0000000000e-03   1.0194100815e-01  ) (6.9937500000e+00   5.0000000000e-03   1.0020630496e-01  ) (8.0062500000e+00   5.0000000000e-03   1.0000010590e-01  ) (9.0000010000e+00   5.0000000000e-03   1.0000000024e-01  ) (1.0200001000e+01   5.0000000000e-03   1.0000000017e-01  ) 
3.07	(5.0000010000e+00   5.0000000000e-03   1.0017949220e-01  ) (5.5000010000e+00   5.0000000000e-03   1.0292359040e-01  ) (6.0000010000e+00   5.0000000000e-03   1.0859300293e-01  ) (6.5000010000e+00   5.0000000000e-03   1.0203075210e-01  ) (6.9937500000e+00   5.0000000000e-03   1.0021725693e-01  ) (8.0062500000e+00   5.0000000000e-03   1.0000011170e-01  ) (9.0000010000e+00   5.0000000000e-03   1.0000000031e-01  ) (1.0200001000e+01   5.0000000000e-03   1.0000000025e-01  ) 
3.08	(5.0000010000e+00   5.0000000000e-03   1.0016591115e-01  ) (5.5000010000e+00   5.0000000000e-03   1.0280495127e-01  ) (6.0000010000e+00   5.0000000000e-03   1.0863002462e-01  ) (6.5000010000e+00   5.0000000000e-03   1.0212403947e-01  ) (6.9937500000e+00   5.0000000000e-03   1.0022877413e-01  ) (8.0062500000e+00   5.0000000000e-03   1.0000011783e-01  ) (9.0000010000e+00   5.0000000000e-03   1.0000000039e-01  ) (1.0200001000e+01   5.0000000000e-03   1.0000000032e-01  ) 
3.09	(5.0000010000e+00   5.0000000000e-03   1.0015319678e-01  ) (5.5000010000e+00   5.0000000000e-03   1.0268966984e-01  ) (6.0000010000e+00   5.0000000000e-03   1.0865571176e-01  ) (6.5000010000e+00   5.0000000000e-03   1.0222094324e-01  ) (6.9937500000e+00   5.0000000000e-03   1.0024088442e-01  ) (8.0062500000e+00   5.0000000000e-03   1.0000012432e-01  ) (9.0000010000e+00   5.0000000000e-03   1.0000000047e-01  ) (1.0200001000e+01   5.0000000000e-03   1.0000000037e-01  ) 
3.1	(5.0000010000e+00   5.0000000000e-03   1.0014131649e-01  ) (5.5000010000e+00   5.0000000000e-03   1.0257772244e-01  ) (6.0000010000e+00   5.0000000000e-03   1.0866978737e-01  ) (6.5000010000e+00   5.0000000000e-03   1.0232152910e-01  ) (6.9937500000e+00   5.0000000000e-03   1.0025361691e-01  ) (8.0062500000e+00   5.0000000000e-03   1.0000013117e-01  ) (9.0000010000e+00   5.0000000000e-03   1.0000000056e-01  ) (1.0200001000e+01   5.0000000000e-03   1.0000000040e-01  ) 
3.11	(5.0000010000e+00   5.0000000000e-03   1.0013023759e-01  ) (5.5000010000e+00   5.0000000000e-03   1.0246907743e-01  ) (6.0000010000e+00   5.0000000000e-03   1.0867272395e-01  ) (6.5000010000e+00   5.0000000000e-03   1.0242585397e-01  ) (6.9937500000e+00   5.0000000000e-03   1.0026700203e-01  ) (8.0062500000e+00   5.0000000000e-03   1.0000013841e-01  ) (9.0000010000e+00   5.0000000000e-03   1.0000000064e-01  ) (1.0200001000e+01   5.0000000000e-03   1.0000000042e-01  ) 
3.12	(5.0000010000e+00   5.0000000000e-03   1.0011992802e-01  ) (5.5000010000e+00   5.0000000000e-03   1.0236369661e-01  ) (6.0000010000e+00   5.0000000000e-03   1.0866446371e-01  ) (6.5000010000e+00   5.0000000000e-03   1.0253396345e-01  ) (6.9937500000e+00   5.0000000000e-03   1.0028107157e-01  ) (8.0062500000e+00   5.0000000000e-03   1.0000014607e-01  ) (9.0000010000e+00   5.0000000000e-03   1.0000000072e-01  ) (1.0200001000e+01   5.0000000000e-03   1.0000000041e-01  ) 
3.13	(5.0000010000e+00   5.0000000000e-03   1.0011035610e-01  ) (5.5000010000e+00   5.0000000000e-03   1.0226154377e-01  ) (6.0000010000e+00   5.0000000000e-03   1.0864449375e-01  ) (6.5000010000e+00   5.0000000000e-03   1.0264588931e-01  ) (6.9937500000e+00   5.0000000000e-03   1.0029585872e-01  ) (8.0062500000e+00   5.0000000000e-03   1.0000015416e-01  ) (9.0000010000e+00   5.0000000000e-03   1.0000000080e-01  ) (1.0200001000e+01   5.0000000000e-03   1.0000000039e-01  ) 
3.14	(5.0000010000e+00   5.0000000000e-03   1.0010148992e-01  ) (5.5000010000e+00   5.0000000000e-03   1.0216257424e-01  ) (6.0000010000e+00   5.0000000000e-03   1.0861263770e-01  ) (6.5000010000e+00   5.0000000000e-03   1.0276164460e-01  ) (6.9937500000e+00   5.0000000000e-03   1.0031139812e-01  ) (8.0062500000e+00   5.0000000000e-03   1.0000016270e-01  ) (9.0000010000e+00   5.0000000000e-03   1.0000000087e-01  ) (1.0200001000e+01   5.0000000000e-03   1.0000000035e-01  ) 
3.15	(5.0000010000e+00   5.0000000000e-03   1.0009329799e-01  ) (5.5000010000e+00   5.0000000000e-03   1.0206674715e-01  ) (6.0000010000e+00   5.0000000000e-03   1.0856926877e-01  ) (6.5000010000e+00   5.0000000000e-03   1.0288121761e-01  ) (6.9937500000e+00   5.0000000000e-03   1.0032772593e-01  ) (8.0062500000e+00   5.0000000000e-03   1.0000017173e-01  ) (9.0000010000e+00   5.0000000000e-03   1.0000000094e-01  ) (1.0200001000e+01   5.0000000000e-03   1.0000000031e-01  ) 
3.16	(5.0000010000e+00   5.0000000000e-03   1.0008574864e-01  ) (5.5000010000e+00   5.0000000000e-03   1.0197401408e-01  ) (6.0000010000e+00   5.0000000000e-03   1.0851474435e-01  ) (6.5000010000e+00   5.0000000000e-03   1.0300456586e-01  ) (6.9937500000e+00   5.0000000000e-03   1.0034487987e-01  ) (8.0062500000e+00   5.0000000000e-03   1.0000018127e-01  ) (9.0000010000e+00   5.0000000000e-03   1.0000000100e-01  ) (1.0200001000e+01   5.0000000000e-03   1.0000000025e-01  ) 
3.17	(5.0000010000e+00   5.0000000000e-03   1.0007881047e-01  ) (5.5000010000e+00   5.0000000000e-03   1.0188432817e-01  ) (6.0000010000e+00   5.0000000000e-03   1.0844941410e-01  ) (6.5000010000e+00   5.0000000000e-03   1.0313161112e-01  ) (6.9937500000e+00   5.0000000000e-03   1.0036289924e-01  ) (8.0062500000e+00   5.0000000000e-03   1.0000019135e-01  ) (9.0000010000e+00   5.0000000000e-03   1.0000000106e-01  ) (1.0200001000e+01   5.0000000000e-03   1.0000000019e-01  ) 
3.18	(5.0000010000e+00   5.0000000000e-03   1.0007245241e-01  ) (5.5000010000e+00   5.0000000000e-03   1.0179764602e-01  ) (6.0000010000e+00   5.0000000000e-03   1.0837366493e-01  ) (6.5000010000e+00   5.0000000000e-03   1.0326227785e-01  ) (6.9937500000e+00   5.0000000000e-03   1.0038182502e-01  ) (8.0062500000e+00   5.0000000000e-03   1.0000020200e-01  ) (9.0000010000e+00   5.0000000000e-03   1.0000000111e-01  ) (1.0200001000e+01   5.0000000000e-03   1.0000000012e-01  ) 
3.19	(5.0000010000e+00   5.0000000000e-03   1.0006664374e-01  ) (5.5000010000e+00   5.0000000000e-03   1.0171392368e-01  ) (6.0000010000e+00   5.0000000000e-03   1.0828791701e-01  ) (6.5000010000e+00   5.0000000000e-03   1.0339656007e-01  ) (6.9937500000e+00   5.0000000000e-03   1.0040169991e-01  ) (8.0062500000e+00   5.0000000000e-03   1.0000021326e-01  ) (9.0000010000e+00   5.0000000000e-03   1.0000000115e-01  ) (1.0200001000e+01   5.0000000000e-03   1.0000000006e-01  ) 
3.2	(5.0000010000e+00   5.0000000000e-03   1.0006135442e-01  ) (5.5000010000e+00   5.0000000000e-03   1.0163318490e-01  ) (6.0000010000e+00   5.0000000000e-03   1.0819262823e-01  ) (6.5000010000e+00   5.0000000000e-03   1.0353451297e-01  ) (6.9937500000e+00   5.0000000000e-03   1.0042256832e-01  ) (8.0062500000e+00   5.0000000000e-03   1.0000022515e-01  ) (9.0000010000e+00   5.0000000000e-03   1.0000000119e-01  ) (1.0200001000e+01   5.0000000000e-03   1.0000000001e-01  ) 
3.21	(5.0000010000e+00   5.0000000000e-03   1.0005655501e-01  ) (5.5000010000e+00   5.0000000000e-03   1.0155553246e-01  ) (6.0000010000e+00   5.0000000000e-03   1.0808828644e-01  ) (6.5000010000e+00   5.0000000000e-03   1.0367637716e-01  ) (6.9937500000e+00   5.0000000000e-03   1.0044447652e-01  ) (8.0062500000e+00   5.0000000000e-03   1.0000023773e-01  ) (9.0000010000e+00   5.0000000000e-03   1.0000000122e-01  ) (1.0200001000e+01   5.0000000000e-03   9.9999999963e-02  ) 
3.22	(5.0000010000e+00   5.0000000000e-03   1.0005221707e-01  ) (5.5000010000e+00   5.0000000000e-03   1.0148105795e-01  ) (6.0000010000e+00   5.0000000000e-03   1.0797540144e-01  ) (6.5000010000e+00   5.0000000000e-03   1.0382229984e-01  ) (6.9937500000e+00   5.0000000000e-03   1.0046747260e-01  ) (8.0062500000e+00   5.0000000000e-03   1.0000025102e-01  ) (9.0000010000e+00   5.0000000000e-03   1.0000000125e-01  ) (1.0200001000e+01   5.0000000000e-03   9.9999999925e-02  ) 
3.23	(5.0000010000e+00   5.0000000000e-03   1.0004831307e-01  ) (5.5000010000e+00   5.0000000000e-03   1.0140957715e-01  ) (6.0000010000e+00   5.0000000000e-03   1.0785451174e-01  ) (6.5000010000e+00   5.0000000000e-03   1.0397201676e-01  ) (6.9937500000e+00   5.0000000000e-03   1.0049160657e-01  ) (8.0062500000e+00   5.0000000000e-03   1.0000026506e-01  ) (9.0000010000e+00   5.0000000000e-03   1.0000000129e-01  ) (1.0200001000e+01   5.0000000000e-03   9.9999999896e-02  ) 
3.24	(5.0000010000e+00   5.0000000000e-03   1.0004481655e-01  ) (5.5000010000e+00   5.0000000000e-03   1.0134080229e-01  ) (6.0000010000e+00   5.0000000000e-03   1.0772616163e-01  ) (6.5000010000e+00   5.0000000000e-03   1.0412534727e-01  ) (6.9937500000e+00   5.0000000000e-03   1.0051693031e-01  ) (8.0062500000e+00   5.0000000000e-03   1.0000027988e-01  ) (9.0000010000e+00   5.0000000000e-03   1.0000000132e-01  ) (1.0200001000e+01   5.0000000000e-03   9.9999999876e-02  ) 
3.25	(5.0000010000e+00   5.0000000000e-03   1.0004170229e-01  ) (5.5000010000e+00   5.0000000000e-03   1.0127462608e-01  ) (6.0000010000e+00   5.0000000000e-03   1.0759091112e-01  ) (6.5000010000e+00   5.0000000000e-03   1.0428211192e-01  ) (6.9937500000e+00   5.0000000000e-03   1.0054349776e-01  ) (8.0062500000e+00   5.0000000000e-03   1.0000029553e-01  ) (9.0000010000e+00   5.0000000000e-03   1.0000000136e-01  ) (1.0200001000e+01   5.0000000000e-03   9.9999999864e-02  ) 
3.26	(5.0000010000e+00   5.0000000000e-03   1.0003894593e-01  ) (5.5000010000e+00   5.0000000000e-03   1.0121098519e-01  ) (6.0000010000e+00   5.0000000000e-03   1.0744932900e-01  ) (6.5000010000e+00   5.0000000000e-03   1.0444210705e-01  ) (6.9937500000e+00   5.0000000000e-03   1.0057136475e-01  ) (8.0062500000e+00   5.0000000000e-03   1.0000031204e-01  ) (9.0000010000e+00   5.0000000000e-03   1.0000000141e-01  ) (1.0200001000e+01   5.0000000000e-03   9.9999999859e-02  ) 
3.27	(5.0000010000e+00   5.0000000000e-03   1.0003652403e-01  ) (5.5000010000e+00   5.0000000000e-03   1.0114979954e-01  ) (6.0000010000e+00   5.0000000000e-03   1.0730198282e-01  ) (6.5000010000e+00   5.0000000000e-03   1.0460509211e-01  ) (6.9937500000e+00   5.0000000000e-03   1.0060058918e-01  ) (8.0062500000e+00   5.0000000000e-03   1.0000032944e-01  ) (9.0000010000e+00   5.0000000000e-03   1.0000000147e-01  ) (1.0200001000e+01   5.0000000000e-03   9.9999999858e-02  ) 
3.28	(5.0000010000e+00   5.0000000000e-03   1.0003441377e-01  ) (5.5000010000e+00   5.0000000000e-03   1.0109099781e-01  ) (6.0000010000e+00   5.0000000000e-03   1.0714945251e-01  ) (6.5000010000e+00   5.0000000000e-03   1.0477077276e-01  ) (6.9937500000e+00   5.0000000000e-03   1.0063123095e-01  ) (8.0062500000e+00   5.0000000000e-03   1.0000034779e-01  ) (9.0000010000e+00   5.0000000000e-03   1.0000000153e-01  ) (1.0200001000e+01   5.0000000000e-03   9.9999999859e-02  ) 
3.29	(5.0000010000e+00   5.0000000000e-03   1.0003259373e-01  ) (5.5000010000e+00   5.0000000000e-03   1.0103450919e-01  ) (6.0000010000e+00   5.0000000000e-03   1.0699235097e-01  ) (6.5000010000e+00   5.0000000000e-03   1.0493877615e-01  ) (6.9937500000e+00   5.0000000000e-03   1.0066335201e-01  ) (8.0062500000e+00   5.0000000000e-03   1.0000036713e-01  ) (9.0000010000e+00   5.0000000000e-03   1.0000000161e-01  ) (1.0200001000e+01   5.0000000000e-03   9.9999999859e-02  ) 
3.3	(5.0000010000e+00   5.0000000000e-03   1.0003104337e-01  ) (5.5000010000e+00   5.0000000000e-03   1.0098026164e-01  ) (6.0000010000e+00   5.0000000000e-03   1.0683137563e-01  ) (6.5000010000e+00   5.0000000000e-03   1.0510862964e-01  ) (6.9937500000e+00   5.0000000000e-03   1.0069701628e-01  ) (8.0062500000e+00   5.0000000000e-03   1.0000038750e-01  ) (9.0000010000e+00   5.0000000000e-03   1.0000000171e-01  ) (1.0200001000e+01   5.0000000000e-03   9.9999999857e-02  ) 
3.31	(5.0000010000e+00   5.0000000000e-03   1.0002974176e-01  ) (5.5000010000e+00   5.0000000000e-03   1.0092818849e-01  ) (6.0000010000e+00   5.0000000000e-03   1.0666821064e-01  ) (6.5000010000e+00   5.0000000000e-03   1.0527977543e-01  ) (6.9937500000e+00   5.0000000000e-03   1.0073229001e-01  ) (8.0062500000e+00   5.0000000000e-03   1.0000040896e-01  ) (9.0000010000e+00   5.0000000000e-03   1.0000000182e-01  ) (1.0200001000e+01   5.0000000000e-03   9.9999999850e-02  ) 
3.32	(5.0000010000e+00   5.0000000000e-03   1.0002866855e-01  ) (5.5000010000e+00   5.0000000000e-03   1.0087822111e-01  ) (6.0000010000e+00   5.0000000000e-03   1.0650484975e-01  ) (6.5000010000e+00   5.0000000000e-03   1.0545163026e-01  ) (6.9937500000e+00   5.0000000000e-03   1.0076924130e-01  ) (8.0062500000e+00   5.0000000000e-03   1.0000043159e-01  ) (9.0000010000e+00   5.0000000000e-03   1.0000000194e-01  ) (1.0200001000e+01   5.0000000000e-03   9.9999999837e-02  ) 
3.33	(5.0000010000e+00   5.0000000000e-03   1.0002780426e-01  ) (5.5000010000e+00   5.0000000000e-03   1.0083029539e-01  ) (6.0000010000e+00   5.0000000000e-03   1.0634128923e-01  ) (6.5000010000e+00   5.0000000000e-03   1.0562367136e-01  ) (6.9937500000e+00   5.0000000000e-03   1.0080794044e-01  ) (8.0062500000e+00   5.0000000000e-03   1.0000045544e-01  ) (9.0000010000e+00   5.0000000000e-03   1.0000000208e-01  ) (1.0200001000e+01   5.0000000000e-03   9.9999999819e-02  ) 
3.34	(5.0000010000e+00   5.0000000000e-03   1.0002712998e-01  ) (5.5000010000e+00   5.0000000000e-03   1.0078434906e-01  ) (6.0000010000e+00   5.0000000000e-03   1.0617648978e-01  ) (6.5000010000e+00   5.0000000000e-03   1.0579568799e-01  ) (6.9937500000e+00   5.0000000000e-03   1.0084845959e-01  ) (8.0062500000e+00   5.0000000000e-03   1.0000048059e-01  ) (9.0000010000e+00   5.0000000000e-03   1.0000000224e-01  ) (1.0200001000e+01   5.0000000000e-03   9.9999999794e-02  ) 
3.35	(5.0000010000e+00   5.0000000000e-03   1.0002662848e-01  ) (5.5000010000e+00   5.0000000000e-03   1.0074032059e-01  ) (6.0000010000e+00   5.0000000000e-03   1.0601051849e-01  ) (6.5000010000e+00   5.0000000000e-03   1.0596727633e-01  ) (6.9937500000e+00   5.0000000000e-03   1.0089087215e-01  ) (8.0062500000e+00   5.0000000000e-03   1.0000050712e-01  ) (9.0000010000e+00   5.0000000000e-03   1.0000000242e-01  ) (1.0200001000e+01   5.0000000000e-03   9.9999999765e-02  ) 
3.36	(5.0000010000e+00   5.0000000000e-03   1.0002628304e-01  ) (5.5000010000e+00   5.0000000000e-03   1.0069815178e-01  ) (6.0000010000e+00   5.0000000000e-03   1.0584398885e-01  ) (6.5000010000e+00   5.0000000000e-03   1.0613856990e-01  ) (6.9937500000e+00   5.0000000000e-03   1.0093525217e-01  ) (8.0062500000e+00   5.0000000000e-03   1.0000053513e-01  ) (9.0000010000e+00   5.0000000000e-03   1.0000000261e-01  ) (1.0200001000e+01   5.0000000000e-03   9.9999999732e-02  ) 
3.37	(5.0000010000e+00   5.0000000000e-03   1.0002607609e-01  ) (5.5000010000e+00   5.0000000000e-03   1.0065778350e-01  ) (6.0000010000e+00   5.0000000000e-03   1.0567733403e-01  ) (6.5000010000e+00   5.0000000000e-03   1.0630953158e-01  ) (6.9937500000e+00   5.0000000000e-03   1.0098167428e-01  ) (8.0062500000e+00   5.0000000000e-03   1.0000056470e-01  ) (9.0000010000e+00   5.0000000000e-03   1.0000000281e-01  ) (1.0200001000e+01   5.0000000000e-03   9.9999999698e-02  ) 
3.38	(5.0000010000e+00   5.0000000000e-03   1.0002599414e-01  ) (5.5000010000e+00   5.0000000000e-03   1.0061916190e-01  ) (6.0000010000e+00   5.0000000000e-03   1.0551091576e-01  ) (6.5000010000e+00   5.0000000000e-03   1.0647975481e-01  ) (6.9937500000e+00   5.0000000000e-03   1.0103021229e-01  ) (8.0062500000e+00   5.0000000000e-03   1.0000059593e-01  ) (9.0000010000e+00   5.0000000000e-03   1.0000000302e-01  ) (1.0200001000e+01   5.0000000000e-03   9.9999999665e-02  ) 
3.39	(5.0000010000e+00   5.0000000000e-03   1.0002602486e-01  ) (5.5000010000e+00   5.0000000000e-03   1.0058223180e-01  ) (6.0000010000e+00   5.0000000000e-03   1.0534506398e-01  ) (6.5000010000e+00   5.0000000000e-03   1.0664833885e-01  ) (6.9937500000e+00   5.0000000000e-03   1.0108097873e-01  ) (8.0062500000e+00   5.0000000000e-03   1.0000062891e-01  ) (9.0000010000e+00   5.0000000000e-03   1.0000000324e-01  ) (1.0200001000e+01   5.0000000000e-03   9.9999999635e-02  ) 
3.4	(5.0000010000e+00   5.0000000000e-03   1.0002615960e-01  ) (5.5000010000e+00   5.0000000000e-03   1.0054694062e-01  ) (6.0000010000e+00   5.0000000000e-03   1.0518009085e-01  ) (6.5000010000e+00   5.0000000000e-03   1.0681458577e-01  ) (6.9937500000e+00   5.0000000000e-03   1.0113409571e-01  ) (8.0062500000e+00   5.0000000000e-03   1.0000066375e-01  ) (9.0000010000e+00   5.0000000000e-03   1.0000000346e-01  ) (1.0200001000e+01   5.0000000000e-03   9.9999999610e-02  ) 
3.41	(5.0000010000e+00   5.0000000000e-03   1.0002638904e-01  ) (5.5000010000e+00   5.0000000000e-03   1.0051323721e-01  ) (6.0000010000e+00   5.0000000000e-03   1.0501628428e-01  ) (6.5000010000e+00   5.0000000000e-03   1.0697781113e-01  ) (6.9937500000e+00   5.0000000000e-03   1.0118965132e-01  ) (8.0062500000e+00   5.0000000000e-03   1.0000070054e-01  ) (9.0000010000e+00   5.0000000000e-03   1.0000000368e-01  ) (1.0200001000e+01   5.0000000000e-03   9.9999999593e-02  ) 
3.42	(5.0000010000e+00   5.0000000000e-03   1.0002670199e-01  ) (5.5000010000e+00   5.0000000000e-03   1.0048107054e-01  ) (6.0000010000e+00   5.0000000000e-03   1.0485391262e-01  ) (6.5000010000e+00   5.0000000000e-03   1.0713732232e-01  ) (6.9937500000e+00   5.0000000000e-03   1.0124774362e-01  ) (8.0062500000e+00   5.0000000000e-03   1.0000073939e-01  ) (9.0000010000e+00   5.0000000000e-03   1.0000000391e-01  ) (1.0200001000e+01   5.0000000000e-03   9.9999999583e-02  ) 
3.43	(5.0000010000e+00   5.0000000000e-03   1.0002708878e-01  ) (5.5000010000e+00   5.0000000000e-03   1.0045039376e-01  ) (6.0000010000e+00   5.0000000000e-03   1.0469323210e-01  ) (6.5000010000e+00   5.0000000000e-03   1.0729241452e-01  ) (6.9937500000e+00   5.0000000000e-03   1.0130846803e-01  ) (8.0062500000e+00   5.0000000000e-03   1.0000078041e-01  ) (9.0000010000e+00   5.0000000000e-03   1.0000000413e-01  ) (1.0200001000e+01   5.0000000000e-03   9.9999999584e-02  ) 
3.44	(5.0000010000e+00   5.0000000000e-03   1.0002753913e-01  ) (5.5000010000e+00   5.0000000000e-03   1.0042115990e-01  ) (6.0000010000e+00   5.0000000000e-03   1.0453447908e-01  ) (6.5000010000e+00   5.0000000000e-03   1.0744237545e-01  ) (6.9937500000e+00   5.0000000000e-03   1.0137191973e-01  ) (8.0062500000e+00   5.0000000000e-03   1.0000082370e-01  ) (9.0000010000e+00   5.0000000000e-03   1.0000000434e-01  ) (1.0200001000e+01   5.0000000000e-03   9.9999999594e-02  ) 
3.45	(5.0000010000e+00   5.0000000000e-03   1.0002804388e-01  ) (5.5000010000e+00   5.0000000000e-03   1.0039332391e-01  ) (6.0000010000e+00   5.0000000000e-03   1.0437791031e-01  ) (6.5000010000e+00   5.0000000000e-03   1.0758649543e-01  ) (6.9937500000e+00   5.0000000000e-03   1.0143819410e-01  ) (8.0062500000e+00   5.0000000000e-03   1.0000086939e-01  ) (9.0000010000e+00   5.0000000000e-03   1.0000000455e-01  ) (1.0200001000e+01   5.0000000000e-03   9.9999999613e-02  ) 
3.46	(5.0000010000e+00   5.0000000000e-03   1.0002859487e-01  ) (5.5000010000e+00   5.0000000000e-03   1.0036684203e-01  ) (6.0000010000e+00   5.0000000000e-03   1.0422400785e-01  ) (6.5000010000e+00   5.0000000000e-03   1.0772407988e-01  ) (6.9937500000e+00   5.0000000000e-03   1.0150738833e-01  ) (8.0062500000e+00   5.0000000000e-03   1.0000091758e-01  ) (9.0000010000e+00   5.0000000000e-03   1.0000000476e-01  ) (1.0200001000e+01   5.0000000000e-03   9.9999999640e-02  ) 
3.47	(5.0000010000e+00   5.0000000000e-03   1.0002918439e-01  ) (5.5000010000e+00   5.0000000000e-03   1.0034167281e-01  ) (6.0000010000e+00   5.0000000000e-03   1.0407384851e-01  ) (6.5000010000e+00   5.0000000000e-03   1.0785447616e-01  ) (6.9937500000e+00   5.0000000000e-03   1.0157960202e-01  ) (8.0062500000e+00   5.0000000000e-03   1.0000096843e-01  ) (9.0000010000e+00   5.0000000000e-03   1.0000000496e-01  ) (1.0200001000e+01   5.0000000000e-03   9.9999999675e-02  ) 
3.48	(5.0000010000e+00   5.0000000000e-03   1.0002980536e-01  ) (5.5000010000e+00   5.0000000000e-03   1.0031777597e-01  ) (6.0000010000e+00   5.0000000000e-03   1.0392815831e-01  ) (6.5000010000e+00   5.0000000000e-03   1.0797707592e-01  ) (6.9937500000e+00   5.0000000000e-03   1.0165493688e-01  ) (8.0062500000e+00   5.0000000000e-03   1.0000102206e-01  ) (9.0000010000e+00   5.0000000000e-03   1.0000000515e-01  ) (1.0200001000e+01   5.0000000000e-03   9.9999999713e-02  ) 
3.49	(5.0000010000e+00   5.0000000000e-03   1.0003045098e-01  ) (5.5000010000e+00   5.0000000000e-03   1.0029511394e-01  ) (6.0000010000e+00   5.0000000000e-03   1.0378633100e-01  ) (6.5000010000e+00   5.0000000000e-03   1.0809131959e-01  ) (6.9937500000e+00   5.0000000000e-03   1.0173349637e-01  ) (8.0062500000e+00   5.0000000000e-03   1.0000107864e-01  ) (9.0000010000e+00   5.0000000000e-03   1.0000000534e-01  ) (1.0200001000e+01   5.0000000000e-03   9.9999999755e-02  ) 
3.5	(5.0000010000e+00   5.0000000000e-03   1.0003111457e-01  ) (5.5000010000e+00   5.0000000000e-03   1.0027364887e-01  ) (6.0000010000e+00   5.0000000000e-03   1.0364747620e-01  ) (6.5000010000e+00   5.0000000000e-03   1.0819670411e-01  ) (6.9937500000e+00   5.0000000000e-03   1.0181538428e-01  ) (8.0062500000e+00   5.0000000000e-03   1.0000113833e-01  ) (9.0000010000e+00   5.0000000000e-03   1.0000000553e-01  ) (1.0200001000e+01   5.0000000000e-03   9.9999999797e-02  ) 
3.51	(5.0000010000e+00   5.0000000000e-03   1.0003178949e-01  ) (5.5000010000e+00   5.0000000000e-03   1.0025334473e-01  ) (6.0000010000e+00   5.0000000000e-03   1.0351177024e-01  ) (6.5000010000e+00   5.0000000000e-03   1.0829277218e-01  ) (6.9937500000e+00   5.0000000000e-03   1.0190070394e-01  ) (8.0062500000e+00   5.0000000000e-03   1.0000120129e-01  ) (9.0000010000e+00   5.0000000000e-03   1.0000000573e-01  ) (1.0200001000e+01   5.0000000000e-03   9.9999999836e-02  ) 
3.52	(5.0000010000e+00   5.0000000000e-03   1.0003246861e-01  ) (5.5000010000e+00   5.0000000000e-03   1.0023416608e-01  ) (6.0000010000e+00   5.0000000000e-03   1.0337932608e-01  ) (6.5000010000e+00   5.0000000000e-03   1.0837911851e-01  ) (6.9937500000e+00   5.0000000000e-03   1.0198955657e-01  ) (8.0062500000e+00   5.0000000000e-03   1.0000126773e-01  ) (9.0000010000e+00   5.0000000000e-03   1.0000000594e-01  ) (1.0200001000e+01   5.0000000000e-03   9.9999999872e-02  ) 
3.53	(5.0000010000e+00   5.0000000000e-03   1.0003314418e-01  ) (5.5000010000e+00   5.0000000000e-03   1.0021607739e-01  ) (6.0000010000e+00   5.0000000000e-03   1.0325017135e-01  ) (6.5000010000e+00   5.0000000000e-03   1.0845542959e-01  ) (6.9937500000e+00   5.0000000000e-03   1.0208203975e-01  ) (8.0062500000e+00   5.0000000000e-03   1.0000133784e-01  ) (9.0000010000e+00   5.0000000000e-03   1.0000000616e-01  ) (1.0200001000e+01   5.0000000000e-03   9.9999999901e-02  ) 
3.54	(5.0000010000e+00   5.0000000000e-03   1.0003380814e-01  ) (5.5000010000e+00   5.0000000000e-03   1.0019904392e-01  ) (6.0000010000e+00   5.0000000000e-03   1.0312433986e-01  ) (6.5000010000e+00   5.0000000000e-03   1.0852130829e-01  ) (6.9937500000e+00   5.0000000000e-03   1.0217824641e-01  ) (8.0062500000e+00   5.0000000000e-03   1.0000141182e-01  ) (9.0000010000e+00   5.0000000000e-03   1.0000000640e-01  ) (1.0200001000e+01   5.0000000000e-03   9.9999999923e-02  ) 
3.55	(5.0000010000e+00   5.0000000000e-03   1.0003445200e-01  ) (5.5000010000e+00   5.0000000000e-03   1.0018303009e-01  ) (6.0000010000e+00   5.0000000000e-03   1.0300184607e-01  ) (6.5000010000e+00   5.0000000000e-03   1.0857661008e-01  ) (6.9937500000e+00   5.0000000000e-03   1.0227826287e-01  ) (8.0062500000e+00   5.0000000000e-03   1.0000148990e-01  ) (9.0000010000e+00   5.0000000000e-03   1.0000000667e-01  ) (1.0200001000e+01   5.0000000000e-03   9.9999999936e-02  ) 
3.56	(5.0000010000e+00   5.0000000000e-03   1.0003506699e-01  ) (5.5000010000e+00   5.0000000000e-03   1.0016800034e-01  ) (6.0000010000e+00   5.0000000000e-03   1.0288268792e-01  ) (6.5000010000e+00   5.0000000000e-03   1.0862123622e-01  ) (6.9937500000e+00   5.0000000000e-03   1.0238216768e-01  ) (8.0062500000e+00   5.0000000000e-03   1.0000157230e-01  ) (9.0000010000e+00   5.0000000000e-03   1.0000000697e-01  ) (1.0200001000e+01   5.0000000000e-03   9.9999999940e-02  ) 
3.57	(5.0000010000e+00   5.0000000000e-03   1.0003564401e-01  ) (5.5000010000e+00   5.0000000000e-03   1.0015391881e-01  ) (6.0000010000e+00   5.0000000000e-03   1.0276685773e-01  ) (6.5000010000e+00   5.0000000000e-03   1.0865492634e-01  ) (6.9937500000e+00   5.0000000000e-03   1.0249002969e-01  ) (8.0062500000e+00   5.0000000000e-03   1.0000165927e-01  ) (9.0000010000e+00   5.0000000000e-03   1.0000000731e-01  ) (1.0200001000e+01   5.0000000000e-03   9.9999999936e-02  ) 
3.58	(5.0000010000e+00   5.0000000000e-03   1.0003617388e-01  ) (5.5000010000e+00   5.0000000000e-03   1.0014074922e-01  ) (6.0000010000e+00   5.0000000000e-03   1.0265433512e-01  ) (6.5000010000e+00   5.0000000000e-03   1.0867722707e-01  ) (6.9937500000e+00   5.0000000000e-03   1.0260190574e-01  ) (8.0062500000e+00   5.0000000000e-03   1.0000175105e-01  ) (9.0000010000e+00   5.0000000000e-03   1.0000000769e-01  ) (1.0200001000e+01   5.0000000000e-03   9.9999999923e-02  ) 
3.59	(5.0000010000e+00   5.0000000000e-03   1.0003664747e-01  ) (5.5000010000e+00   5.0000000000e-03   1.0012845533e-01  ) (6.0000010000e+00   5.0000000000e-03   1.0254509449e-01  ) (6.5000010000e+00   5.0000000000e-03   1.0868835492e-01  ) (6.9937500000e+00   5.0000000000e-03   1.0271783690e-01  ) (8.0062500000e+00   5.0000000000e-03   1.0000184791e-01  ) (9.0000010000e+00   5.0000000000e-03   1.0000000812e-01  ) (1.0200001000e+01   5.0000000000e-03   9.9999999902e-02  ) 
3.6	(5.0000010000e+00   5.0000000000e-03   1.0003705587e-01  ) (5.5000010000e+00   5.0000000000e-03   1.0011700097e-01  ) (6.0000010000e+00   5.0000000000e-03   1.0243910742e-01  ) (6.5000010000e+00   5.0000000000e-03   1.0868871563e-01  ) (6.9937500000e+00   5.0000000000e-03   1.0283784221e-01  ) (8.0062500000e+00   5.0000000000e-03   1.0000195012e-01  ) (9.0000010000e+00   5.0000000000e-03   1.0000000860e-01  ) (1.0200001000e+01   5.0000000000e-03   9.9999999874e-02  ) 
3.61	(5.0000010000e+00   5.0000000000e-03   1.0003739068e-01  ) (5.5000010000e+00   5.0000000000e-03   1.0010635008e-01  ) (6.0000010000e+00   5.0000000000e-03   1.0233633840e-01  ) (6.5000010000e+00   5.0000000000e-03   1.0867807297e-01  ) (6.9937500000e+00   5.0000000000e-03   1.0296191411e-01  ) (8.0062500000e+00   5.0000000000e-03   1.0000205797e-01  ) (9.0000010000e+00   5.0000000000e-03   1.0000000914e-01  ) (1.0200001000e+01   5.0000000000e-03   9.9999999841e-02  ) 
3.62	(5.0000010000e+00   5.0000000000e-03   1.0003764433e-01  ) (5.5000010000e+00   5.0000000000e-03   1.0009646731e-01  ) (6.0000010000e+00   5.0000000000e-03   1.0223674957e-01  ) (6.5000010000e+00   5.0000000000e-03   1.0865582002e-01  ) (6.9937500000e+00   5.0000000000e-03   1.0309001128e-01  ) (8.0062500000e+00   5.0000000000e-03   1.0000217177e-01  ) (9.0000010000e+00   5.0000000000e-03   1.0000000974e-01  ) (1.0200001000e+01   5.0000000000e-03   9.9999999804e-02  ) 
3.63	(5.0000010000e+00   5.0000000000e-03   1.0003781091e-01  ) (5.5000010000e+00   5.0000000000e-03   1.0008731842e-01  ) (6.0000010000e+00   5.0000000000e-03   1.0214030128e-01  ) (6.5000010000e+00   5.0000000000e-03   1.0862210228e-01  ) (6.9937500000e+00   5.0000000000e-03   1.0322209088e-01  ) (8.0062500000e+00   5.0000000000e-03   1.0000229183e-01  ) (9.0000010000e+00   5.0000000000e-03   1.0000001039e-01  ) (1.0200001000e+01   5.0000000000e-03   9.9999999765e-02  ) 
3.64	(5.0000010000e+00   5.0000000000e-03   1.0003788487e-01  ) (5.5000010000e+00   5.0000000000e-03   1.0007887033e-01  ) (6.0000010000e+00   5.0000000000e-03   1.0204694998e-01  ) (6.5000010000e+00   5.0000000000e-03   1.0857725985e-01  ) (6.9937500000e+00   5.0000000000e-03   1.0335823655e-01  ) (8.0062500000e+00   5.0000000000e-03   1.0000241851e-01  ) (9.0000010000e+00   5.0000000000e-03   1.0000001110e-01  ) (1.0200001000e+01   5.0000000000e-03   9.9999999724e-02  ) 
3.65	(5.0000010000e+00   5.0000000000e-03   1.0003785868e-01  ) (5.5000010000e+00   5.0000000000e-03   1.0007109125e-01  ) (6.0000010000e+00   5.0000000000e-03   1.0195664734e-01  ) (6.5000010000e+00   5.0000000000e-03   1.0852167226e-01  ) (6.9937500000e+00   5.0000000000e-03   1.0349842903e-01  ) (8.0062500000e+00   5.0000000000e-03   1.0000255217e-01  ) (9.0000010000e+00   5.0000000000e-03   1.0000001187e-01  ) (1.0200001000e+01   5.0000000000e-03   9.9999999684e-02  ) 
3.66	(5.0000010000e+00   5.0000000000e-03   1.0003772515e-01  ) (5.5000010000e+00   5.0000000000e-03   1.0006395076e-01  ) (6.0000010000e+00   5.0000000000e-03   1.0186934811e-01  ) (6.5000010000e+00   5.0000000000e-03   1.0845571651e-01  ) (6.9937500000e+00   5.0000000000e-03   1.0364301150e-01  ) (8.0062500000e+00   5.0000000000e-03   1.0000269318e-01  ) (9.0000010000e+00   5.0000000000e-03   1.0000001270e-01  ) (1.0200001000e+01   5.0000000000e-03   9.9999999645e-02  ) 
3.67	(5.0000010000e+00   5.0000000000e-03   1.0003747526e-01  ) (5.5000010000e+00   5.0000000000e-03   1.0005742005e-01  ) (6.0000010000e+00   5.0000000000e-03   1.0178500521e-01  ) (6.5000010000e+00   5.0000000000e-03   1.0837979989e-01  ) (6.9937500000e+00   5.0000000000e-03   1.0379221624e-01  ) (8.0062500000e+00   5.0000000000e-03   1.0000284197e-01  ) (9.0000010000e+00   5.0000000000e-03   1.0000001358e-01  ) (1.0200001000e+01   5.0000000000e-03   9.9999999609e-02  ) 
3.68	(5.0000010000e+00   5.0000000000e-03   1.0003710535e-01  ) (5.5000010000e+00   5.0000000000e-03   1.0005147145e-01  ) (6.0000010000e+00   5.0000000000e-03   1.0170358140e-01  ) (6.5000010000e+00   5.0000000000e-03   1.0829436512e-01  ) (6.9937500000e+00   5.0000000000e-03   1.0394592742e-01  ) (8.0062500000e+00   5.0000000000e-03   1.0000299896e-01  ) (9.0000010000e+00   5.0000000000e-03   1.0000001451e-01  ) (1.0200001000e+01   5.0000000000e-03   9.9999999576e-02  ) 
3.69	(5.0000010000e+00   5.0000000000e-03   1.0003661374e-01  ) (5.5000010000e+00   5.0000000000e-03   1.0004607845e-01  ) (6.0000010000e+00   5.0000000000e-03   1.0162509889e-01  ) (6.5000010000e+00   5.0000000000e-03   1.0819988123e-01  ) (6.9937500000e+00   5.0000000000e-03   1.0410390609e-01  ) (8.0062500000e+00   5.0000000000e-03   1.0000316460e-01  ) (9.0000010000e+00   5.0000000000e-03   1.0000001548e-01  ) (1.0200001000e+01   5.0000000000e-03   9.9999999546e-02  ) 
3.7	(5.0000010000e+00   5.0000000000e-03   1.0003599960e-01  ) (5.5000010000e+00   5.0000000000e-03   1.0004121539e-01  ) (6.0000010000e+00   5.0000000000e-03   1.0154966447e-01  ) (6.5000010000e+00   5.0000000000e-03   1.0809684973e-01  ) (6.9937500000e+00   5.0000000000e-03   1.0426592321e-01  ) (8.0062500000e+00   5.0000000000e-03   1.0000333939e-01  ) (9.0000010000e+00   5.0000000000e-03   1.0000001650e-01  ) (1.0200001000e+01   5.0000000000e-03   9.9999999520e-02  ) 
3.71	(5.0000010000e+00   5.0000000000e-03   1.0003526325e-01  ) (5.5000010000e+00   5.0000000000e-03   1.0003685766e-01  ) (6.0000010000e+00   5.0000000000e-03   1.0147734048e-01  ) (6.5000010000e+00   5.0000000000e-03   1.0798579528e-01  ) (6.9937500000e+00   5.0000000000e-03   1.0443180951e-01  ) (8.0062500000e+00   5.0000000000e-03   1.0000352381e-01  ) (9.0000010000e+00   5.0000000000e-03   1.0000001756e-01  ) (1.0200001000e+01   5.0000000000e-03   9.9999999499e-02  ) 
3.72	(5.0000010000e+00   5.0000000000e-03   1.0003440623e-01  ) (5.5000010000e+00   5.0000000000e-03   1.0003298123e-01  ) (6.0000010000e+00   5.0000000000e-03   1.0140794229e-01  ) (6.5000010000e+00   5.0000000000e-03   1.0786725708e-01  ) (6.9937500000e+00   5.0000000000e-03   1.0460138777e-01  ) (8.0062500000e+00   5.0000000000e-03   1.0000371842e-01  ) (9.0000010000e+00   5.0000000000e-03   1.0000001865e-01  ) (1.0200001000e+01   5.0000000000e-03   9.9999999481e-02  ) 
3.73	(5.0000010000e+00   5.0000000000e-03   1.0003343143e-01  ) (5.5000010000e+00   5.0000000000e-03   1.0002956212e-01  ) (6.0000010000e+00   5.0000000000e-03   1.0134119016e-01  ) (6.5000010000e+00   5.0000000000e-03   1.0774179860e-01  ) (6.9937500000e+00   5.0000000000e-03   1.0477443483e-01  ) (8.0062500000e+00   5.0000000000e-03   1.0000392375e-01  ) (9.0000010000e+00   5.0000000000e-03   1.0000001978e-01  ) (1.0200001000e+01   5.0000000000e-03   9.9999999468e-02  ) 
3.74	(5.0000010000e+00   5.0000000000e-03   1.0003234324e-01  ) (5.5000010000e+00   5.0000000000e-03   1.0002657644e-01  ) (6.0000010000e+00   5.0000000000e-03   1.0127699736e-01  ) (6.5000010000e+00   5.0000000000e-03   1.0760997907e-01  ) (6.9937500000e+00   5.0000000000e-03   1.0495063166e-01  ) (8.0062500000e+00   5.0000000000e-03   1.0000414042e-01  ) (9.0000010000e+00   5.0000000000e-03   1.0000002093e-01  ) (1.0200001000e+01   5.0000000000e-03   9.9999999460e-02  ) 
3.75	(5.0000010000e+00   5.0000000000e-03   1.0003114759e-01  ) (5.5000010000e+00   5.0000000000e-03   1.0002400064e-01  ) (6.0000010000e+00   5.0000000000e-03   1.0121530023e-01  ) (6.5000010000e+00   5.0000000000e-03   1.0747237236e-01  ) (6.9937500000e+00   5.0000000000e-03   1.0512952617e-01  ) (8.0062500000e+00   5.0000000000e-03   1.0000436903e-01  ) (9.0000010000e+00   5.0000000000e-03   1.0000002211e-01  ) (1.0200001000e+01   5.0000000000e-03   9.9999999455e-02  ) 
3.76	(5.0000010000e+00   5.0000000000e-03   1.0002985196e-01  ) (5.5000010000e+00   5.0000000000e-03   1.0002181109e-01  ) (6.0000010000e+00   5.0000000000e-03   1.0115601937e-01  ) (6.5000010000e+00   5.0000000000e-03   1.0732956003e-01  ) (6.9937500000e+00   5.0000000000e-03   1.0531058469e-01  ) (8.0062500000e+00   5.0000000000e-03   1.0000461024e-01  ) (9.0000010000e+00   5.0000000000e-03   1.0000002332e-01  ) (1.0200001000e+01   5.0000000000e-03   9.9999999454e-02  ) 
3.77	(5.0000010000e+00   5.0000000000e-03   1.0002846535e-01  ) (5.5000010000e+00   5.0000000000e-03   1.0001998258e-01  ) (6.0000010000e+00   5.0000000000e-03   1.0109908243e-01  ) (6.5000010000e+00   5.0000000000e-03   1.0718211696e-01  ) (6.9937500000e+00   5.0000000000e-03   1.0549337181e-01  ) (8.0062500000e+00   5.0000000000e-03   1.0000486474e-01  ) (9.0000010000e+00   5.0000000000e-03   1.0000002457e-01  ) (1.0200001000e+01   5.0000000000e-03   9.9999999457e-02  ) 
3.78	(5.0000010000e+00   5.0000000000e-03   1.0002699832e-01  ) (5.5000010000e+00   5.0000000000e-03   1.0001848976e-01  ) (6.0000010000e+00   5.0000000000e-03   1.0104441805e-01  ) (6.5000010000e+00   5.0000000000e-03   1.0703064347e-01  ) (6.9937500000e+00   5.0000000000e-03   1.0567770946e-01  ) (8.0062500000e+00   5.0000000000e-03   1.0000513325e-01  ) (9.0000010000e+00   5.0000000000e-03   1.0000002586e-01  ) (1.0200001000e+01   5.0000000000e-03   9.9999999464e-02  ) 
3.79	(5.0000010000e+00   5.0000000000e-03   1.0002546280e-01  ) (5.5000010000e+00   5.0000000000e-03   1.0001730746e-01  ) (6.0000010000e+00   5.0000000000e-03   1.0099195262e-01  ) (6.5000010000e+00   5.0000000000e-03   1.0687581525e-01  ) (6.9937500000e+00   5.0000000000e-03   1.0586377524e-01  ) (8.0062500000e+00   5.0000000000e-03   1.0000541654e-01  ) (9.0000010000e+00   5.0000000000e-03   1.0000002719e-01  ) (1.0200001000e+01   5.0000000000e-03   9.9999999473e-02  ) 
3.8	(5.0000010000e+00   5.0000000000e-03   1.0002387189e-01  ) (5.5000010000e+00   5.0000000000e-03   1.0001641040e-01  ) (6.0000010000e+00   5.0000000000e-03   1.0094161607e-01  ) (6.5000010000e+00   5.0000000000e-03   1.0671901291e-01  ) (6.9937500000e+00   5.0000000000e-03   1.0605108481e-01  ) (8.0062500000e+00   5.0000000000e-03   1.0000571542e-01  ) (9.0000010000e+00   5.0000000000e-03   1.0000002858e-01  ) (1.0200001000e+01   5.0000000000e-03   9.9999999487e-02  ) 
3.81	(5.0000010000e+00   5.0000000000e-03   1.0002223971e-01  ) (5.5000010000e+00   5.0000000000e-03   1.0001577390e-01  ) (6.0000010000e+00   5.0000000000e-03   1.0089333688e-01  ) (6.5000010000e+00   5.0000000000e-03   1.0656217763e-01  ) (6.9937500000e+00   5.0000000000e-03   1.0624034165e-01  ) (8.0062500000e+00   5.0000000000e-03   1.0000603073e-01  ) (9.0000010000e+00   5.0000000000e-03   1.0000003002e-01  ) (1.0200001000e+01   5.0000000000e-03   9.9999999503e-02  ) 
3.82	(5.0000010000e+00   5.0000000000e-03   1.0002058118e-01  ) (5.5000010000e+00   5.0000000000e-03   1.0001537449e-01  ) (6.0000010000e+00   5.0000000000e-03   1.0084704710e-01  ) (6.5000010000e+00   5.0000000000e-03   1.0640570092e-01  ) (6.9937500000e+00   5.0000000000e-03   1.0643140756e-01  ) (8.0062500000e+00   5.0000000000e-03   1.0000636340e-01  ) (9.0000010000e+00   5.0000000000e-03   1.0000003153e-01  ) (1.0200001000e+01   5.0000000000e-03   9.9999999523e-02  ) 
3.83	(5.0000010000e+00   5.0000000000e-03   1.0001891140e-01  ) (5.5000010000e+00   5.0000000000e-03   1.0001518865e-01  ) (6.0000010000e+00   5.0000000000e-03   1.0080268051e-01  ) (6.5000010000e+00   5.0000000000e-03   1.0624927030e-01  ) (6.9937500000e+00   5.0000000000e-03   1.0662346177e-01  ) (8.0062500000e+00   5.0000000000e-03   1.0000671437e-01  ) (9.0000010000e+00   5.0000000000e-03   1.0000003313e-01  ) (1.0200001000e+01   5.0000000000e-03   9.9999999545e-02  ) 
3.84	(5.0000010000e+00   5.0000000000e-03   1.0001724570e-01  ) (5.5000010000e+00   5.0000000000e-03   1.0001519851e-01  ) (6.0000010000e+00   5.0000000000e-03   1.0076017586e-01  ) (6.5000010000e+00   5.0000000000e-03   1.0609222684e-01  ) (6.9937500000e+00   5.0000000000e-03   1.0681548341e-01  ) (8.0062500000e+00   5.0000000000e-03   1.0000708463e-01  ) (9.0000010000e+00   5.0000000000e-03   1.0000003483e-01  ) (1.0200001000e+01   5.0000000000e-03   9.9999999570e-02  ) 
3.85	(5.0000010000e+00   5.0000000000e-03   1.0001559921e-01  ) (5.5000010000e+00   5.0000000000e-03   1.0001539090e-01  ) (6.0000010000e+00   5.0000000000e-03   1.0071947002e-01  ) (6.5000010000e+00   5.0000000000e-03   1.0593516121e-01  ) (6.9937500000e+00   5.0000000000e-03   1.0700651285e-01  ) (8.0062500000e+00   5.0000000000e-03   1.0000747526e-01  ) (9.0000010000e+00   5.0000000000e-03   1.0000003664e-01  ) (1.0200001000e+01   5.0000000000e-03   9.9999999597e-02  ) 
3.86	(5.0000010000e+00   5.0000000000e-03   1.0001398654e-01  ) (5.5000010000e+00   5.0000000000e-03   1.0001575194e-01  ) (6.0000010000e+00   5.0000000000e-03   1.0068050640e-01  ) (6.5000010000e+00   5.0000000000e-03   1.0577854257e-01  ) (6.9937500000e+00   5.0000000000e-03   1.0719570520e-01  ) (8.0062500000e+00   5.0000000000e-03   1.0000788738e-01  ) (9.0000010000e+00   5.0000000000e-03   1.0000003858e-01  ) (1.0200001000e+01   5.0000000000e-03   9.9999999625e-02  ) 
3.87	(5.0000010000e+00   5.0000000000e-03   1.0001242146e-01  ) (5.5000010000e+00   5.0000000000e-03   1.0001626498e-01  ) (6.0000010000e+00   5.0000000000e-03   1.0064322913e-01  ) (6.5000010000e+00   5.0000000000e-03   1.0562269608e-01  ) (6.9937500000e+00   5.0000000000e-03   1.0738219745e-01  ) (8.0062500000e+00   5.0000000000e-03   1.0000832216e-01  ) (9.0000010000e+00   5.0000000000e-03   1.0000004067e-01  ) (1.0200001000e+01   5.0000000000e-03   9.9999999655e-02  ) 
3.88	(5.0000010000e+00   5.0000000000e-03   1.0001091674e-01  ) (5.5000010000e+00   5.0000000000e-03   1.0001691251e-01  ) (6.0000010000e+00   5.0000000000e-03   1.0060758577e-01  ) (6.5000010000e+00   5.0000000000e-03   1.0546795155e-01  ) (6.9937500000e+00   5.0000000000e-03   1.0756510142e-01  ) (8.0062500000e+00   5.0000000000e-03   1.0000878086e-01  ) (9.0000010000e+00   5.0000000000e-03   1.0000004291e-01  ) (1.0200001000e+01   5.0000000000e-03   9.9999999683e-02  ) 
3.89	(5.0000010000e+00   5.0000000000e-03   1.0000948389e-01  ) (5.5000010000e+00   5.0000000000e-03   1.0001767861e-01  ) (6.0000010000e+00   5.0000000000e-03   1.0057352623e-01  ) (6.5000010000e+00   5.0000000000e-03   1.0531460424e-01  ) (6.9937500000e+00   5.0000000000e-03   1.0774359980e-01  ) (8.0062500000e+00   5.0000000000e-03   1.0000926479e-01  ) (9.0000010000e+00   5.0000000000e-03   1.0000004533e-01  ) (1.0200001000e+01   5.0000000000e-03   9.9999999711e-02  ) 
3.9	(5.0000010000e+00   5.0000000000e-03   1.0000813312e-01  ) (5.5000010000e+00   5.0000000000e-03   1.0001854875e-01  ) (6.0000010000e+00   5.0000000000e-03   1.0054100439e-01  ) (6.5000010000e+00   5.0000000000e-03   1.0516292785e-01  ) (6.9937500000e+00   5.0000000000e-03   1.0791705142e-01  ) (8.0062500000e+00   5.0000000000e-03   1.0000977534e-01  ) (9.0000010000e+00   5.0000000000e-03   1.0000004793e-01  ) (1.0200001000e+01   5.0000000000e-03   9.9999999736e-02  ) 
3.91	(5.0000010000e+00   5.0000000000e-03   1.0000687323e-01  ) (5.5000010000e+00   5.0000000000e-03   1.0001950918e-01  ) (6.0000010000e+00   5.0000000000e-03   1.0050997581e-01  ) (6.5000010000e+00   5.0000000000e-03   1.0501318747e-01  ) (6.9937500000e+00   5.0000000000e-03   1.0808505942e-01  ) (8.0062500000e+00   5.0000000000e-03   1.0001031398e-01  ) (9.0000010000e+00   5.0000000000e-03   1.0000005071e-01  ) (1.0200001000e+01   5.0000000000e-03   9.9999999757e-02  ) 
3.92	(5.0000010000e+00   5.0000000000e-03   1.0000571154e-01  ) (5.5000010000e+00   5.0000000000e-03   1.0002054682e-01  ) (6.0000010000e+00   5.0000000000e-03   1.0048039918e-01  ) (6.5000010000e+00   5.0000000000e-03   1.0486563849e-01  ) (6.9937500000e+00   5.0000000000e-03   1.0824756125e-01  ) (8.0062500000e+00   5.0000000000e-03   1.0001088224e-01  ) (9.0000010000e+00   5.0000000000e-03   1.0000005369e-01  ) (1.0200001000e+01   5.0000000000e-03   9.9999999772e-02  ) 
3.93	(5.0000010000e+00   5.0000000000e-03   1.0000465367e-01  ) (5.5000010000e+00   5.0000000000e-03   1.0002164933e-01  ) (6.0000010000e+00   5.0000000000e-03   1.0045223354e-01  ) (6.5000010000e+00   5.0000000000e-03   1.0472051003e-01  ) (6.9937500000e+00   5.0000000000e-03   1.0840397638e-01  ) (8.0062500000e+00   5.0000000000e-03   1.0001148175e-01  ) (9.0000010000e+00   5.0000000000e-03   1.0000005687e-01  ) (1.0200001000e+01   5.0000000000e-03   9.9999999782e-02  ) 
3.94	(5.0000010000e+00   5.0000000000e-03   1.0000370350e-01  ) (5.5000010000e+00   5.0000000000e-03   1.0002280494e-01  ) (6.0000010000e+00   5.0000000000e-03   1.0042544140e-01  ) (6.5000010000e+00   5.0000000000e-03   1.0457802647e-01  ) (6.9937500000e+00   5.0000000000e-03   1.0855383122e-01  ) (8.0062500000e+00   5.0000000000e-03   1.0001211424e-01  ) (9.0000010000e+00   5.0000000000e-03   1.0000006025e-01  ) (1.0200001000e+01   5.0000000000e-03   9.9999999783e-02  ) 
3.95	(5.0000010000e+00   5.0000000000e-03   1.0000286311e-01  ) (5.5000010000e+00   5.0000000000e-03   1.0002400246e-01  ) (6.0000010000e+00   5.0000000000e-03   1.0039998649e-01  ) (6.5000010000e+00   5.0000000000e-03   1.0443843055e-01  ) (6.9937500000e+00   5.0000000000e-03   1.0869770168e-01  ) (8.0062500000e+00   5.0000000000e-03   1.0001278150e-01  ) (9.0000010000e+00   5.0000000000e-03   1.0000006383e-01  ) (1.0200001000e+01   5.0000000000e-03   9.9999999776e-02  ) 
3.96	(5.0000010000e+00   5.0000000000e-03   1.0000213300e-01  ) (5.5000010000e+00   5.0000000000e-03   1.0002523128e-01  ) (6.0000010000e+00   5.0000000000e-03   1.0037583362e-01  ) (6.5000010000e+00   5.0000000000e-03   1.0430205446e-01  ) (6.9937500000e+00   5.0000000000e-03   1.0883495934e-01  ) (8.0062500000e+00   5.0000000000e-03   1.0001348544e-01  ) (9.0000010000e+00   5.0000000000e-03   1.0000006760e-01  ) (1.0200001000e+01   5.0000000000e-03   9.9999999761e-02  ) 
3.97	(5.0000010000e+00   5.0000000000e-03   1.0000151224e-01  ) (5.5000010000e+00   5.0000000000e-03   1.0002648142e-01  ) (6.0000010000e+00   5.0000000000e-03   1.0035294869e-01  ) (6.5000010000e+00   5.0000000000e-03   1.0416951359e-01  ) (6.9937500000e+00   5.0000000000e-03   1.0896498162e-01  ) (8.0062500000e+00   5.0000000000e-03   1.0001422806e-01  ) (9.0000010000e+00   5.0000000000e-03   1.0000007158e-01  ) (1.0200001000e+01   5.0000000000e-03   9.9999999736e-02  ) 
3.98	(5.0000010000e+00   5.0000000000e-03   1.0000099866e-01  ) (5.5000010000e+00   5.0000000000e-03   1.0002774363e-01  ) (6.0000010000e+00   5.0000000000e-03   1.0033130024e-01  ) (6.5000010000e+00   5.0000000000e-03   1.0404163784e-01  ) (6.9937500000e+00   5.0000000000e-03   1.0908649301e-01  ) (8.0062500000e+00   5.0000000000e-03   1.0001501148e-01  ) (9.0000010000e+00   5.0000000000e-03   1.0000007576e-01  ) (1.0200001000e+01   5.0000000000e-03   9.9999999702e-02  ) 
3.99	(5.0000010000e+00   5.0000000000e-03   1.0000058899e-01  ) (5.5000010000e+00   5.0000000000e-03   1.0002900944e-01  ) (6.0000010000e+00   5.0000000000e-03   1.0031085633e-01  ) (6.5000010000e+00   5.0000000000e-03   1.0391841780e-01  ) (6.9937500000e+00   5.0000000000e-03   1.0919843853e-01  ) (8.0062500000e+00   5.0000000000e-03   1.0001583791e-01  ) (9.0000010000e+00   5.0000000000e-03   1.0000008014e-01  ) (1.0200001000e+01   5.0000000000e-03   9.9999999659e-02  ) 
4	(5.0000010000e+00   5.0000000000e-03   1.0000027908e-01  ) (5.5000010000e+00   5.0000000000e-03   1.0003027113e-01  ) (6.0000010000e+00   5.0000000000e-03   1.0029158665e-01  ) (6.5000010000e+00   5.0000000000e-03   1.0379965386e-01  ) (6.9937500000e+00   5.0000000000e-03   1.0930000696e-01  ) (8.0062500000e+00   5.0000000000e-03   1.0001670971e-01  ) (9.0000010000e+00   5.0000000000e-03   1.0000008472e-01  ) (1.0200001000e+01   5.0000000000e-03   9.9999999609e-02  ) 
4.01	(5.0000010000e+00   5.0000000000e-03   1.0000006420e-01  ) (5.5000010000e+00   5.0000000000e-03   1.0003152174e-01  ) (6.0000010000e+00   5.0000000000e-03   1.0027346277e-01  ) (6.5000010000e+00   5.0000000000e-03   1.0368475858e-01  ) (6.9937500000e+00   5.0000000000e-03   1.0939064982e-01  ) (8.0062500000e+00   5.0000000000e-03   1.0001762936e-01  ) (9.0000010000e+00   5.0000000000e-03   1.0000008952e-01  ) (1.0200001000e+01   5.0000000000e-03   9.9999999552e-02  ) 
4.02	(5.0000010000e+00   5.0000000000e-03   9.9999938240e-02  ) (5.5000010000e+00   5.0000000000e-03   1.0003275515e-01  ) (6.0000010000e+00   5.0000000000e-03   1.0025645669e-01  ) (6.5000010000e+00   5.0000000000e-03   1.0357376795e-01  ) (6.9937500000e+00   5.0000000000e-03   1.0946995409e-01  ) (8.0062500000e+00   5.0000000000e-03   1.0001859943e-01  ) (9.0000010000e+00   5.0000000000e-03   1.0000009454e-01  ) (1.0200001000e+01   5.0000000000e-03   9.9999999488e-02  ) 
4.03	(5.0000010000e+00   5.0000000000e-03   9.9999895545e-02  ) (5.5000010000e+00   5.0000000000e-03   1.0003396594e-01  ) (6.0000010000e+00   5.0000000000e-03   1.0024054155e-01  ) (6.5000010000e+00   5.0000000000e-03   1.0346669721e-01  ) (6.9937500000e+00   5.0000000000e-03   1.0953763249e-01  ) (8.0062500000e+00   5.0000000000e-03   1.0001962269e-01  ) (9.0000010000e+00   5.0000000000e-03   1.0000009979e-01  ) (1.0200001000e+01   5.0000000000e-03   9.9999999421e-02  ) 
4.04	(5.0000010000e+00   5.0000000000e-03   9.9999932908e-02  ) (5.5000010000e+00   5.0000000000e-03   1.0003514940e-01  ) (6.0000010000e+00   5.0000000000e-03   1.0022569260e-01  ) (6.5000010000e+00   5.0000000000e-03   1.0336356544e-01  ) (6.9937500000e+00   5.0000000000e-03   1.0959348535e-01  ) (8.0062500000e+00   5.0000000000e-03   1.0002070203e-01  ) (9.0000010000e+00   5.0000000000e-03   1.0000010528e-01  ) (1.0200001000e+01   5.0000000000e-03   9.9999999351e-02  ) 
4.05	(5.0000010000e+00   5.0000000000e-03   1.0000004729e-01  ) (5.5000010000e+00   5.0000000000e-03   1.0003630132e-01  ) (6.0000010000e+00   5.0000000000e-03   1.0021188562e-01  ) (6.5000010000e+00   5.0000000000e-03   1.0326434581e-01  ) (6.9937500000e+00   5.0000000000e-03   1.0963738895e-01  ) (8.0062500000e+00   5.0000000000e-03   1.0002184049e-01  ) (9.0000010000e+00   5.0000000000e-03   1.0000011102e-01  ) (1.0200001000e+01   5.0000000000e-03   9.9999999280e-02  ) 
4.06	(5.0000010000e+00   5.0000000000e-03   1.0000023506e-01  ) (5.5000010000e+00   5.0000000000e-03   1.0003741796e-01  ) (6.0000010000e+00   5.0000000000e-03   1.0019909758e-01  ) (6.5000010000e+00   5.0000000000e-03   1.0316901658e-01  ) (6.9937500000e+00   5.0000000000e-03   1.0966925491e-01  ) (8.0062500000e+00   5.0000000000e-03   1.0002304129e-01  ) (9.0000010000e+00   5.0000000000e-03   1.0000011705e-01  ) (1.0200001000e+01   5.0000000000e-03   9.9999999209e-02  ) 
4.07	(5.0000010000e+00   5.0000000000e-03   1.0000048957e-01  ) (5.5000010000e+00   5.0000000000e-03   1.0003849599e-01  ) (6.0000010000e+00   5.0000000000e-03   1.0018730723e-01  ) (6.5000010000e+00   5.0000000000e-03   1.0307754190e-01  ) (6.9937500000e+00   5.0000000000e-03   1.0968911076e-01  ) (8.0062500000e+00   5.0000000000e-03   1.0002430782e-01  ) (9.0000010000e+00   5.0000000000e-03   1.0000012337e-01  ) (1.0200001000e+01   5.0000000000e-03   9.9999999141e-02  ) 
4.08	(5.0000010000e+00   5.0000000000e-03   1.0000080306e-01  ) (5.5000010000e+00   5.0000000000e-03   1.0003953225e-01  ) (6.0000010000e+00   5.0000000000e-03   1.0017649367e-01  ) (6.5000010000e+00   5.0000000000e-03   1.0298987769e-01  ) (6.9937500000e+00   5.0000000000e-03   1.0969708862e-01  ) (8.0062500000e+00   5.0000000000e-03   1.0002564366e-01  ) (9.0000010000e+00   5.0000000000e-03   1.0000013002e-01  ) (1.0200001000e+01   5.0000000000e-03   9.9999999076e-02  ) 
4.09	(5.0000010000e+00   5.0000000000e-03   1.0000116832e-01  ) (5.5000010000e+00   5.0000000000e-03   1.0004052371e-01  ) (6.0000010000e+00   5.0000000000e-03   1.0016663684e-01  ) (6.5000010000e+00   5.0000000000e-03   1.0290597438e-01  ) (6.9937500000e+00   5.0000000000e-03   1.0969340474e-01  ) (8.0062500000e+00   5.0000000000e-03   1.0002705256e-01  ) (9.0000010000e+00   5.0000000000e-03   1.0000013702e-01  ) (1.0200001000e+01   5.0000000000e-03   9.9999999017e-02  ) 
4.1	(5.0000010000e+00   5.0000000000e-03   1.0000157858e-01  ) (5.5000010000e+00   5.0000000000e-03   1.0004146749e-01  ) (6.0000010000e+00   5.0000000000e-03   1.0015771743e-01  ) (6.5000010000e+00   5.0000000000e-03   1.0282577355e-01  ) (6.9937500000e+00   5.0000000000e-03   1.0967757928e-01  ) (8.0062500000e+00   5.0000000000e-03   1.0002853850e-01  ) (9.0000010000e+00   5.0000000000e-03   1.0000014441e-01  ) (1.0200001000e+01   5.0000000000e-03   9.9999998966e-02  ) 
4.11	(5.0000010000e+00   5.0000000000e-03   1.0000202741e-01  ) (5.5000010000e+00   5.0000000000e-03   1.0004236069e-01  ) (6.0000010000e+00   5.0000000000e-03   1.0014971651e-01  ) (6.5000010000e+00   5.0000000000e-03   1.0274921300e-01  ) (6.9937500000e+00   5.0000000000e-03   1.0964883997e-01  ) (8.0062500000e+00   5.0000000000e-03   1.0003010567e-01  ) (9.0000010000e+00   5.0000000000e-03   1.0000015222e-01  ) (1.0200001000e+01   5.0000000000e-03   9.9999998922e-02  ) 
4.12	(5.0000010000e+00   5.0000000000e-03   1.0000250862e-01  ) (5.5000010000e+00   5.0000000000e-03   1.0004320036e-01  ) (6.0000010000e+00   5.0000000000e-03   1.0014261466e-01  ) (6.5000010000e+00   5.0000000000e-03   1.0267622952e-01  ) (6.9937500000e+00   5.0000000000e-03   1.0960777143e-01  ) (8.0062500000e+00   5.0000000000e-03   1.0003175846e-01  ) (9.0000010000e+00   5.0000000000e-03   1.0000016047e-01  ) (1.0200001000e+01   5.0000000000e-03   9.9999998888e-02  ) 
4.13	(5.0000010000e+00   5.0000000000e-03   1.0000301625e-01  ) (5.5000010000e+00   5.0000000000e-03   1.0004398360e-01  ) (6.0000010000e+00   5.0000000000e-03   1.0013639393e-01  ) (6.5000010000e+00   5.0000000000e-03   1.0260675630e-01  ) (6.9937500000e+00   5.0000000000e-03   1.0955490307e-01  ) (8.0062500000e+00   5.0000000000e-03   1.0003350149e-01  ) (9.0000010000e+00   5.0000000000e-03   1.0000016923e-01  ) (1.0200001000e+01   5.0000000000e-03   9.9999998864e-02  ) 
4.14	(5.0000010000e+00   5.0000000000e-03   1.0000354455e-01  ) (5.5000010000e+00   5.0000000000e-03   1.0004470749e-01  ) (6.0000010000e+00   5.0000000000e-03   1.0013103583e-01  ) (6.5000010000e+00   5.0000000000e-03   1.0254072459e-01  ) (6.9937500000e+00   5.0000000000e-03   1.0949047835e-01  ) (8.0062500000e+00   5.0000000000e-03   1.0003533971e-01  ) (9.0000010000e+00   5.0000000000e-03   1.0000017851e-01  ) (1.0200001000e+01   5.0000000000e-03   9.9999998851e-02  ) 
4.15	(5.0000010000e+00   5.0000000000e-03   1.0000408794e-01  ) (5.5000010000e+00   5.0000000000e-03   1.0004536917e-01  ) (6.0000010000e+00   5.0000000000e-03   1.0012652252e-01  ) (6.5000010000e+00   5.0000000000e-03   1.0247806673e-01  ) (6.9937500000e+00   5.0000000000e-03   1.0941464528e-01  ) (8.0062500000e+00   5.0000000000e-03   1.0003727826e-01  ) (9.0000010000e+00   5.0000000000e-03   1.0000018837e-01  ) (1.0200001000e+01   5.0000000000e-03   9.9999998850e-02  ) 
4.16	(5.0000010000e+00   5.0000000000e-03   1.0000464106e-01  ) (5.5000010000e+00   5.0000000000e-03   1.0004596608e-01  ) (6.0000010000e+00   5.0000000000e-03   1.0012283697e-01  ) (6.5000010000e+00   5.0000000000e-03   1.0241871239e-01  ) (6.9937500000e+00   5.0000000000e-03   1.0932798222e-01  ) (8.0062500000e+00   5.0000000000e-03   1.0003932258e-01  ) (9.0000010000e+00   5.0000000000e-03   1.0000019883e-01  ) (1.0200001000e+01   5.0000000000e-03   9.9999998860e-02  ) 
4.17	(5.0000010000e+00   5.0000000000e-03   1.0000519866e-01  ) (5.5000010000e+00   5.0000000000e-03   1.0004649592e-01  ) (6.0000010000e+00   5.0000000000e-03   1.0011995964e-01  ) (6.5000010000e+00   5.0000000000e-03   1.0236258868e-01  ) (6.9937500000e+00   5.0000000000e-03   1.0923166598e-01  ) (8.0062500000e+00   5.0000000000e-03   1.0004147839e-01  ) (9.0000010000e+00   5.0000000000e-03   1.0000020993e-01  ) (1.0200001000e+01   5.0000000000e-03   9.9999998882e-02  ) 
4.18	(5.0000010000e+00   5.0000000000e-03   1.0000575563e-01  ) (5.5000010000e+00   5.0000000000e-03   1.0004695686e-01  ) (6.0000010000e+00   5.0000000000e-03   1.0011787038e-01  ) (6.5000010000e+00   5.0000000000e-03   1.0230962284e-01  ) (6.9937500000e+00   5.0000000000e-03   1.0912651502e-01  ) (8.0062500000e+00   5.0000000000e-03   1.0004375179e-01  ) (9.0000010000e+00   5.0000000000e-03   1.0000022172e-01  ) (1.0200001000e+01   5.0000000000e-03   9.9999998916e-02  ) 
4.19	(5.0000010000e+00   5.0000000000e-03   1.0000630703e-01  ) (5.5000010000e+00   5.0000000000e-03   1.0004734752e-01  ) (6.0000010000e+00   5.0000000000e-03   1.0011655064e-01  ) (6.5000010000e+00   5.0000000000e-03   1.0225973631e-01  ) (6.9937500000e+00   5.0000000000e-03   1.0901355273e-01  ) (8.0062500000e+00   5.0000000000e-03   1.0004614914e-01  ) (9.0000010000e+00   5.0000000000e-03   1.0000023421e-01  ) (1.0200001000e+01   5.0000000000e-03   9.9999998961e-02  ) 
4.2	(5.0000010000e+00   5.0000000000e-03   1.0000684801e-01  ) (5.5000010000e+00   5.0000000000e-03   1.0004766723e-01  ) (6.0000010000e+00   5.0000000000e-03   1.0011597932e-01  ) (6.5000010000e+00   5.0000000000e-03   1.0221285455e-01  ) (6.9937500000e+00   5.0000000000e-03   1.0889225097e-01  ) (8.0062500000e+00   5.0000000000e-03   1.0004867707e-01  ) (9.0000010000e+00   5.0000000000e-03   1.0000024744e-01  ) (1.0200001000e+01   5.0000000000e-03   9.9999999016e-02  ) 
4.21	(5.0000010000e+00   5.0000000000e-03   1.0000737388e-01  ) (5.5000010000e+00   5.0000000000e-03   1.0004791614e-01  ) (6.0000010000e+00   5.0000000000e-03   1.0011611419e-01  ) (6.5000010000e+00   5.0000000000e-03   1.0216889134e-01  ) (6.9937500000e+00   5.0000000000e-03   1.0876303399e-01  ) (8.0062500000e+00   5.0000000000e-03   1.0005134271e-01  ) (9.0000010000e+00   5.0000000000e-03   1.0000026143e-01  ) (1.0200001000e+01   5.0000000000e-03   9.9999999080e-02  ) 
4.22	(5.0000010000e+00   5.0000000000e-03   1.0000788010e-01  ) (5.5000010000e+00   5.0000000000e-03   1.0004809518e-01  ) (6.0000010000e+00   5.0000000000e-03   1.0011695855e-01  ) (6.5000010000e+00   5.0000000000e-03   1.0212776521e-01  ) (6.9937500000e+00   5.0000000000e-03   1.0862637672e-01  ) (8.0062500000e+00   5.0000000000e-03   1.0005415357e-01  ) (9.0000010000e+00   5.0000000000e-03   1.0000027622e-01  ) (1.0200001000e+01   5.0000000000e-03   9.9999999153e-02  ) 
4.23	(5.0000010000e+00   5.0000000000e-03   1.0000836245e-01  ) (5.5000010000e+00   5.0000000000e-03   1.0004820639e-01  ) (6.0000010000e+00   5.0000000000e-03   1.0011850465e-01  ) (6.5000010000e+00   5.0000000000e-03   1.0208938557e-01  ) (6.9937500000e+00   5.0000000000e-03   1.0848276850e-01  ) (8.0062500000e+00   5.0000000000e-03   1.0005711751e-01  ) (9.0000010000e+00   5.0000000000e-03   1.0000029182e-01  ) (1.0200001000e+01   5.0000000000e-03   9.9999999233e-02  ) 
4.24	(5.0000010000e+00   5.0000000000e-03   1.0000881711e-01  ) (5.5000010000e+00   5.0000000000e-03   1.0004825382e-01  ) (6.0000010000e+00   5.0000000000e-03   1.0012072575e-01  ) (6.5000010000e+00   5.0000000000e-03   1.0205366143e-01  ) (6.9937500000e+00   5.0000000000e-03   1.0833273443e-01  ) (8.0062500000e+00   5.0000000000e-03   1.0006024277e-01  ) (9.0000010000e+00   5.0000000000e-03   1.0000030825e-01  ) (1.0200001000e+01   5.0000000000e-03   9.9999999318e-02  ) 
4.25	(5.0000010000e+00   5.0000000000e-03   1.0000924078e-01  ) (5.5000010000e+00   5.0000000000e-03   1.0004824016e-01  ) (6.0000010000e+00   5.0000000000e-03   1.0012360112e-01  ) (6.5000010000e+00   5.0000000000e-03   1.0202049492e-01  ) (6.9937500000e+00   5.0000000000e-03   1.0817683835e-01  ) (8.0062500000e+00   5.0000000000e-03   1.0006353818e-01  ) (9.0000010000e+00   5.0000000000e-03   1.0000032556e-01  ) (1.0200001000e+01   5.0000000000e-03   9.9999999408e-02  ) 
4.26	(5.0000010000e+00   5.0000000000e-03   1.0000963084e-01  ) (5.5000010000e+00   5.0000000000e-03   1.0004816719e-01  ) (6.0000010000e+00   5.0000000000e-03   1.0012711298e-01  ) (6.5000010000e+00   5.0000000000e-03   1.0198979316e-01  ) (6.9937500000e+00   5.0000000000e-03   1.0801566332e-01  ) (8.0062500000e+00   5.0000000000e-03   1.0006701298e-01  ) (9.0000010000e+00   5.0000000000e-03   1.0000034376e-01  ) (1.0200001000e+01   5.0000000000e-03   9.9999999501e-02  ) 
4.27	(5.0000010000e+00   5.0000000000e-03   1.0000998552e-01  ) (5.5000010000e+00   5.0000000000e-03   1.0004803691e-01  ) (6.0000010000e+00   5.0000000000e-03   1.0013124543e-01  ) (6.5000010000e+00   5.0000000000e-03   1.0196145539e-01  ) (6.9937500000e+00   5.0000000000e-03   1.0784979896e-01  ) (8.0062500000e+00   5.0000000000e-03   1.0007067687e-01  ) (9.0000010000e+00   5.0000000000e-03   1.0000036290e-01  ) (1.0200001000e+01   5.0000000000e-03   9.9999999594e-02  ) 
4.28	(5.0000010000e+00   5.0000000000e-03   1.0001030398e-01  ) (5.5000010000e+00   5.0000000000e-03   1.0004785281e-01  ) (6.0000010000e+00   5.0000000000e-03   1.0013598432e-01  ) (6.5000010000e+00   5.0000000000e-03   1.0193538193e-01  ) (6.9937500000e+00   5.0000000000e-03   1.0767984364e-01  ) (8.0062500000e+00   5.0000000000e-03   1.0007454005e-01  ) (9.0000010000e+00   5.0000000000e-03   1.0000038302e-01  ) (1.0200001000e+01   5.0000000000e-03   9.9999999688e-02  ) 
4.29	(5.0000010000e+00   5.0000000000e-03   1.0001058645e-01  ) (5.5000010000e+00   5.0000000000e-03   1.0004762018e-01  ) (6.0000010000e+00   5.0000000000e-03   1.0014131691e-01  ) (6.5000010000e+00   5.0000000000e-03   1.0191147003e-01  ) (6.9937500000e+00   5.0000000000e-03   1.0750636841e-01  ) (8.0062500000e+00   5.0000000000e-03   1.0007861344e-01  ) (9.0000010000e+00   5.0000000000e-03   1.0000040418e-01  ) (1.0200001000e+01   5.0000000000e-03   9.9999999779e-02  ) 
4.3	(5.0000010000e+00   5.0000000000e-03   1.0001083417e-01  ) (5.5000010000e+00   5.0000000000e-03   1.0004734442e-01  ) (6.0000010000e+00   5.0000000000e-03   1.0014723162e-01  ) (6.5000010000e+00   5.0000000000e-03   1.0188961174e-01  ) (6.9937500000e+00   5.0000000000e-03   1.0732990631e-01  ) (8.0062500000e+00   5.0000000000e-03   1.0008290844e-01  ) (9.0000010000e+00   5.0000000000e-03   1.0000042644e-01  ) (1.0200001000e+01   5.0000000000e-03   9.9999999867e-02  ) 
4.31	(5.0000010000e+00   5.0000000000e-03   1.0001104946e-01  ) (5.5000010000e+00   5.0000000000e-03   1.0004703102e-01  ) (6.0000010000e+00   5.0000000000e-03   1.0015371822e-01  ) (6.5000010000e+00   5.0000000000e-03   1.0186969931e-01  ) (6.9937500000e+00   5.0000000000e-03   1.0715095763e-01  ) (8.0062500000e+00   5.0000000000e-03   1.0008743697e-01  ) (9.0000010000e+00   5.0000000000e-03   1.0000044985e-01  ) (1.0200001000e+01   5.0000000000e-03   9.9999999950e-02  ) 
4.32	(5.0000010000e+00   5.0000000000e-03   1.0001123558e-01  ) (5.5000010000e+00   5.0000000000e-03   1.0004668582e-01  ) (6.0000010000e+00   5.0000000000e-03   1.0016076591e-01  ) (6.5000010000e+00   5.0000000000e-03   1.0185162251e-01  ) (6.9937500000e+00   5.0000000000e-03   1.0697000462e-01  ) (8.0062500000e+00   5.0000000000e-03   1.0009221185e-01  ) (9.0000010000e+00   5.0000000000e-03   1.0000047451e-01  ) (1.0200001000e+01   5.0000000000e-03   1.0000000003e-01  ) 
4.33	(5.0000010000e+00   5.0000000000e-03   1.0001139654e-01  ) (5.5000010000e+00   5.0000000000e-03   1.0004631436e-01  ) (6.0000010000e+00   5.0000000000e-03   1.0016836380e-01  ) (6.5000010000e+00   5.0000000000e-03   1.0183526711e-01  ) (6.9937500000e+00   5.0000000000e-03   1.0678756876e-01  ) (8.0062500000e+00   5.0000000000e-03   1.0009724648e-01  ) (9.0000010000e+00   5.0000000000e-03   1.0000050050e-01  ) (1.0200001000e+01   5.0000000000e-03   1.0000000010e-01  ) 
4.34	(5.0000010000e+00   5.0000000000e-03   1.0001153690e-01  ) (5.5000010000e+00   5.0000000000e-03   1.0004592258e-01  ) (6.0000010000e+00   5.0000000000e-03   1.0017650167e-01  ) (6.5000010000e+00   5.0000000000e-03   1.0182052103e-01  ) (6.9937500000e+00   5.0000000000e-03   1.0660530862e-01  ) (8.0062500000e+00   5.0000000000e-03   1.0010255487e-01  ) (9.0000010000e+00   5.0000000000e-03   1.0000052790e-01  ) (1.0200001000e+01   5.0000000000e-03   1.0000000017e-01  ) 
4.35	(5.0000010000e+00   5.0000000000e-03   1.0001166151e-01  ) (5.5000010000e+00   5.0000000000e-03   1.0004551635e-01  ) (6.0000010000e+00   5.0000000000e-03   1.0018516912e-01  ) (6.5000010000e+00   5.0000000000e-03   1.0180726406e-01  ) (6.9937500000e+00   5.0000000000e-03   1.0642535721e-01  ) (8.0062500000e+00   5.0000000000e-03   1.0010815207e-01  ) (9.0000010000e+00   5.0000000000e-03   1.0000055682e-01  ) (1.0200001000e+01   5.0000000000e-03   1.0000000023e-01  ) 
4.36	(5.0000010000e+00   5.0000000000e-03   1.0001177527e-01  ) (5.5000010000e+00   5.0000000000e-03   1.0004510214e-01  ) (6.0000010000e+00   5.0000000000e-03   1.0019435582e-01  ) (6.5000010000e+00   5.0000000000e-03   1.0179537191e-01  ) (6.9937500000e+00   5.0000000000e-03   1.0624573296e-01  ) (8.0062500000e+00   5.0000000000e-03   1.0011405379e-01  ) (9.0000010000e+00   5.0000000000e-03   1.0000058735e-01  ) (1.0200001000e+01   5.0000000000e-03   1.0000000028e-01  ) 
4.37	(5.0000010000e+00   5.0000000000e-03   1.0001188288e-01  ) (5.5000010000e+00   5.0000000000e-03   1.0004468642e-01  ) (6.0000010000e+00   5.0000000000e-03   1.0020405153e-01  ) (6.5000010000e+00   5.0000000000e-03   1.0178471987e-01  ) (6.9937500000e+00   5.0000000000e-03   1.0606619333e-01  ) (8.0062500000e+00   5.0000000000e-03   1.0012027674e-01  ) (9.0000010000e+00   5.0000000000e-03   1.0000061961e-01  ) (1.0200001000e+01   5.0000000000e-03   1.0000000033e-01  ) 
4.38	(5.0000010000e+00   5.0000000000e-03   1.0001198864e-01  ) (5.5000010000e+00   5.0000000000e-03   1.0004427588e-01  ) (6.0000010000e+00   5.0000000000e-03   1.0021424588e-01  ) (6.5000010000e+00   5.0000000000e-03   1.0177517966e-01  ) (6.9937500000e+00   5.0000000000e-03   1.0588730330e-01  ) (8.0062500000e+00   5.0000000000e-03   1.0012683854e-01  ) (9.0000010000e+00   5.0000000000e-03   1.0000065369e-01  ) (1.0200001000e+01   5.0000000000e-03   1.0000000037e-01  ) 
4.39	(5.0000010000e+00   5.0000000000e-03   1.0001209615e-01  ) (5.5000010000e+00   5.0000000000e-03   1.0004387862e-01  ) (6.0000010000e+00   5.0000000000e-03   1.0022492866e-01  ) (6.5000010000e+00   5.0000000000e-03   1.0176661982e-01  ) (6.9937500000e+00   5.0000000000e-03   1.0570936632e-01  ) (8.0062500000e+00   5.0000000000e-03   1.0013375769e-01  ) (9.0000010000e+00   5.0000000000e-03   1.0000068970e-01  ) (1.0200001000e+01   5.0000000000e-03   1.0000000041e-01  ) 
4.4	(5.0000010000e+00   5.0000000000e-03   1.0001220828e-01  ) (5.5000010000e+00   5.0000000000e-03   1.0004350479e-01  ) (6.0000010000e+00   5.0000000000e-03   1.0023609020e-01  ) (6.5000010000e+00   5.0000000000e-03   1.0175890698e-01  ) (6.9937500000e+00   5.0000000000e-03   1.0553263695e-01  ) (8.0062500000e+00   5.0000000000e-03   1.0014105384e-01  ) (9.0000010000e+00   5.0000000000e-03   1.0000072777e-01  ) (1.0200001000e+01   5.0000000000e-03   1.0000000044e-01  ) 
4.41	(5.0000010000e+00   5.0000000000e-03   1.0001232686e-01  ) (5.5000010000e+00   5.0000000000e-03   1.0004316276e-01  ) (6.0000010000e+00   5.0000000000e-03   1.0024772151e-01  ) (6.5000010000e+00   5.0000000000e-03   1.0175190413e-01  ) (6.9937500000e+00   5.0000000000e-03   1.0535742892e-01  ) (8.0062500000e+00   5.0000000000e-03   1.0014874790e-01  ) (9.0000010000e+00   5.0000000000e-03   1.0000076799e-01  ) (1.0200001000e+01   5.0000000000e-03   1.0000000048e-01  ) 
4.42	(5.0000010000e+00   5.0000000000e-03   1.0001245266e-01  ) (5.5000010000e+00   5.0000000000e-03   1.0004286149e-01  ) (6.0000010000e+00   5.0000000000e-03   1.0025981452e-01  ) (6.5000010000e+00   5.0000000000e-03   1.0174547319e-01  ) (6.9937500000e+00   5.0000000000e-03   1.0518402322e-01  ) (8.0062500000e+00   5.0000000000e-03   1.0015686140e-01  ) (9.0000010000e+00   5.0000000000e-03   1.0000081048e-01  ) (1.0200001000e+01   5.0000000000e-03   1.0000000052e-01  ) 
4.43	(5.0000010000e+00   5.0000000000e-03   1.0001258538e-01  ) (5.5000010000e+00   5.0000000000e-03   1.0004261134e-01  ) (6.0000010000e+00   5.0000000000e-03   1.0027236265e-01  ) (6.5000010000e+00   5.0000000000e-03   1.0173947291e-01  ) (6.9937500000e+00   5.0000000000e-03   1.0501268109e-01  ) (8.0062500000e+00   5.0000000000e-03   1.0016541776e-01  ) (9.0000010000e+00   5.0000000000e-03   1.0000085536e-01  ) (1.0200001000e+01   5.0000000000e-03   1.0000000056e-01  ) 
4.44	(5.0000010000e+00   5.0000000000e-03   1.0001272365e-01  ) (5.5000010000e+00   5.0000000000e-03   1.0004242392e-01  ) (6.0000010000e+00   5.0000000000e-03   1.0028535933e-01  ) (6.5000010000e+00   5.0000000000e-03   1.0173376058e-01  ) (6.9937500000e+00   5.0000000000e-03   1.0484367617e-01  ) (8.0062500000e+00   5.0000000000e-03   1.0017444178e-01  ) (9.0000010000e+00   5.0000000000e-03   1.0000090274e-01  ) (1.0200001000e+01   5.0000000000e-03   1.0000000062e-01  ) 
4.45	(5.0000010000e+00   5.0000000000e-03   1.0001286516e-01  ) (5.5000010000e+00   5.0000000000e-03   1.0004230995e-01  ) (6.0000010000e+00   5.0000000000e-03   1.0029879955e-01  ) (6.5000010000e+00   5.0000000000e-03   1.0172819358e-01  ) (6.9937500000e+00   5.0000000000e-03   1.0467726101e-01  ) (8.0062500000e+00   5.0000000000e-03   1.0018395898e-01  ) (9.0000010000e+00   5.0000000000e-03   1.0000095277e-01  ) (1.0200001000e+01   5.0000000000e-03   1.0000000067e-01  ) 
4.46	(5.0000010000e+00   5.0000000000e-03   1.0001300705e-01  ) (5.5000010000e+00   5.0000000000e-03   1.0004227979e-01  ) (6.0000010000e+00   5.0000000000e-03   1.0031267910e-01  ) (6.5000010000e+00   5.0000000000e-03   1.0172262933e-01  ) (6.9937500000e+00   5.0000000000e-03   1.0451363038e-01  ) (8.0062500000e+00   5.0000000000e-03   1.0019399689e-01  ) (9.0000010000e+00   5.0000000000e-03   1.0000100557e-01  ) (1.0200001000e+01   5.0000000000e-03   1.0000000075e-01  ) 
4.47	(5.0000010000e+00   5.0000000000e-03   1.0001314603e-01  ) (5.5000010000e+00   5.0000000000e-03   1.0004234816e-01  ) (6.0000010000e+00   5.0000000000e-03   1.0032699541e-01  ) (6.5000010000e+00   5.0000000000e-03   1.0171692763e-01  ) (6.9937500000e+00   5.0000000000e-03   1.0435303232e-01  ) (8.0062500000e+00   5.0000000000e-03   1.0020458482e-01  ) (9.0000010000e+00   5.0000000000e-03   1.0000106127e-01  ) (1.0200001000e+01   5.0000000000e-03   1.0000000083e-01  ) 
4.48	(5.0000010000e+00   5.0000000000e-03   1.0001327858e-01  ) (5.5000010000e+00   5.0000000000e-03   1.0004253193e-01  ) (6.0000010000e+00   5.0000000000e-03   1.0034174629e-01  ) (6.5000010000e+00   5.0000000000e-03   1.0171095217e-01  ) (6.9937500000e+00   5.0000000000e-03   1.0419595730e-01  ) (8.0062500000e+00   5.0000000000e-03   1.0021575322e-01  ) (9.0000010000e+00   5.0000000000e-03   1.0000112004e-01  ) (1.0200001000e+01   5.0000000000e-03   1.0000000093e-01  ) 
4.49	(5.0000010000e+00   5.0000000000e-03   1.0001340124e-01  ) (5.5000010000e+00   5.0000000000e-03   1.0004284278e-01  ) (6.0000010000e+00   5.0000000000e-03   1.0035693015e-01  ) (6.5000010000e+00   5.0000000000e-03   1.0170457219e-01  ) (6.9937500000e+00   5.0000000000e-03   1.0404372608e-01  ) (8.0062500000e+00   5.0000000000e-03   1.0022753459e-01  ) (9.0000010000e+00   5.0000000000e-03   1.0000118203e-01  ) (1.0200001000e+01   5.0000000000e-03   1.0000000105e-01  ) 
4.5	(5.0000010000e+00   5.0000000000e-03   1.0001351086e-01  ) (5.5000010000e+00   5.0000000000e-03   1.0004329400e-01  ) (6.0000010000e+00   5.0000000000e-03   1.0037254498e-01  ) (6.5000010000e+00   5.0000000000e-03   1.0169766457e-01  ) (6.9937500000e+00   5.0000000000e-03   1.0389652781e-01  ) (8.0062500000e+00   5.0000000000e-03   1.0023996401e-01  ) (9.0000010000e+00   5.0000000000e-03   1.0000124741e-01  ) (1.0200001000e+01   5.0000000000e-03   1.0000000118e-01  ) 
4.51	(5.0000010000e+00   5.0000000000e-03   1.0001360481e-01  ) (5.5000010000e+00   5.0000000000e-03   1.0004389886e-01  ) (6.0000010000e+00   5.0000000000e-03   1.0038858837e-01  ) (6.5000010000e+00   5.0000000000e-03   1.0169011526e-01  ) (6.9937500000e+00   5.0000000000e-03   1.0375282613e-01  ) (8.0062500000e+00   5.0000000000e-03   1.0025307769e-01  ) (9.0000010000e+00   5.0000000000e-03   1.0000131635e-01  ) (1.0200001000e+01   5.0000000000e-03   1.0000000134e-01  ) 
4.52	(5.0000010000e+00   5.0000000000e-03   1.0001368129e-01  ) (5.5000010000e+00   5.0000000000e-03   1.0004467002e-01  ) (6.0000010000e+00   5.0000000000e-03   1.0040505730e-01  ) (6.5000010000e+00   5.0000000000e-03   1.0168182111e-01  ) (6.9937500000e+00   5.0000000000e-03   1.0361255900e-01  ) (8.0062500000e+00   5.0000000000e-03   1.0026691463e-01  ) (9.0000010000e+00   5.0000000000e-03   1.0000138906e-01  ) (1.0200001000e+01   5.0000000000e-03   1.0000000151e-01  ) 
4.53	(5.0000010000e+00   5.0000000000e-03   1.0001373939e-01  ) (5.5000010000e+00   5.0000000000e-03   1.0004561941e-01  ) (6.0000010000e+00   5.0000000000e-03   1.0042194791e-01  ) (6.5000010000e+00   5.0000000000e-03   1.0167269165e-01  ) (6.9937500000e+00   5.0000000000e-03   1.0347582703e-01  ) (8.0062500000e+00   5.0000000000e-03   1.0028151595e-01  ) (9.0000010000e+00   5.0000000000e-03   1.0000146574e-01  ) (1.0200001000e+01   5.0000000000e-03   1.0000000171e-01  ) 
4.54	(5.0000010000e+00   5.0000000000e-03   1.0001377920e-01  ) (5.5000010000e+00   5.0000000000e-03   1.0004675814e-01  ) (6.0000010000e+00   5.0000000000e-03   1.0043925546e-01  ) (6.5000010000e+00   5.0000000000e-03   1.0166265447e-01  ) (6.9937500000e+00   5.0000000000e-03   1.0334263598e-01  ) (8.0062500000e+00   5.0000000000e-03   1.0029692515e-01  ) (9.0000010000e+00   5.0000000000e-03   1.0000154660e-01  ) (1.0200001000e+01   5.0000000000e-03   1.0000000193e-01  ) 
4.55	(5.0000010000e+00   5.0000000000e-03   1.0001380177e-01  ) (5.5000010000e+00   5.0000000000e-03   1.0004809639e-01  ) (6.0000010000e+00   5.0000000000e-03   1.0045697424e-01  ) (6.5000010000e+00   5.0000000000e-03   1.0165165492e-01  ) (6.9937500000e+00   5.0000000000e-03   1.0321301068e-01  ) (8.0062500000e+00   5.0000000000e-03   1.0031318862e-01  ) (9.0000010000e+00   5.0000000000e-03   1.0000163188e-01  ) (1.0200001000e+01   5.0000000000e-03   1.0000000216e-01  ) 
4.56	(5.0000010000e+00   5.0000000000e-03   1.0001380849e-01  ) (5.5000010000e+00   5.0000000000e-03   1.0004964341e-01  ) (6.0000010000e+00   5.0000000000e-03   1.0047509772e-01  ) (6.5000010000e+00   5.0000000000e-03   1.0163965546e-01  ) (6.9937500000e+00   5.0000000000e-03   1.0308692895e-01  ) (8.0062500000e+00   5.0000000000e-03   1.0033035590e-01  ) (9.0000010000e+00   5.0000000000e-03   1.0000172182e-01  ) (1.0200001000e+01   5.0000000000e-03   1.0000000242e-01  ) 
4.57	(5.0000010000e+00   5.0000000000e-03   1.0001380133e-01  ) (5.5000010000e+00   5.0000000000e-03   1.0005140756e-01  ) (6.0000010000e+00   5.0000000000e-03   1.0049361867e-01  ) (6.5000010000e+00   5.0000000000e-03   1.0162663590e-01  ) (6.9937500000e+00   5.0000000000e-03   1.0296438613e-01  ) (8.0062500000e+00   5.0000000000e-03   1.0034847899e-01  ) (9.0000010000e+00   5.0000000000e-03   1.0000181669e-01  ) (1.0200001000e+01   5.0000000000e-03   1.0000000269e-01  ) 
4.58	(5.0000010000e+00   5.0000000000e-03   1.0001378286e-01  ) (5.5000010000e+00   5.0000000000e-03   1.0005339636e-01  ) (6.0000010000e+00   5.0000000000e-03   1.0051252935e-01  ) (6.5000010000e+00   5.0000000000e-03   1.0161259052e-01  ) (6.9937500000e+00   5.0000000000e-03   1.0284537268e-01  ) (8.0062500000e+00   5.0000000000e-03   1.0036761349e-01  ) (9.0000010000e+00   5.0000000000e-03   1.0000191675e-01  ) (1.0200001000e+01   5.0000000000e-03   1.0000000298e-01  ) 
4.59	(5.0000010000e+00   5.0000000000e-03   1.0001375659e-01  ) (5.5000010000e+00   5.0000000000e-03   1.0005561657e-01  ) (6.0000010000e+00   5.0000000000e-03   1.0053182195e-01  ) (6.5000010000e+00   5.0000000000e-03   1.0159752554e-01  ) (6.9937500000e+00   5.0000000000e-03   1.0272986387e-01  ) (8.0062500000e+00   5.0000000000e-03   1.0038781846e-01  ) (9.0000010000e+00   5.0000000000e-03   1.0000202231e-01  ) (1.0200001000e+01   5.0000000000e-03   1.0000000328e-01  ) 
4.6	(5.0000010000e+00   5.0000000000e-03   1.0001372627e-01  ) (5.5000010000e+00   5.0000000000e-03   1.0005807429e-01  ) (6.0000010000e+00   5.0000000000e-03   1.0055148848e-01  ) (6.5000010000e+00   5.0000000000e-03   1.0158145703e-01  ) (6.9937500000e+00   5.0000000000e-03   1.0261785121e-01  ) (8.0062500000e+00   5.0000000000e-03   1.0040915623e-01  ) (9.0000010000e+00   5.0000000000e-03   1.0000213368e-01  ) (1.0200001000e+01   5.0000000000e-03   1.0000000360e-01  ) 
4.61	(5.0000010000e+00   5.0000000000e-03   1.0001369570e-01  ) (5.5000010000e+00   5.0000000000e-03   1.0006077509e-01  ) (6.0000010000e+00   5.0000000000e-03   1.0057151987e-01  ) (6.5000010000e+00   5.0000000000e-03   1.0156441053e-01  ) (6.9937500000e+00   5.0000000000e-03   1.0250931058e-01  ) (8.0062500000e+00   5.0000000000e-03   1.0043169285e-01  ) (9.0000010000e+00   5.0000000000e-03   1.0000225118e-01  ) (1.0200001000e+01   5.0000000000e-03   1.0000000393e-01  ) 
4.62	(5.0000010000e+00   5.0000000000e-03   1.0001366884e-01  ) (5.5000010000e+00   5.0000000000e-03   1.0006372378e-01  ) (6.0000010000e+00   5.0000000000e-03   1.0059190746e-01  ) (6.5000010000e+00   5.0000000000e-03   1.0154638722e-01  ) (6.9937500000e+00   5.0000000000e-03   1.0240418138e-01  ) (8.0062500000e+00   5.0000000000e-03   1.0045550106e-01  ) (9.0000010000e+00   5.0000000000e-03   1.0000237516e-01  ) (1.0200001000e+01   5.0000000000e-03   1.0000000428e-01  ) 
4.63	(5.0000010000e+00   5.0000000000e-03   1.0001365037e-01  ) (5.5000010000e+00   5.0000000000e-03   1.0006692430e-01  ) (6.0000010000e+00   5.0000000000e-03   1.0061264326e-01  ) (6.5000010000e+00   5.0000000000e-03   1.0152742223e-01  ) (6.9937500000e+00   5.0000000000e-03   1.0230239548e-01  ) (8.0062500000e+00   5.0000000000e-03   1.0048065819e-01  ) (9.0000010000e+00   5.0000000000e-03   1.0000250598e-01  ) (1.0200001000e+01   5.0000000000e-03   1.0000000463e-01  ) 
4.64	(5.0000010000e+00   5.0000000000e-03   1.0001364489e-01  ) (5.5000010000e+00   5.0000000000e-03   1.0007038055e-01  ) (6.0000010000e+00   5.0000000000e-03   1.0063371919e-01  ) (6.5000010000e+00   5.0000000000e-03   1.0150756018e-01  ) (6.9937500000e+00   5.0000000000e-03   1.0220387622e-01  ) (8.0062500000e+00   5.0000000000e-03   1.0050724385e-01  ) (9.0000010000e+00   5.0000000000e-03   1.0000264403e-01  ) (1.0200001000e+01   5.0000000000e-03   1.0000000499e-01  ) 
4.65	(5.0000010000e+00   5.0000000000e-03   1.0001365747e-01  ) (5.5000010000e+00   5.0000000000e-03   1.0007409607e-01  ) (6.0000010000e+00   5.0000000000e-03   1.0065512653e-01  ) (6.5000010000e+00   5.0000000000e-03   1.0148681491e-01  ) (6.9937500000e+00   5.0000000000e-03   1.0210854463e-01  ) (8.0062500000e+00   5.0000000000e-03   1.0053534390e-01  ) (9.0000010000e+00   5.0000000000e-03   1.0000278970e-01  ) (1.0200001000e+01   5.0000000000e-03   1.0000000536e-01  ) 
4.66	(5.0000010000e+00   5.0000000000e-03   1.0001369342e-01  ) (5.5000010000e+00   5.0000000000e-03   1.0007807352e-01  ) (6.0000010000e+00   5.0000000000e-03   1.0067685585e-01  ) (6.5000010000e+00   5.0000000000e-03   1.0146519642e-01  ) (6.9937500000e+00   5.0000000000e-03   1.0201630696e-01  ) (8.0062500000e+00   5.0000000000e-03   1.0056504987e-01  ) (9.0000010000e+00   5.0000000000e-03   1.0000294343e-01  ) (1.0200001000e+01   5.0000000000e-03   1.0000000575e-01  ) 
4.67	(5.0000010000e+00   5.0000000000e-03   1.0001375804e-01  ) (5.5000010000e+00   5.0000000000e-03   1.0008231485e-01  ) (6.0000010000e+00   5.0000000000e-03   1.0069889675e-01  ) (6.5000010000e+00   5.0000000000e-03   1.0144271844e-01  ) (6.9937500000e+00   5.0000000000e-03   1.0192706766e-01  ) (8.0062500000e+00   5.0000000000e-03   1.0059645947e-01  ) (9.0000010000e+00   5.0000000000e-03   1.0000310567e-01  ) (1.0200001000e+01   5.0000000000e-03   1.0000000614e-01  ) 
4.68	(5.0000010000e+00   5.0000000000e-03   1.0001385665e-01  ) (5.5000010000e+00   5.0000000000e-03   1.0008682124e-01  ) (6.0000010000e+00   5.0000000000e-03   1.0072123741e-01  ) (6.5000010000e+00   5.0000000000e-03   1.0141938981e-01  ) (6.9937500000e+00   5.0000000000e-03   1.0184073231e-01  ) (8.0062500000e+00   5.0000000000e-03   1.0062967681e-01  ) (9.0000010000e+00   5.0000000000e-03   1.0000327687e-01  ) (1.0200001000e+01   5.0000000000e-03   1.0000000654e-01  ) 
4.69	(5.0000010000e+00   5.0000000000e-03   1.0001399466e-01  ) (5.5000010000e+00   5.0000000000e-03   1.0009159307e-01  ) (6.0000010000e+00   5.0000000000e-03   1.0074386429e-01  ) (6.5000010000e+00   5.0000000000e-03   1.0139521635e-01  ) (6.9937500000e+00   5.0000000000e-03   1.0175721045e-01  ) (8.0062500000e+00   5.0000000000e-03   1.0066481246e-01  ) (9.0000010000e+00   5.0000000000e-03   1.0000345752e-01  ) (1.0200001000e+01   5.0000000000e-03   1.0000000695e-01  ) 
4.7	(5.0000010000e+00   5.0000000000e-03   1.0001417746e-01  ) (5.5000010000e+00   5.0000000000e-03   1.0009662989e-01  ) (6.0000010000e+00   5.0000000000e-03   1.0076676180e-01  ) (6.5000010000e+00   5.0000000000e-03   1.0137020230e-01  ) (6.9937500000e+00   5.0000000000e-03   1.0167645252e-01  ) (8.0062500000e+00   5.0000000000e-03   1.0070198421e-01  ) (9.0000010000e+00   5.0000000000e-03   1.0000364814e-01  ) (1.0200001000e+01   5.0000000000e-03   1.0000000737e-01  ) 
4.71	(5.0000010000e+00   5.0000000000e-03   1.0001441045e-01  ) (5.5000010000e+00   5.0000000000e-03   1.0010193050e-01  ) (6.0000010000e+00   5.0000000000e-03   1.0078991200e-01  ) (6.5000010000e+00   5.0000000000e-03   1.0134435342e-01  ) (6.9937500000e+00   5.0000000000e-03   1.0159854889e-01  ) (8.0062500000e+00   5.0000000000e-03   1.0074131706e-01  ) (9.0000010000e+00   5.0000000000e-03   1.0000384927e-01  ) (1.0200001000e+01   5.0000000000e-03   1.0000000780e-01  ) 
4.72	(5.0000010000e+00   5.0000000000e-03   1.0001469889e-01  ) (5.5000010000e+00   5.0000000000e-03   1.0010749295e-01  ) (6.0000010000e+00   5.0000000000e-03   1.0081329450e-01  ) (6.5000010000e+00   5.0000000000e-03   1.0131768021e-01  ) (6.9937500000e+00   5.0000000000e-03   1.0152361357e-01  ) (8.0062500000e+00   5.0000000000e-03   1.0078294359e-01  ) (9.0000010000e+00   5.0000000000e-03   1.0000406147e-01  ) (1.0200001000e+01   5.0000000000e-03   1.0000000825e-01  ) 
4.73	(5.0000010000e+00   5.0000000000e-03   1.0001504790e-01  ) (5.5000010000e+00   5.0000000000e-03   1.0011331469e-01  ) (6.0000010000e+00   5.0000000000e-03   1.0083688648e-01  ) (6.5000010000e+00   5.0000000000e-03   1.0129019945e-01  ) (6.9937500000e+00   5.0000000000e-03   1.0145134924e-01  ) (8.0062500000e+00   5.0000000000e-03   1.0082700317e-01  ) (9.0000010000e+00   5.0000000000e-03   1.0000428535e-01  ) (1.0200001000e+01   5.0000000000e-03   1.0000000872e-01  ) 
4.74	(5.0000010000e+00   5.0000000000e-03   1.0001546226e-01  ) (5.5000010000e+00   5.0000000000e-03   1.0011939271e-01  ) (6.0000010000e+00   5.0000000000e-03   1.0086066288e-01  ) (6.5000010000e+00   5.0000000000e-03   1.0126193802e-01  ) (6.9937500000e+00   5.0000000000e-03   1.0138149657e-01  ) (8.0062500000e+00   5.0000000000e-03   1.0087364556e-01  ) (9.0000010000e+00   5.0000000000e-03   1.0000452151e-01  ) (1.0200001000e+01   5.0000000000e-03   1.0000000921e-01  ) 
4.75	(5.0000010000e+00   5.0000000000e-03   1.0001594636e-01  ) (5.5000010000e+00   5.0000000000e-03   1.0012572369e-01  ) (6.0000010000e+00   5.0000000000e-03   1.0088459618e-01  ) (6.5000010000e+00   5.0000000000e-03   1.0123293454e-01  ) (6.9937500000e+00   5.0000000000e-03   1.0131395217e-01  ) (8.0062500000e+00   5.0000000000e-03   1.0092302962e-01  ) (9.0000010000e+00   5.0000000000e-03   1.0000477064e-01  ) (1.0200001000e+01   5.0000000000e-03   1.0000000972e-01  ) 
4.76	(5.0000010000e+00   5.0000000000e-03   1.0001650397e-01  ) (5.5000010000e+00   5.0000000000e-03   1.0013230419e-01  ) (6.0000010000e+00   5.0000000000e-03   1.0090865672e-01  ) (6.5000010000e+00   5.0000000000e-03   1.0120324014e-01  ) (6.9937500000e+00   5.0000000000e-03   1.0124870881e-01  ) (8.0062500000e+00   5.0000000000e-03   1.0097533624e-01  ) (9.0000010000e+00   5.0000000000e-03   1.0000503343e-01  ) (1.0200001000e+01   5.0000000000e-03   1.0000001025e-01  ) 
4.77	(5.0000010000e+00   5.0000000000e-03   1.0001713819e-01  ) (5.5000010000e+00   5.0000000000e-03   1.0013913054e-01  ) (6.0000010000e+00   5.0000000000e-03   1.0093281305e-01  ) (6.5000010000e+00   5.0000000000e-03   1.0117291986e-01  ) (6.9937500000e+00   5.0000000000e-03   1.0118571133e-01  ) (8.0062500000e+00   5.0000000000e-03   1.0103075568e-01  ) (9.0000010000e+00   5.0000000000e-03   1.0000531063e-01  ) (1.0200001000e+01   5.0000000000e-03   1.0000001081e-01  ) 
4.78	(5.0000010000e+00   5.0000000000e-03   1.0001785123e-01  ) (5.5000010000e+00   5.0000000000e-03   1.0014619966e-01  ) (6.0000010000e+00   5.0000000000e-03   1.0095703301e-01  ) (6.5000010000e+00   5.0000000000e-03   1.0114205111e-01  ) (6.9937500000e+00   5.0000000000e-03   1.0112492468e-01  ) (8.0062500000e+00   5.0000000000e-03   1.0108955634e-01  ) (9.0000010000e+00   5.0000000000e-03   1.0000560303e-01  ) (1.0200001000e+01   5.0000000000e-03   1.0000001141e-01  ) 
4.79	(5.0000010000e+00   5.0000000000e-03   1.0001864436e-01  ) (5.5000010000e+00   5.0000000000e-03   1.0015350880e-01  ) (6.0000010000e+00   5.0000000000e-03   1.0098128851e-01  ) (6.5000010000e+00   5.0000000000e-03   1.0111072341e-01  ) (6.9937500000e+00   5.0000000000e-03   1.0106631416e-01  ) (8.0062500000e+00   5.0000000000e-03   1.0115204919e-01  ) (9.0000010000e+00   5.0000000000e-03   1.0000591145e-01  ) (1.0200001000e+01   5.0000000000e-03   1.0000001203e-01  ) 
4.8	(5.0000010000e+00   5.0000000000e-03   1.0001951776e-01  ) (5.5000010000e+00   5.0000000000e-03   1.0016105573e-01  ) (6.0000010000e+00   5.0000000000e-03   1.0100557238e-01  ) (6.5000010000e+00   5.0000000000e-03   1.0107903501e-01  ) (6.9937500000e+00   5.0000000000e-03   1.0100985680e-01  ) (8.0062500000e+00   5.0000000000e-03   1.0121850330e-01  ) (9.0000010000e+00   5.0000000000e-03   1.0000623678e-01  ) (1.0200001000e+01   5.0000000000e-03   1.0000001270e-01  ) 
4.81	(5.0000010000e+00   5.0000000000e-03   1.0002047048e-01  ) (5.5000010000e+00   5.0000000000e-03   1.0016883885e-01  ) (6.0000010000e+00   5.0000000000e-03   1.0102985856e-01  ) (6.5000010000e+00   5.0000000000e-03   1.0104709050e-01  ) (6.9937500000e+00   5.0000000000e-03   1.0095551911e-01  ) (8.0062500000e+00   5.0000000000e-03   1.0128921091e-01  ) (9.0000010000e+00   5.0000000000e-03   1.0000657996e-01  ) (1.0200001000e+01   5.0000000000e-03   1.0000001341e-01  ) 
4.82	(5.0000010000e+00   5.0000000000e-03   1.0002150044e-01  ) (5.5000010000e+00   5.0000000000e-03   1.0017685731e-01  ) (6.0000010000e+00   5.0000000000e-03   1.0105408963e-01  ) (6.5000010000e+00   5.0000000000e-03   1.0101499811e-01  ) (6.9937500000e+00   5.0000000000e-03   1.0090328149e-01  ) (8.0062500000e+00   5.0000000000e-03   1.0136445961e-01  ) (9.0000010000e+00   5.0000000000e-03   1.0000694197e-01  ) (1.0200001000e+01   5.0000000000e-03   1.0000001417e-01  ) 
4.83	(5.0000010000e+00   5.0000000000e-03   1.0002260447e-01  ) (5.5000010000e+00   5.0000000000e-03   1.0018511100e-01  ) (6.0000010000e+00   5.0000000000e-03   1.0107818626e-01  ) (6.5000010000e+00   5.0000000000e-03   1.0098286552e-01  ) (6.9937500000e+00   5.0000000000e-03   1.0085312078e-01  ) (8.0062500000e+00   5.0000000000e-03   1.0144454604e-01  ) (9.0000010000e+00   5.0000000000e-03   1.0000732386e-01  ) (1.0200001000e+01   5.0000000000e-03   1.0000001498e-01  ) 
4.84	(5.0000010000e+00   5.0000000000e-03   1.0002377842e-01  ) (5.5000010000e+00   5.0000000000e-03   1.0019360068e-01  ) (6.0000010000e+00   5.0000000000e-03   1.0110209132e-01  ) (6.5000010000e+00   5.0000000000e-03   1.0095079759e-01  ) (6.9937500000e+00   5.0000000000e-03   1.0080502063e-01  ) (8.0062500000e+00   5.0000000000e-03   1.0152977490e-01  ) (9.0000010000e+00   5.0000000000e-03   1.0000772673e-01  ) (1.0200001000e+01   5.0000000000e-03   1.0000001583e-01  ) 
4.85	(5.0000010000e+00   5.0000000000e-03   1.0002501729e-01  ) (5.5000010000e+00   5.0000000000e-03   1.0020232797e-01  ) (6.0000010000e+00   5.0000000000e-03   1.0112575485e-01  ) (6.5000010000e+00   5.0000000000e-03   1.0091889347e-01  ) (6.9937500000e+00   5.0000000000e-03   1.0075894463e-01  ) (8.0062500000e+00   5.0000000000e-03   1.0162045586e-01  ) (9.0000010000e+00   5.0000000000e-03   1.0000815175e-01  ) (1.0200001000e+01   5.0000000000e-03   1.0000001674e-01  ) 
4.86	(5.0000010000e+00   5.0000000000e-03   1.0002631542e-01  ) (5.5000010000e+00   5.0000000000e-03   1.0021129535e-01  ) (6.0000010000e+00   5.0000000000e-03   1.0114912544e-01  ) (6.5000010000e+00   5.0000000000e-03   1.0088724420e-01  ) (6.9937500000e+00   5.0000000000e-03   1.0071485169e-01  ) (8.0062500000e+00   5.0000000000e-03   1.0171690391e-01  ) (9.0000010000e+00   5.0000000000e-03   1.0000860015e-01  ) (1.0200001000e+01   5.0000000000e-03   1.0000001770e-01  ) 
4.87	(5.0000010000e+00   5.0000000000e-03   1.0002766670e-01  ) (5.5000010000e+00   5.0000000000e-03   1.0022050627e-01  ) (6.0000010000e+00   5.0000000000e-03   1.0117214969e-01  ) (6.5000010000e+00   5.0000000000e-03   1.0085593245e-01  ) (6.9937500000e+00   5.0000000000e-03   1.0067269214e-01  ) (8.0062500000e+00   5.0000000000e-03   1.0181943427e-01  ) (9.0000010000e+00   5.0000000000e-03   1.0000907322e-01  ) (1.0200001000e+01   5.0000000000e-03   1.0000001872e-01  ) 
4.88	(5.0000010000e+00   5.0000000000e-03   1.0002906488e-01  ) (5.5000010000e+00   5.0000000000e-03   1.0022996507e-01  ) (6.0000010000e+00   5.0000000000e-03   1.0119477197e-01  ) (6.5000010000e+00   5.0000000000e-03   1.0082503132e-01  ) (6.9937500000e+00   5.0000000000e-03   1.0063241145e-01  ) (8.0062500000e+00   5.0000000000e-03   1.0192835665e-01  ) (9.0000010000e+00   5.0000000000e-03   1.0000957234e-01  ) (1.0200001000e+01   5.0000000000e-03   1.0000001980e-01  ) 
4.89	(5.0000010000e+00   5.0000000000e-03   1.0003050372e-01  ) (5.5000010000e+00   5.0000000000e-03   1.0023967712e-01  ) (6.0000010000e+00   5.0000000000e-03   1.0121693470e-01  ) (6.5000010000e+00   5.0000000000e-03   1.0079460475e-01  ) (6.9937500000e+00   5.0000000000e-03   1.0059395657e-01  ) (8.0062500000e+00   5.0000000000e-03   1.0204396207e-01  ) (9.0000010000e+00   5.0000000000e-03   1.0001009894e-01  ) (1.0200001000e+01   5.0000000000e-03   1.0000002095e-01  ) 
4.9	(5.0000010000e+00   5.0000000000e-03   1.0003197735e-01  ) (5.5000010000e+00   5.0000000000e-03   1.0024964874e-01  ) (6.0000010000e+00   5.0000000000e-03   1.0123857851e-01  ) (6.5000010000e+00   5.0000000000e-03   1.0076470865e-01  ) (6.9937500000e+00   5.0000000000e-03   1.0055725737e-01  ) (8.0062500000e+00   5.0000000000e-03   1.0216650409e-01  ) (9.0000010000e+00   5.0000000000e-03   1.0001065453e-01  ) (1.0200001000e+01   5.0000000000e-03   1.0000002215e-01  ) 
4.91	(5.0000010000e+00   5.0000000000e-03   1.0003348046e-01  ) (5.5000010000e+00   5.0000000000e-03   1.0025988734e-01  ) (6.0000010000e+00   5.0000000000e-03   1.0125964250e-01  ) (6.5000010000e+00   5.0000000000e-03   1.0073539188e-01  ) (6.9937500000e+00   5.0000000000e-03   1.0052222913e-01  ) (8.0062500000e+00   5.0000000000e-03   1.0229616840e-01  ) (9.0000010000e+00   5.0000000000e-03   1.0001124073e-01  ) (1.0200001000e+01   5.0000000000e-03   1.0000002342e-01  ) 
4.92	(5.0000010000e+00   5.0000000000e-03   1.0003500848e-01  ) (5.5000010000e+00   5.0000000000e-03   1.0027040130e-01  ) (6.0000010000e+00   5.0000000000e-03   1.0128006464e-01  ) (6.5000010000e+00   5.0000000000e-03   1.0070669854e-01  ) (6.9937500000e+00   5.0000000000e-03   1.0048880192e-01  ) (8.0062500000e+00   5.0000000000e-03   1.0243304443e-01  ) (9.0000010000e+00   5.0000000000e-03   1.0001185920e-01  ) (1.0200001000e+01   5.0000000000e-03   1.0000002475e-01  ) 
4.93	(5.0000010000e+00   5.0000000000e-03   1.0003655777e-01  ) (5.5000010000e+00   5.0000000000e-03   1.0028120021e-01  ) (6.0000010000e+00   5.0000000000e-03   1.0129978266e-01  ) (6.5000010000e+00   5.0000000000e-03   1.0067866869e-01  ) (6.9937500000e+00   5.0000000000e-03   1.0045686485e-01  ) (8.0062500000e+00   5.0000000000e-03   1.0257712575e-01  ) (9.0000010000e+00   5.0000000000e-03   1.0001251173e-01  ) (1.0200001000e+01   5.0000000000e-03   1.0000002615e-01  ) 
4.94	(5.0000010000e+00   5.0000000000e-03   1.0003812575e-01  ) (5.5000010000e+00   5.0000000000e-03   1.0029229316e-01  ) (6.0000010000e+00   5.0000000000e-03   1.0131873503e-01  ) (6.5000010000e+00   5.0000000000e-03   1.0065134024e-01  ) (6.9937500000e+00   5.0000000000e-03   1.0042632744e-01  ) (8.0062500000e+00   5.0000000000e-03   1.0272834882e-01  ) (9.0000010000e+00   5.0000000000e-03   1.0001320019e-01  ) (1.0200001000e+01   5.0000000000e-03   1.0000002762e-01  ) 
4.95	(5.0000010000e+00   5.0000000000e-03   1.0003971098e-01  ) (5.5000010000e+00   5.0000000000e-03   1.0030369041e-01  ) (6.0000010000e+00   5.0000000000e-03   1.0133686132e-01  ) (6.5000010000e+00   5.0000000000e-03   1.0062474992e-01  ) (6.9937500000e+00   5.0000000000e-03   1.0039710913e-01  ) (8.0062500000e+00   5.0000000000e-03   1.0288672120e-01  ) (9.0000010000e+00   5.0000000000e-03   1.0001392657e-01  ) (1.0200001000e+01   5.0000000000e-03   1.0000002915e-01  ) 
4.96	(5.0000010000e+00   5.0000000000e-03   1.0004131323e-01  ) (5.5000010000e+00   5.0000000000e-03   1.0031540334e-01  ) (6.0000010000e+00   5.0000000000e-03   1.0135410299e-01  ) (6.5000010000e+00   5.0000000000e-03   1.0059893364e-01  ) (6.9937500000e+00   5.0000000000e-03   1.0036913123e-01  ) (8.0062500000e+00   5.0000000000e-03   1.0305241617e-01  ) (9.0000010000e+00   5.0000000000e-03   1.0001469293e-01  ) (1.0200001000e+01   5.0000000000e-03   1.0000003076e-01  ) 
4.97	(5.0000010000e+00   5.0000000000e-03   1.0004293351e-01  ) (5.5000010000e+00   5.0000000000e-03   1.0032744412e-01  ) (6.0000010000e+00   5.0000000000e-03   1.0137040349e-01  ) (6.5000010000e+00   5.0000000000e-03   1.0057392571e-01  ) (6.9937500000e+00   5.0000000000e-03   1.0034232397e-01  ) (8.0062500000e+00   5.0000000000e-03   1.0322603144e-01  ) (9.0000010000e+00   5.0000000000e-03   1.0001550149e-01  ) (1.0200001000e+01   5.0000000000e-03   1.0000003245e-01  ) 
4.98	(5.0000010000e+00   5.0000000000e-03   1.0004457405e-01  ) (5.5000010000e+00   5.0000000000e-03   1.0033982486e-01  ) (6.0000010000e+00   5.0000000000e-03   1.0138570831e-01  ) (6.5000010000e+00   5.0000000000e-03   1.0054975815e-01  ) (6.9937500000e+00   5.0000000000e-03   1.0031663215e-01  ) (8.0062500000e+00   5.0000000000e-03   1.0340822124e-01  ) (9.0000010000e+00   5.0000000000e-03   1.0001635458e-01  ) (1.0200001000e+01   5.0000000000e-03   1.0000003421e-01  ) 
4.99	(5.0000010000e+00   5.0000000000e-03   1.0004623829e-01  ) (5.5000010000e+00   5.0000000000e-03   1.0035255763e-01  ) (6.0000010000e+00   5.0000000000e-03   1.0139996547e-01  ) (6.5000010000e+00   5.0000000000e-03   1.0052645912e-01  ) (6.9937500000e+00   5.0000000000e-03   1.0029202592e-01  ) (8.0062500000e+00   5.0000000000e-03   1.0359903233e-01  ) (9.0000010000e+00   5.0000000000e-03   1.0001725464e-01  ) (1.0200001000e+01   5.0000000000e-03   1.0000003606e-01  ) 
5	(5.0000010000e+00   5.0000000000e-03   1.0004793086e-01  ) (5.5000010000e+00   5.0000000000e-03   1.0036565430e-01  ) (6.0000010000e+00   5.0000000000e-03   1.0141312500e-01  ) (6.5000010000e+00   5.0000000000e-03   1.0050405169e-01  ) (6.9937500000e+00   5.0000000000e-03   1.0026845454e-01  ) (8.0062500000e+00   5.0000000000e-03   1.0379979118e-01  ) (9.0000010000e+00   5.0000000000e-03   1.0001820427e-01  ) (1.0200001000e+01   5.0000000000e-03   1.0000003799e-01  ) 
5.01	(5.0000010000e+00   5.0000000000e-03   1.0004965749e-01  ) (5.5000010000e+00   5.0000000000e-03   1.0037912639e-01  ) (6.0000010000e+00   5.0000000000e-03   1.0142513925e-01  ) (6.5000010000e+00   5.0000000000e-03   1.0048255249e-01  ) (6.9937500000e+00   5.0000000000e-03   1.0024586847e-01  ) (8.0062500000e+00   5.0000000000e-03   1.0401067281e-01  ) (9.0000010000e+00   5.0000000000e-03   1.0001920621e-01  ) (1.0200001000e+01   5.0000000000e-03   1.0000004001e-01  ) 
5.02	(5.0000010000e+00   5.0000000000e-03   1.0005142499e-01  ) (5.5000010000e+00   5.0000000000e-03   1.0039298485e-01  ) (6.0000010000e+00   5.0000000000e-03   1.0143596233e-01  ) (6.5000010000e+00   5.0000000000e-03   1.0046197047e-01  ) (6.9937500000e+00   5.0000000000e-03   1.0022423226e-01  ) (8.0062500000e+00   5.0000000000e-03   1.0423005895e-01  ) (9.0000010000e+00   5.0000000000e-03   1.0002026335e-01  ) (1.0200001000e+01   5.0000000000e-03   1.0000004213e-01  ) 
5.03	(5.0000010000e+00   5.0000000000e-03   1.0005324139e-01  ) (5.5000010000e+00   5.0000000000e-03   1.0040724009e-01  ) (6.0000010000e+00   5.0000000000e-03   1.0144554932e-01  ) (6.5000010000e+00   5.0000000000e-03   1.0044230627e-01  ) (6.9937500000e+00   5.0000000000e-03   1.0020351636e-01  ) (8.0062500000e+00   5.0000000000e-03   1.0445599951e-01  ) (9.0000010000e+00   5.0000000000e-03   1.0002137920e-01  ) (1.0200001000e+01   5.0000000000e-03   1.0000004434e-01  ) 
5.04	(5.0000010000e+00   5.0000000000e-03   1.0005511515e-01  ) (5.5000010000e+00   5.0000000000e-03   1.0042190112e-01  ) (6.0000010000e+00   5.0000000000e-03   1.0145385882e-01  ) (6.5000010000e+00   5.0000000000e-03   1.0042355236e-01  ) (6.9937500000e+00   5.0000000000e-03   1.0018368358e-01  ) (8.0062500000e+00   5.0000000000e-03   1.0468641700e-01  ) (9.0000010000e+00   5.0000000000e-03   1.0002255659e-01  ) (1.0200001000e+01   5.0000000000e-03   1.0000004667e-01  ) 
5.05	(5.0000010000e+00   5.0000000000e-03   1.0005705572e-01  ) (5.5000010000e+00   5.0000000000e-03   1.0043697617e-01  ) (6.0000010000e+00   5.0000000000e-03   1.0146085093e-01  ) (6.5000010000e+00   5.0000000000e-03   1.0040569342e-01  ) (6.9937500000e+00   5.0000000000e-03   1.0016470725e-01  ) (8.0062500000e+00   5.0000000000e-03   1.0491944086e-01  ) (9.0000010000e+00   5.0000000000e-03   1.0002379888e-01  ) (1.0200001000e+01   5.0000000000e-03   1.0000004912e-01  ) 
5.06	(5.0000010000e+00   5.0000000000e-03   1.0005907329e-01  ) (5.5000010000e+00   5.0000000000e-03   1.0045247227e-01  ) (6.0000010000e+00   5.0000000000e-03   1.0146648913e-01  ) (6.5000010000e+00   5.0000000000e-03   1.0038870711e-01  ) (6.9937500000e+00   5.0000000000e-03   1.0014657517e-01  ) (8.0062500000e+00   5.0000000000e-03   1.0515364604e-01  ) (9.0000010000e+00   5.0000000000e-03   1.0002510982e-01  ) (1.0200001000e+01   5.0000000000e-03   1.0000005170e-01  ) 
5.07	(5.0000010000e+00   5.0000000000e-03   1.0006117855e-01  ) (5.5000010000e+00   5.0000000000e-03   1.0046839494e-01  ) (6.0000010000e+00   5.0000000000e-03   1.0147074163e-01  ) (6.5000010000e+00   5.0000000000e-03   1.0037256564e-01  ) (6.9937500000e+00   5.0000000000e-03   1.0012927054e-01  ) (8.0062500000e+00   5.0000000000e-03   1.0538813283e-01  ) (9.0000010000e+00   5.0000000000e-03   1.0002649326e-01  ) (1.0200001000e+01   5.0000000000e-03   1.0000005442e-01  ) 
5.08	(5.0000010000e+00   5.0000000000e-03   1.0006338255e-01  ) (5.5000010000e+00   5.0000000000e-03   1.0048474799e-01  ) (6.0000010000e+00   5.0000000000e-03   1.0147358840e-01  ) (6.5000010000e+00   5.0000000000e-03   1.0035723731e-01  ) (6.9937500000e+00   5.0000000000e-03   1.0011276029e-01  ) (8.0062500000e+00   5.0000000000e-03   1.0562277616e-01  ) (9.0000010000e+00   5.0000000000e-03   1.0002795322e-01  ) (1.0200001000e+01   5.0000000000e-03   1.0000005730e-01  ) 
5.09	(5.0000010000e+00   5.0000000000e-03   1.0006569639e-01  ) (5.5000010000e+00   5.0000000000e-03   1.0050153298e-01  ) (6.0000010000e+00   5.0000000000e-03   1.0147503870e-01  ) (6.5000010000e+00   5.0000000000e-03   1.0034268774e-01  ) (6.9937500000e+00   5.0000000000e-03   1.0009704684e-01  ) (8.0062500000e+00   5.0000000000e-03   1.0585757414e-01  ) (9.0000010000e+00   5.0000000000e-03   1.0002949359e-01  ) (1.0200001000e+01   5.0000000000e-03   1.0000006034e-01  ) 
5.1	(5.0000010000e+00   5.0000000000e-03   1.0006813160e-01  ) (5.5000010000e+00   5.0000000000e-03   1.0051875213e-01  ) (6.0000010000e+00   5.0000000000e-03   1.0147505741e-01  ) (6.5000010000e+00   5.0000000000e-03   1.0032888111e-01  ) (6.9937500000e+00   5.0000000000e-03   1.0008213678e-01  ) (8.0062500000e+00   5.0000000000e-03   1.0609070191e-01  ) (9.0000010000e+00   5.0000000000e-03   1.0003111917e-01  ) (1.0200001000e+01   5.0000000000e-03   1.0000006356e-01  ) 
5.11	(5.0000010000e+00   5.0000000000e-03   1.0007069959e-01  ) (5.5000010000e+00   5.0000000000e-03   1.0053640482e-01  ) (6.0000010000e+00   5.0000000000e-03   1.0147357456e-01  ) (6.5000010000e+00   5.0000000000e-03   1.0031578067e-01  ) (6.9937500000e+00   5.0000000000e-03   1.0006801180e-01  ) (8.0062500000e+00   5.0000000000e-03   1.0632237969e-01  ) (9.0000010000e+00   5.0000000000e-03   1.0003283490e-01  ) (1.0200001000e+01   5.0000000000e-03   1.0000006697e-01  ) 
5.12	(5.0000010000e+00   5.0000000000e-03   1.0007341156e-01  ) (5.5000010000e+00   5.0000000000e-03   1.0055448874e-01  ) (6.0000010000e+00   5.0000000000e-03   1.0147051011e-01  ) (6.5000010000e+00   5.0000000000e-03   1.0030335141e-01  ) (6.9937500000e+00   5.0000000000e-03   1.0005467200e-01  ) (8.0062500000e+00   5.0000000000e-03   1.0655188364e-01  ) (9.0000010000e+00   5.0000000000e-03   1.0003464580e-01  ) (1.0200001000e+01   5.0000000000e-03   1.0000007059e-01  ) 
5.13	(5.0000010000e+00   5.0000000000e-03   1.0007627838e-01  ) (5.5000010000e+00   5.0000000000e-03   1.0057299996e-01  ) (6.0000010000e+00   5.0000000000e-03   1.0146585137e-01  ) (6.5000010000e+00   5.0000000000e-03   1.0029155994e-01  ) (6.9937500000e+00   5.0000000000e-03   1.0004212107e-01  ) (8.0062500000e+00   5.0000000000e-03   1.0677549188e-01  ) (9.0000010000e+00   5.0000000000e-03   1.0003655701e-01  ) (1.0200001000e+01   5.0000000000e-03   1.0000007444e-01  ) 
5.14	(5.0000010000e+00   5.0000000000e-03   1.0007931079e-01  ) (5.5000010000e+00   5.0000000000e-03   1.0059193244e-01  ) (6.0000010000e+00   5.0000000000e-03   1.0145960501e-01  ) (6.5000010000e+00   5.0000000000e-03   1.0028037370e-01  ) (6.9937500000e+00   5.0000000000e-03   1.0003037321e-01  ) (8.0062500000e+00   5.0000000000e-03   1.0698977916e-01  ) (9.0000010000e+00   5.0000000000e-03   1.0003857455e-01  ) (1.0200001000e+01   5.0000000000e-03   1.0000007853e-01  ) 
5.15	(5.0000010000e+00   5.0000000000e-03   1.0008251892e-01  ) (5.5000010000e+00   5.0000000000e-03   1.0061127874e-01  ) (6.0000010000e+00   5.0000000000e-03   1.0145178062e-01  ) (6.5000010000e+00   5.0000000000e-03   1.0026976158e-01  ) (6.9937500000e+00   5.0000000000e-03   1.0001944757e-01  ) (8.0062500000e+00   5.0000000000e-03   1.0719156531e-01  ) (9.0000010000e+00   5.0000000000e-03   1.0004070415e-01  ) (1.0200001000e+01   5.0000000000e-03   1.0000008287e-01  ) 
5.16	(5.0000010000e+00   5.0000000000e-03   1.0008591265e-01  ) (5.5000010000e+00   5.0000000000e-03   1.0063102947e-01  ) (6.0000010000e+00   5.0000000000e-03   1.0144238907e-01  ) (6.5000010000e+00   5.0000000000e-03   1.0025969135e-01  ) (6.9937500000e+00   5.0000000000e-03   1.0000936324e-01  ) (8.0062500000e+00   5.0000000000e-03   1.0737828365e-01  ) (9.0000010000e+00   5.0000000000e-03   1.0004295213e-01  ) (1.0200001000e+01   5.0000000000e-03   1.0000008747e-01  ) 
5.17	(5.0000010000e+00   5.0000000000e-03   1.0008950147e-01  ) (5.5000010000e+00   5.0000000000e-03   1.0065117345e-01  ) (6.0000010000e+00   5.0000000000e-03   1.0143144649e-01  ) (6.5000010000e+00   5.0000000000e-03   1.0025013067e-01  ) (6.9937500000e+00   5.0000000000e-03   1.0000011881e-01  ) (8.0062500000e+00   5.0000000000e-03   1.0754791139e-01  ) (9.0000010000e+00   5.0000000000e-03   1.0004532518e-01  ) (1.0200001000e+01   5.0000000000e-03   1.0000009236e-01  ) 
5.18	(5.0000010000e+00   5.0000000000e-03   1.0009329452e-01  ) (5.5000010000e+00   5.0000000000e-03   1.0067169775e-01  ) (6.0000010000e+00   5.0000000000e-03   1.0141897345e-01  ) (6.5000010000e+00   5.0000000000e-03   1.0024104766e-01  ) (6.9937500000e+00   5.0000000000e-03   9.9991701866e-02  ) (8.0062500000e+00   5.0000000000e-03   1.0769893053e-01  ) (9.0000010000e+00   5.0000000000e-03   1.0004783038e-01  ) (1.0200001000e+01   5.0000000000e-03   1.0000009754e-01  ) 
5.19	(5.0000010000e+00   5.0000000000e-03   1.0009731837e-01  ) (5.5000010000e+00   5.0000000000e-03   1.0069261657e-01  ) (6.0000010000e+00   5.0000000000e-03   1.0140487613e-01  ) (6.5000010000e+00   5.0000000000e-03   1.0023244561e-01  ) (6.9937500000e+00   5.0000000000e-03   9.9984192352e-02  ) (8.0062500000e+00   5.0000000000e-03   1.0782897025e-01  ) (9.0000010000e+00   5.0000000000e-03   1.0005048694e-01  ) (1.0200001000e+01   5.0000000000e-03   1.0000010305e-01  ) 
5.2	(5.0000010000e+00   5.0000000000e-03   1.0010156375e-01  ) (5.5000010000e+00   5.0000000000e-03   1.0071388416e-01  ) (6.0000010000e+00   5.0000000000e-03   1.0138931748e-01  ) (6.5000010000e+00   5.0000000000e-03   1.0022425520e-01  ) (6.9937500000e+00   5.0000000000e-03   9.9977536517e-02  ) (8.0062500000e+00   5.0000000000e-03   1.0793835381e-01  ) (9.0000010000e+00   5.0000000000e-03   1.0005329134e-01  ) (1.0200001000e+01   5.0000000000e-03   1.0000010889e-01  ) 
5.21	(5.0000010000e+00   5.0000000000e-03   1.0010603884e-01  ) (5.5000010000e+00   5.0000000000e-03   1.0073548258e-01  ) (6.0000010000e+00   5.0000000000e-03   1.0137234397e-01  ) (6.5000010000e+00   5.0000000000e-03   1.0021644322e-01  ) (6.9937500000e+00   5.0000000000e-03   9.9971673995e-02  ) (8.0062500000e+00   5.0000000000e-03   1.0802675006e-01  ) (9.0000010000e+00   5.0000000000e-03   1.0005625151e-01  ) (1.0200001000e+01   5.0000000000e-03   1.0000011506e-01  ) 
5.22	(5.0000010000e+00   5.0000000000e-03   1.0011075166e-01  ) (5.5000010000e+00   5.0000000000e-03   1.0075739214e-01  ) (6.0000010000e+00   5.0000000000e-03   1.0135400764e-01  ) (6.5000010000e+00   5.0000000000e-03   1.0020897565e-01  ) (6.9937500000e+00   5.0000000000e-03   9.9966533168e-02  ) (8.0062500000e+00   5.0000000000e-03   1.0809411700e-01  ) (9.0000010000e+00   5.0000000000e-03   1.0005937650e-01  ) (1.0200001000e+01   5.0000000000e-03   1.0000012157e-01  ) 
5.23	(5.0000010000e+00   5.0000000000e-03   1.0011570981e-01  ) (5.5000010000e+00   5.0000000000e-03   1.0077959226e-01  ) (6.0000010000e+00   5.0000000000e-03   1.0133436041e-01  ) (6.5000010000e+00   5.0000000000e-03   1.0020181861e-01  ) (6.9937500000e+00   5.0000000000e-03   9.9962043242e-02  ) (8.0062500000e+00   5.0000000000e-03   1.0814091233e-01  ) (9.0000010000e+00   5.0000000000e-03   1.0006267506e-01  ) (1.0200001000e+01   5.0000000000e-03   1.0000012843e-01  ) 
5.24	(5.0000010000e+00   5.0000000000e-03   1.0012092089e-01  ) (5.5000010000e+00   5.0000000000e-03   1.0080205881e-01  ) (6.0000010000e+00   5.0000000000e-03   1.0131345959e-01  ) (6.5000010000e+00   5.0000000000e-03   1.0019493705e-01  ) (6.9937500000e+00   5.0000000000e-03   9.9958143064e-02  ) (8.0062500000e+00   5.0000000000e-03   1.0816773935e-01  ) (9.0000010000e+00   5.0000000000e-03   1.0006615782e-01  ) (1.0200001000e+01   5.0000000000e-03   1.0000013568e-01  ) 
5.25	(5.0000010000e+00   5.0000000000e-03   1.0012639193e-01  ) (5.5000010000e+00   5.0000000000e-03   1.0082476710e-01  ) (6.0000010000e+00   5.0000000000e-03   1.0129135287e-01  ) (6.5000010000e+00   5.0000000000e-03   1.0018829723e-01  ) (6.9937500000e+00   5.0000000000e-03   9.9954775553e-02  ) (8.0062500000e+00   5.0000000000e-03   1.0817571635e-01  ) (9.0000010000e+00   5.0000000000e-03   1.0006983533e-01  ) (1.0200001000e+01   5.0000000000e-03   1.0000014331e-01  ) 
5.26	(5.0000010000e+00   5.0000000000e-03   1.0013212951e-01  ) (5.5000010000e+00   5.0000000000e-03   1.0084769063e-01  ) (6.0000010000e+00   5.0000000000e-03   1.0126809745e-01  ) (6.5000010000e+00   5.0000000000e-03   1.0018186650e-01  ) (6.9937500000e+00   5.0000000000e-03   9.9951889338e-02  ) (8.0062500000e+00   5.0000000000e-03   1.0816490702e-01  ) (9.0000010000e+00   5.0000000000e-03   1.0007371881e-01  ) (1.0200001000e+01   5.0000000000e-03   1.0000015135e-01  ) 
5.27	(5.0000010000e+00   5.0000000000e-03   1.0013813965e-01  ) (5.5000010000e+00   5.0000000000e-03   1.0087080133e-01  ) (6.0000010000e+00   5.0000000000e-03   1.0124375263e-01  ) (6.5000010000e+00   5.0000000000e-03   1.0017561389e-01  ) (6.9937500000e+00   5.0000000000e-03   9.9949440321e-02  ) (8.0062500000e+00   5.0000000000e-03   1.0813578880e-01  ) (9.0000010000e+00   5.0000000000e-03   1.0007782011e-01  ) (1.0200001000e+01   5.0000000000e-03   1.0000015981e-01  ) 
5.28	(5.0000010000e+00   5.0000000000e-03   1.0014442773e-01  ) (5.5000010000e+00   5.0000000000e-03   1.0089406927e-01  ) (6.0000010000e+00   5.0000000000e-03   1.0121838303e-01  ) (6.5000010000e+00   5.0000000000e-03   1.0016951060e-01  ) (6.9937500000e+00   5.0000000000e-03   9.9947392000e-02  ) (8.0062500000e+00   5.0000000000e-03   1.0808970094e-01  ) (9.0000010000e+00   5.0000000000e-03   1.0008215185e-01  ) (1.0200001000e+01   5.0000000000e-03   1.0000016873e-01  ) 
5.29	(5.0000010000e+00   5.0000000000e-03   1.0015097466e-01  ) (5.5000010000e+00   5.0000000000e-03   1.0091745552e-01  ) (6.0000010000e+00   5.0000000000e-03   1.0119213158e-01  ) (6.5000010000e+00   5.0000000000e-03   1.0016352083e-01  ) (6.9937500000e+00   5.0000000000e-03   9.9945686672e-02  ) (8.0062500000e+00   5.0000000000e-03   1.0802917380e-01  ) (9.0000010000e+00   5.0000000000e-03   1.0008670624e-01  ) (1.0200001000e+01   5.0000000000e-03   1.0000017808e-01  ) 
5.3	(5.0000010000e+00   5.0000000000e-03   1.0015780797e-01  ) (5.5000010000e+00   5.0000000000e-03   1.0094093643e-01  ) (6.0000010000e+00   5.0000000000e-03   1.0116498946e-01  ) (6.5000010000e+00   5.0000000000e-03   1.0015762911e-01  ) (6.9937500000e+00   5.0000000000e-03   9.9944311176e-02  ) (8.0062500000e+00   5.0000000000e-03   1.0795496495e-01  ) (9.0000010000e+00   5.0000000000e-03   1.0009151677e-01  ) (1.0200001000e+01   5.0000000000e-03   1.0000018793e-01  ) 
5.31	(5.0000010000e+00   5.0000000000e-03   1.0016493121e-01  ) (5.5000010000e+00   5.0000000000e-03   1.0096447708e-01  ) (6.0000010000e+00   5.0000000000e-03   1.0113702959e-01  ) (6.5000010000e+00   5.0000000000e-03   1.0015181482e-01  ) (6.9937500000e+00   5.0000000000e-03   9.9943243897e-02  ) (8.0062500000e+00   5.0000000000e-03   1.0786868879e-01  ) (9.0000010000e+00   5.0000000000e-03   1.0009660022e-01  ) (1.0200001000e+01   5.0000000000e-03   1.0000019831e-01  ) 
5.32	(5.0000010000e+00   5.0000000000e-03   1.0017234677e-01  ) (5.5000010000e+00   5.0000000000e-03   1.0098805079e-01  ) (6.0000010000e+00   5.0000000000e-03   1.0110832584e-01  ) (6.5000010000e+00   5.0000000000e-03   1.0014606027e-01  ) (6.9937500000e+00   5.0000000000e-03   9.9942467901e-02  ) (8.0062500000e+00   5.0000000000e-03   1.0777188344e-01  ) (9.0000010000e+00   5.0000000000e-03   1.0010197219e-01  ) (1.0200001000e+01   5.0000000000e-03   1.0000020925e-01  ) 
5.33	(5.0000010000e+00   5.0000000000e-03   1.0018005641e-01  ) (5.5000010000e+00   5.0000000000e-03   1.0101164696e-01  ) (6.0000010000e+00   5.0000000000e-03   1.0107895452e-01  ) (6.5000010000e+00   5.0000000000e-03   1.0014035051e-01  ) (6.9937500000e+00   5.0000000000e-03   9.9941965361e-02  ) (8.0062500000e+00   5.0000000000e-03   1.0766601835e-01  ) (9.0000010000e+00   5.0000000000e-03   1.0010764959e-01  ) (1.0200001000e+01   5.0000000000e-03   1.0000022080e-01  ) 
5.34	(5.0000010000e+00   5.0000000000e-03   1.0018806138e-01  ) (5.5000010000e+00   5.0000000000e-03   1.0103522518e-01  ) (6.0000010000e+00   5.0000000000e-03   1.0104899297e-01  ) (6.5000010000e+00   5.0000000000e-03   1.0013467343e-01  ) (6.9937500000e+00   5.0000000000e-03   9.9941719858e-02  ) (8.0062500000e+00   5.0000000000e-03   1.0755250894e-01  ) (9.0000010000e+00   5.0000000000e-03   1.0011365031e-01  ) (1.0200001000e+01   5.0000000000e-03   1.0000023297e-01  ) 
5.35	(5.0000010000e+00   5.0000000000e-03   1.0019636248e-01  ) (5.5000010000e+00   5.0000000000e-03   1.0105871836e-01  ) (6.0000010000e+00   5.0000000000e-03   1.0101851964e-01  ) (6.5000010000e+00   5.0000000000e-03   1.0012901954e-01  ) (6.9937500000e+00   5.0000000000e-03   9.9941709093e-02  ) (8.0062500000e+00   5.0000000000e-03   1.0743275468e-01  ) (9.0000010000e+00   5.0000000000e-03   1.0011999308e-01  ) (1.0200001000e+01   5.0000000000e-03   1.0000024582e-01  ) 
5.36	(5.0000010000e+00   5.0000000000e-03   1.0020496035e-01  ) (5.5000010000e+00   5.0000000000e-03   1.0108205296e-01  ) (6.0000010000e+00   5.0000000000e-03   1.0098761451e-01  ) (6.5000010000e+00   5.0000000000e-03   1.0012338211e-01  ) (6.9937500000e+00   5.0000000000e-03   9.9941907114e-02  ) (8.0062500000e+00   5.0000000000e-03   1.0730813042e-01  ) (9.0000010000e+00   5.0000000000e-03   1.0012669811e-01  ) (1.0200001000e+01   5.0000000000e-03   1.0000025938e-01  ) 
5.37	(5.0000010000e+00   5.0000000000e-03   1.0021385554e-01  ) (5.5000010000e+00   5.0000000000e-03   1.0110517634e-01  ) (6.0000010000e+00   5.0000000000e-03   1.0095635735e-01  ) (6.5000010000e+00   5.0000000000e-03   1.0011775717e-01  ) (6.9937500000e+00   5.0000000000e-03   9.9942285724e-02  ) (8.0062500000e+00   5.0000000000e-03   1.0717991442e-01  ) (9.0000010000e+00   5.0000000000e-03   1.0013378655e-01  ) (1.0200001000e+01   5.0000000000e-03   1.0000027369e-01  ) 
5.38	(5.0000010000e+00   5.0000000000e-03   1.0022304859e-01  ) (5.5000010000e+00   5.0000000000e-03   1.0112803608e-01  ) (6.0000010000e+00   5.0000000000e-03   1.0092482877e-01  ) (6.5000010000e+00   5.0000000000e-03   1.0011214338e-01  ) (6.9937500000e+00   5.0000000000e-03   9.9942817319e-02  ) (8.0062500000e+00   5.0000000000e-03   1.0704937765e-01  ) (9.0000010000e+00   5.0000000000e-03   1.0014128105e-01  ) (1.0200001000e+01   5.0000000000e-03   1.0000028880e-01  ) 
5.39	(5.0000010000e+00   5.0000000000e-03   1.0023254035e-01  ) (5.5000010000e+00   5.0000000000e-03   1.0115057837e-01  ) (6.0000010000e+00   5.0000000000e-03   1.0089310901e-01  ) (6.5000010000e+00   5.0000000000e-03   1.0010654215e-01  ) (6.9937500000e+00   5.0000000000e-03   9.9943475623e-02  ) (8.0062500000e+00   5.0000000000e-03   1.0691792564e-01  ) (9.0000010000e+00   5.0000000000e-03   1.0014920540e-01  ) (1.0200001000e+01   5.0000000000e-03   1.0000030476e-01  ) 
5.4	(5.0000010000e+00   5.0000000000e-03   1.0024233212e-01  ) (5.5000010000e+00   5.0000000000e-03   1.0117274799e-01  ) (6.0000010000e+00   5.0000000000e-03   1.0086127762e-01  ) (6.5000010000e+00   5.0000000000e-03   1.0010095759e-01  ) (6.9937500000e+00   5.0000000000e-03   9.9944238140e-02  ) (8.0062500000e+00   5.0000000000e-03   1.0678754955e-01  ) (9.0000010000e+00   5.0000000000e-03   1.0015758473e-01  ) (1.0200001000e+01   5.0000000000e-03   1.0000032161e-01  ) 
5.41	(5.0000010000e+00   5.0000000000e-03   1.0025242610e-01  ) (5.5000010000e+00   5.0000000000e-03   1.0119448821e-01  ) (6.0000010000e+00   5.0000000000e-03   1.0082941406e-01  ) (6.5000010000e+00   5.0000000000e-03   1.0009539636e-01  ) (6.9937500000e+00   5.0000000000e-03   9.9945088179e-02  ) (8.0062500000e+00   5.0000000000e-03   1.0666077795e-01  ) (9.0000010000e+00   5.0000000000e-03   1.0016644601e-01  ) (1.0200001000e+01   5.0000000000e-03   1.0000033941e-01  ) 
5.42	(5.0000010000e+00   5.0000000000e-03   1.0026282465e-01  ) (5.5000010000e+00   5.0000000000e-03   1.0121574147e-01  ) (6.0000010000e+00   5.0000000000e-03   1.0079759654e-01  ) (6.5000010000e+00   5.0000000000e-03   1.0008986761e-01  ) (6.9937500000e+00   5.0000000000e-03   9.9946017710e-02  ) (8.0062500000e+00   5.0000000000e-03   1.0653895128e-01  ) (9.0000010000e+00   5.0000000000e-03   1.0017581756e-01  ) (1.0200001000e+01   5.0000000000e-03   1.0000035820e-01  ) 
5.43	(5.0000010000e+00   5.0000000000e-03   1.0027353073e-01  ) (5.5000010000e+00   5.0000000000e-03   1.0123644919e-01  ) (6.0000010000e+00   5.0000000000e-03   1.0076590210e-01  ) (6.5000010000e+00   5.0000000000e-03   1.0008438252e-01  ) (6.9937500000e+00   5.0000000000e-03   9.9947028202e-02  ) (8.0062500000e+00   5.0000000000e-03   1.0642203445e-01  ) (9.0000010000e+00   5.0000000000e-03   1.0018572960e-01  ) (1.0200001000e+01   5.0000000000e-03   1.0000037804e-01  ) 
5.44	(5.0000010000e+00   5.0000000000e-03   1.0028454788e-01  ) (5.5000010000e+00   5.0000000000e-03   1.0125655222e-01  ) (6.0000010000e+00   5.0000000000e-03   1.0073440628e-01  ) (6.5000010000e+00   5.0000000000e-03   1.0007895403e-01  ) (6.9937500000e+00   5.0000000000e-03   9.9948130083e-02  ) (8.0062500000e+00   5.0000000000e-03   1.0630819624e-01  ) (9.0000010000e+00   5.0000000000e-03   1.0019621404e-01  ) (1.0200001000e+01   5.0000000000e-03   1.0000039900e-01  ) 
5.45	(5.0000010000e+00   5.0000000000e-03   1.0029588011e-01  ) (5.5000010000e+00   5.0000000000e-03   1.0127599140e-01  ) (6.0000010000e+00   5.0000000000e-03   1.0070318246e-01  ) (6.5000010000e+00   5.0000000000e-03   1.0007359642e-01  ) (6.9937500000e+00   5.0000000000e-03   9.9949351767e-02  ) (8.0062500000e+00   5.0000000000e-03   1.0619687086e-01  ) (9.0000010000e+00   5.0000000000e-03   1.0020730457e-01  ) (1.0200001000e+01   5.0000000000e-03   1.0000042113e-01  ) 
5.46	(5.0000010000e+00   5.0000000000e-03   1.0030753175e-01  ) (5.5000010000e+00   5.0000000000e-03   1.0129470823e-01  ) (6.0000010000e+00   5.0000000000e-03   1.0067230214e-01  ) (6.5000010000e+00   5.0000000000e-03   1.0006832455e-01  ) (6.9937500000e+00   5.0000000000e-03   9.9950748053e-02  ) (8.0062500000e+00   5.0000000000e-03   1.0608814945e-01  ) (9.0000010000e+00   5.0000000000e-03   1.0021903716e-01  ) (1.0200001000e+01   5.0000000000e-03   1.0000044450e-01  ) 
5.47	(5.0000010000e+00   5.0000000000e-03   1.0031950726e-01  ) (5.5000010000e+00   5.0000000000e-03   1.0131264522e-01  ) (6.0000010000e+00   5.0000000000e-03   1.0064183418e-01  ) (6.5000010000e+00   5.0000000000e-03   1.0006315377e-01  ) (6.9937500000e+00   5.0000000000e-03   9.9952346241e-02  ) (8.0062500000e+00   5.0000000000e-03   1.0598202206e-01  ) (9.0000010000e+00   5.0000000000e-03   1.0023144975e-01  ) (1.0200001000e+01   5.0000000000e-03   1.0000046917e-01  ) 
5.48	(5.0000010000e+00   5.0000000000e-03   1.0033181114e-01  ) (5.5000010000e+00   5.0000000000e-03   1.0132974626e-01  ) (6.0000010000e+00   5.0000000000e-03   1.0061184481e-01  ) (6.5000010000e+00   5.0000000000e-03   1.0005809872e-01  ) (6.9937500000e+00   5.0000000000e-03   9.9954175211e-02  ) (8.0062500000e+00   5.0000000000e-03   1.0587846872e-01  ) (9.0000010000e+00   5.0000000000e-03   1.0024458266e-01  ) (1.0200001000e+01   5.0000000000e-03   1.0000049522e-01  ) 
5.49	(5.0000010000e+00   5.0000000000e-03   1.0034444784e-01  ) (5.5000010000e+00   5.0000000000e-03   1.0134595672e-01  ) (6.0000010000e+00   5.0000000000e-03   1.0058239682e-01  ) (6.5000010000e+00   5.0000000000e-03   1.0005317331e-01  ) (6.9937500000e+00   5.0000000000e-03   9.9956251051e-02  ) (8.0062500000e+00   5.0000000000e-03   1.0577751078e-01  ) (9.0000010000e+00   5.0000000000e-03   1.0025847832e-01  ) (1.0200001000e+01   5.0000000000e-03   1.0000052271e-01  ) 
5.5	(5.0000010000e+00   5.0000000000e-03   1.0035742163e-01  ) (5.5000010000e+00   5.0000000000e-03   1.0136122381e-01  ) (6.0000010000e+00   5.0000000000e-03   1.0055354952e-01  ) (6.5000010000e+00   5.0000000000e-03   1.0004839077e-01  ) (6.9937500000e+00   5.0000000000e-03   9.9958587994e-02  ) (8.0062500000e+00   5.0000000000e-03   1.0567897362e-01  ) (9.0000010000e+00   5.0000000000e-03   1.0027318150e-01  ) (1.0200001000e+01   5.0000000000e-03   1.0000055172e-01  ) 
5.51	(5.0000010000e+00   5.0000000000e-03   1.0037073659e-01  ) (5.5000010000e+00   5.0000000000e-03   1.0137549694e-01  ) (6.0000010000e+00   5.0000000000e-03   1.0052535856e-01  ) (6.5000010000e+00   5.0000000000e-03   1.0004376262e-01  ) (6.9937500000e+00   5.0000000000e-03   9.9961188960e-02  ) (8.0062500000e+00   5.0000000000e-03   1.0558267024e-01  ) (9.0000010000e+00   5.0000000000e-03   1.0028873979e-01  ) (1.0200001000e+01   5.0000000000e-03   1.0000058233e-01  ) 
5.52	(5.0000010000e+00   5.0000000000e-03   1.0038439663e-01  ) (5.5000010000e+00   5.0000000000e-03   1.0138872738e-01  ) (6.0000010000e+00   5.0000000000e-03   1.0049787627e-01  ) (6.5000010000e+00   5.0000000000e-03   1.0003929923e-01  ) (6.9937500000e+00   5.0000000000e-03   9.9964043707e-02  ) (8.0062500000e+00   5.0000000000e-03   1.0548838000e-01  ) (9.0000010000e+00   5.0000000000e-03   1.0030520619e-01  ) (1.0200001000e+01   5.0000000000e-03   1.0000061463e-01  ) 
5.53	(5.0000010000e+00   5.0000000000e-03   1.0039840531e-01  ) (5.5000010000e+00   5.0000000000e-03   1.0140086840e-01  ) (6.0000010000e+00   5.0000000000e-03   1.0047115000e-01  ) (6.5000010000e+00   5.0000000000e-03   1.0003501023e-01  ) (6.9937500000e+00   5.0000000000e-03   9.9967134101e-02  ) (8.0062500000e+00   5.0000000000e-03   1.0539583963e-01  ) (9.0000010000e+00   5.0000000000e-03   1.0032263132e-01  ) (1.0200001000e+01   5.0000000000e-03   1.0000064870e-01  ) 
5.54	(5.0000010000e+00   5.0000000000e-03   1.0041276601e-01  ) (5.5000010000e+00   5.0000000000e-03   1.0141187575e-01  ) (6.0000010000e+00   5.0000000000e-03   1.0044522330e-01  ) (6.5000010000e+00   5.0000000000e-03   1.0003090289e-01  ) (6.9937500000e+00   5.0000000000e-03   9.9970437992e-02  ) (8.0062500000e+00   5.0000000000e-03   1.0530476797e-01  ) (9.0000010000e+00   5.0000000000e-03   1.0034107289e-01  ) (1.0200001000e+01   5.0000000000e-03   1.0000068464e-01  ) 
5.55	(5.0000010000e+00   5.0000000000e-03   1.0042748187e-01  ) (5.5000010000e+00   5.0000000000e-03   1.0142170703e-01  ) (6.0000010000e+00   5.0000000000e-03   1.0042013413e-01  ) (6.5000010000e+00   5.0000000000e-03   1.0002698361e-01  ) (6.9937500000e+00   5.0000000000e-03   9.9973922548e-02  ) (8.0062500000e+00   5.0000000000e-03   1.0521489646e-01  ) (9.0000010000e+00   5.0000000000e-03   1.0036059025e-01  ) (1.0200001000e+01   5.0000000000e-03   1.0000072254e-01  ) 
5.56	(5.0000010000e+00   5.0000000000e-03   1.0044255581e-01  ) (5.5000010000e+00   5.0000000000e-03   1.0143032241e-01  ) (6.0000010000e+00   5.0000000000e-03   1.0039591449e-01  ) (6.5000010000e+00   5.0000000000e-03   1.0002325852e-01  ) (6.9937500000e+00   5.0000000000e-03   9.9977543982e-02  ) (8.0062500000e+00   5.0000000000e-03   1.0512592176e-01  ) (9.0000010000e+00   5.0000000000e-03   1.0038124434e-01  ) (1.0200001000e+01   5.0000000000e-03   1.0000076251e-01  ) 
5.57	(5.0000010000e+00   5.0000000000e-03   1.0045799043e-01  ) (5.5000010000e+00   5.0000000000e-03   1.0143768432e-01  ) (6.0000010000e+00   5.0000000000e-03   1.0037259253e-01  ) (6.5000010000e+00   5.0000000000e-03   1.0001973299e-01  ) (6.9937500000e+00   5.0000000000e-03   9.9981253517e-02  ) (8.0062500000e+00   5.0000000000e-03   1.0503752940e-01  ) (9.0000010000e+00   5.0000000000e-03   1.0040310039e-01  ) (1.0200001000e+01   5.0000000000e-03   1.0000080465e-01  ) 
5.58	(5.0000010000e+00   5.0000000000e-03   1.0047378866e-01  ) (5.5000010000e+00   5.0000000000e-03   1.0144375796e-01  ) (6.0000010000e+00   5.0000000000e-03   1.0035019068e-01  ) (6.5000010000e+00   5.0000000000e-03   1.0001641167e-01  ) (6.9937500000e+00   5.0000000000e-03   9.9985000388e-02  ) (8.0062500000e+00   5.0000000000e-03   1.0494944513e-01  ) (9.0000010000e+00   5.0000000000e-03   1.0042622693e-01  ) (1.0200001000e+01   5.0000000000e-03   1.0000084909e-01  ) 
5.59	(5.0000010000e+00   5.0000000000e-03   1.0048995308e-01  ) (5.5000010000e+00   5.0000000000e-03   1.0144851175e-01  ) (6.0000010000e+00   5.0000000000e-03   1.0032872682e-01  ) (6.5000010000e+00   5.0000000000e-03   1.0001329834e-01  ) (6.9937500000e+00   5.0000000000e-03   9.9988732632e-02  ) (8.0062500000e+00   5.0000000000e-03   1.0486139159e-01  ) (9.0000010000e+00   5.0000000000e-03   1.0045069576e-01  ) (1.0200001000e+01   5.0000000000e-03   1.0000089595e-01  ) 
5.6	(5.0000010000e+00   5.0000000000e-03   1.0050648606e-01  ) (5.5000010000e+00   5.0000000000e-03   1.0145192113e-01  ) (6.0000010000e+00   5.0000000000e-03   1.0030821514e-01  ) (6.5000010000e+00   5.0000000000e-03   1.0001039546e-01  ) (6.9937500000e+00   5.0000000000e-03   9.9992398873e-02  ) (8.0062500000e+00   5.0000000000e-03   1.0477317714e-01  ) (9.0000010000e+00   5.0000000000e-03   1.0047658216e-01  ) (1.0200001000e+01   5.0000000000e-03   1.0000094537e-01  ) 
5.61	(5.0000010000e+00   5.0000000000e-03   1.0052338971e-01  ) (5.5000010000e+00   5.0000000000e-03   1.0145397352e-01  ) (6.0000010000e+00   5.0000000000e-03   1.0028866531e-01  ) (6.5000010000e+00   5.0000000000e-03   1.0000770492e-01  ) (6.9937500000e+00   5.0000000000e-03   9.9995950800e-02  ) (8.0062500000e+00   5.0000000000e-03   1.0468464364e-01  ) (9.0000010000e+00   5.0000000000e-03   1.0050396503e-01  ) (1.0200001000e+01   5.0000000000e-03   1.0000099749e-01  ) 
5.62	(5.0000010000e+00   5.0000000000e-03   1.0054066580e-01  ) (5.5000010000e+00   5.0000000000e-03   1.0145468158e-01  ) (6.0000010000e+00   5.0000000000e-03   1.0027008185e-01  ) (6.5000010000e+00   5.0000000000e-03   1.0000522684e-01  ) (6.9937500000e+00   5.0000000000e-03   9.9999345580e-02  ) (8.0062500000e+00   5.0000000000e-03   1.0459567320e-01  ) (9.0000010000e+00   5.0000000000e-03   1.0053292702e-01  ) (1.0200001000e+01   5.0000000000e-03   1.0000105246e-01  ) 
5.63	(5.0000010000e+00   5.0000000000e-03   1.0055831574e-01  ) (5.5000010000e+00   5.0000000000e-03   1.0145399756e-01  ) (6.0000010000e+00   5.0000000000e-03   1.0025246520e-01  ) (6.5000010000e+00   5.0000000000e-03   1.0000295919e-01  ) (6.9937500000e+00   5.0000000000e-03   1.0000254575e-01  ) (8.0062500000e+00   5.0000000000e-03   1.0450633020e-01  ) (9.0000010000e+00   5.0000000000e-03   1.0056355332e-01  ) (1.0200001000e+01   5.0000000000e-03   1.0000111044e-01  ) 
5.64	(5.0000010000e+00   5.0000000000e-03   1.0057634009e-01  ) (5.5000010000e+00   5.0000000000e-03   1.0145182992e-01  ) (6.0000010000e+00   5.0000000000e-03   1.0023581244e-01  ) (6.5000010000e+00   5.0000000000e-03   1.0000089811e-01  ) (6.9937500000e+00   5.0000000000e-03   1.0000552256e-01  ) (8.0062500000e+00   5.0000000000e-03   1.0441674844e-01  ) (9.0000010000e+00   5.0000000000e-03   1.0059593597e-01  ) (1.0200001000e+01   5.0000000000e-03   1.0000117161e-01  ) 
5.65	(5.0000010000e+00   5.0000000000e-03   1.0059473867e-01  ) (5.5000010000e+00   5.0000000000e-03   1.0144813313e-01  ) (6.0000010000e+00   5.0000000000e-03   1.0022011729e-01  ) (6.5000010000e+00   5.0000000000e-03   9.9999037886e-02  ) (6.9937500000e+00   5.0000000000e-03   1.0000826411e-01  ) (8.0062500000e+00   5.0000000000e-03   1.0432710684e-01  ) (9.0000010000e+00   5.0000000000e-03   1.0063016945e-01  ) (1.0200001000e+01   5.0000000000e-03   1.0000123614e-01  ) 
5.66	(5.0000010000e+00   5.0000000000e-03   1.0061351027e-01  ) (5.5000010000e+00   5.0000000000e-03   1.0144291693e-01  ) (6.0000010000e+00   5.0000000000e-03   1.0020536947e-01  ) (6.5000010000e+00   5.0000000000e-03   9.9997370878e-02  ) (6.9937500000e+00   5.0000000000e-03   1.0001074744e-01  ) (8.0062500000e+00   5.0000000000e-03   1.0423773533e-01  ) (9.0000010000e+00   5.0000000000e-03   1.0066635232e-01  ) (1.0200001000e+01   5.0000000000e-03   1.0000130424e-01  ) 
5.67	(5.0000010000e+00   5.0000000000e-03   1.0063265241e-01  ) (5.5000010000e+00   5.0000000000e-03   1.0143618739e-01  ) (6.0000010000e+00   5.0000000000e-03   1.0019155526e-01  ) (6.5000010000e+00   5.0000000000e-03   9.9995888006e-02  ) (6.9937500000e+00   5.0000000000e-03   1.0001295227e-01  ) (8.0062500000e+00   5.0000000000e-03   1.0414903297e-01  ) (9.0000010000e+00   5.0000000000e-03   1.0070458708e-01  ) (1.0200001000e+01   5.0000000000e-03   1.0000137609e-01  ) 
5.68	(5.0000010000e+00   5.0000000000e-03   1.0065216111e-01  ) (5.5000010000e+00   5.0000000000e-03   1.0142794865e-01  ) (6.0000010000e+00   5.0000000000e-03   1.0017865758e-01  ) (6.5000010000e+00   5.0000000000e-03   9.9994578845e-02  ) (6.9937500000e+00   5.0000000000e-03   1.0001486462e-01  ) (8.0062500000e+00   5.0000000000e-03   1.0406148016e-01  ) (9.0000010000e+00   5.0000000000e-03   1.0074498020e-01  ) (1.0200001000e+01   5.0000000000e-03   1.0000145192e-01  ) 
5.69	(5.0000010000e+00   5.0000000000e-03   1.0067203066e-01  ) (5.5000010000e+00   5.0000000000e-03   1.0141820852e-01  ) (6.0000010000e+00   5.0000000000e-03   1.0016665612e-01  ) (6.5000010000e+00   5.0000000000e-03   9.9993432036e-02  ) (6.9937500000e+00   5.0000000000e-03   1.0001647861e-01  ) (8.0062500000e+00   5.0000000000e-03   1.0397499818e-01  ) (9.0000010000e+00   5.0000000000e-03   1.0078764192e-01  ) (1.0200001000e+01   5.0000000000e-03   1.0000153194e-01  ) 
5.7	(5.0000010000e+00   5.0000000000e-03   1.0069225346e-01  ) (5.5000010000e+00   5.0000000000e-03   1.0140697803e-01  ) (6.0000010000e+00   5.0000000000e-03   1.0015552759e-01  ) (6.5000010000e+00   5.0000000000e-03   9.9992435663e-02  ) (6.9937500000e+00   5.0000000000e-03   1.0001779321e-01  ) (8.0062500000e+00   5.0000000000e-03   1.0388848706e-01  ) (9.0000010000e+00   5.0000000000e-03   1.0083268602e-01  ) (1.0200001000e+01   5.0000000000e-03   1.0000161638e-01  ) 
5.71	(5.0000010000e+00   5.0000000000e-03   1.0071281967e-01  ) (5.5000010000e+00   5.0000000000e-03   1.0139427298e-01  ) (6.0000010000e+00   5.0000000000e-03   1.0014524581e-01  ) (6.5000010000e+00   5.0000000000e-03   9.9991577859e-02  ) (6.9937500000e+00   5.0000000000e-03   1.0001881000e-01  ) (8.0062500000e+00   5.0000000000e-03   1.0380133179e-01  ) (9.0000010000e+00   5.0000000000e-03   1.0088022896e-01  ) (1.0200001000e+01   5.0000000000e-03   1.0000170549e-01  ) 
5.72	(5.0000010000e+00   5.0000000000e-03   1.0073371715e-01  ) (5.5000010000e+00   5.0000000000e-03   1.0138011459e-01  ) (6.0000010000e+00   5.0000000000e-03   1.0013578206e-01  ) (6.5000010000e+00   5.0000000000e-03   9.9990847435e-02  ) (6.9937500000e+00   5.0000000000e-03   1.0001954370e-01  ) (8.0062500000e+00   5.0000000000e-03   1.0371359011e-01  ) (9.0000010000e+00   5.0000000000e-03   1.0093038862e-01  ) (1.0200001000e+01   5.0000000000e-03   1.0000179952e-01  ) 
5.73	(5.0000010000e+00   5.0000000000e-03   1.0075493120e-01  ) (5.5000010000e+00   5.0000000000e-03   1.0136453385e-01  ) (6.0000010000e+00   5.0000000000e-03   1.0012710534e-01  ) (6.5000010000e+00   5.0000000000e-03   9.9990233801e-02  ) (6.9937500000e+00   5.0000000000e-03   1.0002000861e-01  ) (8.0062500000e+00   5.0000000000e-03   1.0362531026e-01  ) (9.0000010000e+00   5.0000000000e-03   1.0098327795e-01  ) (1.0200001000e+01   5.0000000000e-03   1.0000189874e-01  ) 
5.74	(5.0000010000e+00   5.0000000000e-03   1.0077644438e-01  ) (5.5000010000e+00   5.0000000000e-03   1.0134756402e-01  ) (6.0000010000e+00   5.0000000000e-03   1.0011918272e-01  ) (6.5000010000e+00   5.0000000000e-03   9.9989727255e-02  ) (6.9937500000e+00   5.0000000000e-03   1.0002021740e-01  ) (8.0062500000e+00   5.0000000000e-03   1.0353667758e-01  ) (9.0000010000e+00   5.0000000000e-03   1.0103903540e-01  ) (1.0200001000e+01   5.0000000000e-03   1.0000200344e-01  ) 
5.75	(5.0000010000e+00   5.0000000000e-03   1.0079823648e-01  ) (5.5000010000e+00   5.0000000000e-03   1.0132925278e-01  ) (6.0000010000e+00   5.0000000000e-03   1.0011197865e-01  ) (6.5000010000e+00   5.0000000000e-03   9.9989319116e-02  ) (6.9937500000e+00   5.0000000000e-03   1.0002016598e-01  ) (8.0062500000e+00   5.0000000000e-03   1.0344789982e-01  ) (9.0000010000e+00   5.0000000000e-03   1.0109782028e-01  ) (1.0200001000e+01   5.0000000000e-03   1.0000211390e-01  ) 
5.76	(5.0000010000e+00   5.0000000000e-03   1.0082028427e-01  ) (5.5000010000e+00   5.0000000000e-03   1.0130963899e-01  ) (6.0000010000e+00   5.0000000000e-03   1.0010545536e-01  ) (6.5000010000e+00   5.0000000000e-03   9.9989001676e-02  ) (6.9937500000e+00   5.0000000000e-03   1.0001983651e-01  ) (8.0062500000e+00   5.0000000000e-03   1.0335929576e-01  ) (9.0000010000e+00   5.0000000000e-03   1.0115980079e-01  ) (1.0200001000e+01   5.0000000000e-03   1.0000223046e-01  ) 
5.77	(5.0000010000e+00   5.0000000000e-03   1.0084256151e-01  ) (5.5000010000e+00   5.0000000000e-03   1.0128875719e-01  ) (6.0000010000e+00   5.0000000000e-03   1.0009957373e-01  ) (6.5000010000e+00   5.0000000000e-03   9.9988767477e-02  ) (6.9937500000e+00   5.0000000000e-03   1.0001924383e-01  ) (8.0062500000e+00   5.0000000000e-03   1.0327123239e-01  ) (9.0000010000e+00   5.0000000000e-03   1.0122512411e-01  ) (1.0200001000e+01   5.0000000000e-03   1.0000235342e-01  ) 
5.78	(5.0000010000e+00   5.0000000000e-03   1.0086503889e-01  ) (5.5000010000e+00   5.0000000000e-03   1.0126664651e-01  ) (6.0000010000e+00   5.0000000000e-03   1.0009429348e-01  ) (6.5000010000e+00   5.0000000000e-03   9.9988609840e-02  ) (6.9937500000e+00   5.0000000000e-03   1.0001841030e-01  ) (8.0062500000e+00   5.0000000000e-03   1.0318406707e-01  ) (9.0000010000e+00   5.0000000000e-03   1.0129394802e-01  ) (1.0200001000e+01   5.0000000000e-03   1.0000248316e-01  ) 
5.79	(5.0000010000e+00   5.0000000000e-03   1.0088768467e-01  ) (5.5000010000e+00   5.0000000000e-03   1.0124335329e-01  ) (6.0000010000e+00   5.0000000000e-03   1.0008957346e-01  ) (6.5000010000e+00   5.0000000000e-03   9.9988522474e-02  ) (6.9937500000e+00   5.0000000000e-03   1.0001736004e-01  ) (8.0062500000e+00   5.0000000000e-03   1.0309815760e-01  ) (9.0000010000e+00   5.0000000000e-03   1.0136642551e-01  ) (1.0200001000e+01   5.0000000000e-03   1.0000262002e-01  ) 
5.8	(5.0000010000e+00   5.0000000000e-03   1.0091046281e-01  ) (5.5000010000e+00   5.0000000000e-03   1.0121893263e-01  ) (6.0000010000e+00   5.0000000000e-03   1.0008537038e-01  ) (6.5000010000e+00   5.0000000000e-03   9.9988499354e-02  ) (6.9937500000e+00   5.0000000000e-03   1.0001612379e-01  ) (8.0062500000e+00   5.0000000000e-03   1.0301381776e-01  ) (9.0000010000e+00   5.0000000000e-03   1.0144271525e-01  ) (1.0200001000e+01   5.0000000000e-03   1.0000276442e-01  ) 
5.81	(5.0000010000e+00   5.0000000000e-03   1.0093333540e-01  ) (5.5000010000e+00   5.0000000000e-03   1.0119344121e-01  ) (6.0000010000e+00   5.0000000000e-03   1.0008164093e-01  ) (6.5000010000e+00   5.0000000000e-03   9.9988534805e-02  ) (6.9937500000e+00   5.0000000000e-03   1.0001472419e-01  ) (8.0062500000e+00   5.0000000000e-03   1.0293129678e-01  ) (9.0000010000e+00   5.0000000000e-03   1.0152296855e-01  ) (1.0200001000e+01   5.0000000000e-03   1.0000291675e-01  ) 
5.82	(5.0000010000e+00   5.0000000000e-03   1.0095626309e-01  ) (5.5000010000e+00   5.0000000000e-03   1.0116693904e-01  ) (6.0000010000e+00   5.0000000000e-03   1.0007834150e-01  ) (6.5000010000e+00   5.0000000000e-03   9.9988624111e-02  ) (6.9937500000e+00   5.0000000000e-03   1.0001317680e-01  ) (8.0062500000e+00   5.0000000000e-03   1.0285075366e-01  ) (9.0000010000e+00   5.0000000000e-03   1.0160733352e-01  ) (1.0200001000e+01   5.0000000000e-03   1.0000307746e-01  ) 
5.83	(5.0000010000e+00   5.0000000000e-03   1.0097920655e-01  ) (5.5000010000e+00   5.0000000000e-03   1.0113949294e-01  ) (6.0000010000e+00   5.0000000000e-03   1.0007542648e-01  ) (6.5000010000e+00   5.0000000000e-03   9.9988760972e-02  ) (6.9937500000e+00   5.0000000000e-03   1.0001149518e-01  ) (8.0062500000e+00   5.0000000000e-03   1.0277228608e-01  ) (9.0000010000e+00   5.0000000000e-03   1.0169597034e-01  ) (1.0200001000e+01   5.0000000000e-03   1.0000324700e-01  ) 
5.84	(5.0000010000e+00   5.0000000000e-03   1.0100214196e-01  ) (5.5000010000e+00   5.0000000000e-03   1.0111117205e-01  ) (6.0000010000e+00   5.0000000000e-03   1.0007285105e-01  ) (6.5000010000e+00   5.0000000000e-03   9.9988940964e-02  ) (6.9937500000e+00   5.0000000000e-03   1.0000969769e-01  ) (8.0062500000e+00   5.0000000000e-03   1.0269592371e-01  ) (9.0000010000e+00   5.0000000000e-03   1.0178903093e-01  ) (1.0200001000e+01   5.0000000000e-03   1.0000342589e-01  ) 
5.85	(5.0000010000e+00   5.0000000000e-03   1.0102503377e-01  ) (5.5000010000e+00   5.0000000000e-03   1.0108204891e-01  ) (6.0000010000e+00   5.0000000000e-03   1.0007057077e-01  ) (6.5000010000e+00   5.0000000000e-03   9.9989158980e-02  ) (6.9937500000e+00   5.0000000000e-03   1.0000779096e-01  ) (8.0062500000e+00   5.0000000000e-03   1.0262159993e-01  ) (9.0000010000e+00   5.0000000000e-03   1.0188666107e-01  ) (1.0200001000e+01   5.0000000000e-03   1.0000361463e-01  ) 
5.86	(5.0000010000e+00   5.0000000000e-03   1.0104781530e-01  ) (5.5000010000e+00   5.0000000000e-03   1.0105219897e-01  ) (6.0000010000e+00   5.0000000000e-03   1.0006854183e-01  ) (6.5000010000e+00   5.0000000000e-03   9.9989411178e-02  ) (6.9937500000e+00   5.0000000000e-03   1.0000576741e-01  ) (8.0062500000e+00   5.0000000000e-03   1.0254918630e-01  ) (9.0000010000e+00   5.0000000000e-03   1.0198900086e-01  ) (1.0200001000e+01   5.0000000000e-03   1.0000381377e-01  ) 
5.87	(5.0000010000e+00   5.0000000000e-03   1.0107040366e-01  ) (5.5000010000e+00   5.0000000000e-03   1.0102170064e-01  ) (6.0000010000e+00   5.0000000000e-03   1.0006672161e-01  ) (6.5000010000e+00   5.0000000000e-03   9.9989696000e-02  ) (6.9937500000e+00   5.0000000000e-03   1.0000361860e-01  ) (8.0062500000e+00   5.0000000000e-03   1.0247854391e-01  ) (9.0000010000e+00   5.0000000000e-03   1.0209618360e-01  ) (1.0200001000e+01   5.0000000000e-03   1.0000402390e-01  ) 
5.88	(5.0000010000e+00   5.0000000000e-03   1.0109273732e-01  ) (5.5000010000e+00   5.0000000000e-03   1.0099063391e-01  ) (6.0000010000e+00   5.0000000000e-03   1.0006506926e-01  ) (6.5000010000e+00   5.0000000000e-03   9.9990013235e-02  ) (6.9937500000e+00   5.0000000000e-03   1.0000133602e-01  ) (8.0062500000e+00   5.0000000000e-03   1.0240949383e-01  ) (9.0000010000e+00   5.0000000000e-03   1.0220833083e-01  ) (1.0200001000e+01   5.0000000000e-03   1.0000424563e-01  ) 
5.89	(5.0000010000e+00   5.0000000000e-03   1.0111475912e-01  ) (5.5000010000e+00   5.0000000000e-03   1.0095908097e-01  ) (6.0000010000e+00   5.0000000000e-03   1.0006354594e-01  ) (6.5000010000e+00   5.0000000000e-03   9.9990362308e-02  ) (6.9937500000e+00   5.0000000000e-03   9.9998923572e-02  ) (8.0062500000e+00   5.0000000000e-03   1.0234185095e-01  ) (9.0000010000e+00   5.0000000000e-03   1.0232555225e-01  ) (1.0200001000e+01   5.0000000000e-03   1.0000447959e-01  ) 
5.9	(5.0000010000e+00   5.0000000000e-03   1.0113641183e-01  ) (5.5000010000e+00   5.0000000000e-03   1.0092712519e-01  ) (6.0000010000e+00   5.0000000000e-03   1.0006211531e-01  ) (6.5000010000e+00   5.0000000000e-03   9.9990744973e-02  ) (6.9937500000e+00   5.0000000000e-03   9.9996394878e-02  ) (8.0062500000e+00   5.0000000000e-03   1.0227545265e-01  ) (9.0000010000e+00   5.0000000000e-03   1.0244793909e-01  ) (1.0200001000e+01   5.0000000000e-03   1.0000472649e-01  ) 
5.91	(5.0000010000e+00   5.0000000000e-03   1.0115763823e-01  ) (5.5000010000e+00   5.0000000000e-03   1.0089485034e-01  ) (6.0000010000e+00   5.0000000000e-03   1.0006074374e-01  ) (6.5000010000e+00   5.0000000000e-03   9.9991162853e-02  ) (6.9937500000e+00   5.0000000000e-03   9.9993749904e-02  ) (8.0062500000e+00   5.0000000000e-03   1.0221012527e-01  ) (9.0000010000e+00   5.0000000000e-03   1.0257555699e-01  ) (1.0200001000e+01   5.0000000000e-03   1.0000498703e-01  ) 
5.92	(5.0000010000e+00   5.0000000000e-03   1.0117838134e-01  ) (5.5000010000e+00   5.0000000000e-03   1.0086234089e-01  ) (6.0000010000e+00   5.0000000000e-03   1.0005940041e-01  ) (6.5000010000e+00   5.0000000000e-03   9.9991617107e-02  ) (6.9937500000e+00   5.0000000000e-03   9.9990988666e-02  ) (8.0062500000e+00   5.0000000000e-03   1.0214576998e-01  ) (9.0000010000e+00   5.0000000000e-03   1.0270843349e-01  ) (1.0200001000e+01   5.0000000000e-03   1.0000526197e-01  ) 
5.93	(5.0000010000e+00   5.0000000000e-03   1.0119858491e-01  ) (5.5000010000e+00   5.0000000000e-03   1.0082968091e-01  ) (6.0000010000e+00   5.0000000000e-03   1.0005805744e-01  ) (6.5000010000e+00   5.0000000000e-03   9.9992110794e-02  ) (6.9937500000e+00   5.0000000000e-03   9.9988113847e-02  ) (8.0062500000e+00   5.0000000000e-03   1.0208227245e-01  ) (9.0000010000e+00   5.0000000000e-03   1.0284653866e-01  ) (1.0200001000e+01   5.0000000000e-03   1.0000555214e-01  ) 
5.94	(5.0000010000e+00   5.0000000000e-03   1.0121819365e-01  ) (5.5000010000e+00   5.0000000000e-03   1.0079695349e-01  ) (6.0000010000e+00   5.0000000000e-03   1.0005668993e-01  ) (6.5000010000e+00   5.0000000000e-03   9.9992645205e-02  ) (6.9937500000e+00   5.0000000000e-03   9.9985128685e-02  ) (8.0062500000e+00   5.0000000000e-03   1.0201959852e-01  ) (9.0000010000e+00   5.0000000000e-03   1.0298977690e-01  ) (1.0200001000e+01   5.0000000000e-03   1.0000585836e-01  ) 
5.95	(5.0000010000e+00   5.0000000000e-03   1.0123715356e-01  ) (5.5000010000e+00   5.0000000000e-03   1.0076424079e-01  ) (6.0000010000e+00   5.0000000000e-03   1.0005527600e-01  ) (6.5000010000e+00   5.0000000000e-03   9.9993221763e-02  ) (6.9937500000e+00   5.0000000000e-03   9.9982037239e-02  ) (8.0062500000e+00   5.0000000000e-03   1.0195772334e-01  ) (9.0000010000e+00   5.0000000000e-03   1.0313799171e-01  ) (1.0200001000e+01   5.0000000000e-03   1.0000618156e-01  ) 
5.96	(5.0000010000e+00   5.0000000000e-03   1.0125541282e-01  ) (5.5000010000e+00   5.0000000000e-03   1.0073162336e-01  ) (6.0000010000e+00   5.0000000000e-03   1.0005379704e-01  ) (6.5000010000e+00   5.0000000000e-03   9.9993841485e-02  ) (6.9937500000e+00   5.0000000000e-03   9.9978845133e-02  ) (8.0062500000e+00   5.0000000000e-03   1.0189666540e-01  ) (9.0000010000e+00   5.0000000000e-03   1.0329112740e-01  ) (1.0200001000e+01   5.0000000000e-03   1.0000652266e-01  ) 
5.97	(5.0000010000e+00   5.0000000000e-03   1.0127292219e-01  ) (5.5000010000e+00   5.0000000000e-03   1.0069917945e-01  ) (6.0000010000e+00   5.0000000000e-03   1.0005223764e-01  ) (6.5000010000e+00   5.0000000000e-03   9.9994504827e-02  ) (6.9937500000e+00   5.0000000000e-03   9.9975558125e-02  ) (8.0062500000e+00   5.0000000000e-03   1.0183650335e-01  ) (9.0000010000e+00   5.0000000000e-03   1.0344911475e-01  ) (1.0200001000e+01   5.0000000000e-03   1.0000688268e-01  ) 
5.98	(5.0000010000e+00   5.0000000000e-03   1.0128963516e-01  ) (5.5000010000e+00   5.0000000000e-03   1.0066698508e-01  ) (6.0000010000e+00   5.0000000000e-03   1.0005058542e-01  ) (6.5000010000e+00   5.0000000000e-03   9.9995211548e-02  ) (6.9937500000e+00   5.0000000000e-03   9.9972182464e-02  ) (8.0062500000e+00   5.0000000000e-03   1.0177730232e-01  ) (9.0000010000e+00   5.0000000000e-03   1.0361225750e-01  ) (1.0200001000e+01   5.0000000000e-03   1.0000726268e-01  ) 
5.99	(5.0000010000e+00   5.0000000000e-03   1.0130550819e-01  ) (5.5000010000e+00   5.0000000000e-03   1.0063511340e-01  ) (6.0000010000e+00   5.0000000000e-03   1.0004883119e-01  ) (6.5000010000e+00   5.0000000000e-03   9.9995960661e-02  ) (6.9937500000e+00   5.0000000000e-03   9.9968722370e-02  ) (8.0062500000e+00   5.0000000000e-03   1.0171922550e-01  ) (9.0000010000e+00   5.0000000000e-03   1.0378070559e-01  ) (1.0200001000e+01   5.0000000000e-03   1.0000766378e-01  ) 
6	(5.0000010000e+00   5.0000000000e-03   1.0132050084e-01  ) (5.5000010000e+00   5.0000000000e-03   1.0060363468e-01  ) (6.0000010000e+00   5.0000000000e-03   1.0004696872e-01  ) (6.5000010000e+00   5.0000000000e-03   9.9996750394e-02  ) (6.9937500000e+00   5.0000000000e-03   9.9965181170e-02  ) (8.0062500000e+00   5.0000000000e-03   1.0166240761e-01  ) (9.0000010000e+00   5.0000000000e-03   1.0395443614e-01  ) (1.0200001000e+01   5.0000000000e-03   1.0000808715e-01  ) 
6.01	(5.0000010000e+00   5.0000000000e-03   1.0133457610e-01  ) (5.5000010000e+00   5.0000000000e-03   1.0057261619e-01  ) (6.0000010000e+00   5.0000000000e-03   1.0004499439e-01  ) (6.5000010000e+00   5.0000000000e-03   9.9997578238e-02  ) (6.9937500000e+00   5.0000000000e-03   9.9961556630e-02  ) (8.0062500000e+00   5.0000000000e-03   1.0160710593e-01  ) (9.0000010000e+00   5.0000000000e-03   1.0413305936e-01  ) (1.0200001000e+01   5.0000000000e-03   1.0000853405e-01  ) 
6.02	(5.0000010000e+00   5.0000000000e-03   1.0134769997e-01  ) (5.5000010000e+00   5.0000000000e-03   1.0054212179e-01  ) (6.0000010000e+00   5.0000000000e-03   1.0004290851e-01  ) (6.5000010000e+00   5.0000000000e-03   9.9998440894e-02  ) (6.9937500000e+00   5.0000000000e-03   9.9957844244e-02  ) (8.0062500000e+00   5.0000000000e-03   1.0155337912e-01  ) (9.0000010000e+00   5.0000000000e-03   1.0431630307e-01  ) (1.0200001000e+01   5.0000000000e-03   1.0000900579e-01  ) 
6.03	(5.0000010000e+00   5.0000000000e-03   1.0135984143e-01  ) (5.5000010000e+00   5.0000000000e-03   1.0051221188e-01  ) (6.0000010000e+00   5.0000000000e-03   1.0004071340e-01  ) (6.5000010000e+00   5.0000000000e-03   9.9999334371e-02  ) (6.9937500000e+00   5.0000000000e-03   9.9954040337e-02  ) (8.0062500000e+00   5.0000000000e-03   1.0150098616e-01  ) (9.0000010000e+00   5.0000000000e-03   1.0450384012e-01  ) (1.0200001000e+01   5.0000000000e-03   1.0000950376e-01  ) 
6.04	(5.0000010000e+00   5.0000000000e-03   1.0137097233e-01  ) (5.5000010000e+00   5.0000000000e-03   1.0048294345e-01  ) (6.0000010000e+00   5.0000000000e-03   1.0003841361e-01  ) (6.5000010000e+00   5.0000000000e-03   1.0000025391e-01  ) (6.9937500000e+00   5.0000000000e-03   9.9950138697e-02  ) (8.0062500000e+00   5.0000000000e-03   1.0144974423e-01  ) (9.0000010000e+00   5.0000000000e-03   1.0469523201e-01  ) (1.0200001000e+01   5.0000000000e-03   1.0001002944e-01  ) 
6.05	(5.0000010000e+00   5.0000000000e-03   1.0138106706e-01  ) (5.5000010000e+00   5.0000000000e-03   1.0045437011e-01  ) (6.0000010000e+00   5.0000000000e-03   1.0003601598e-01  ) (6.5000010000e+00   5.0000000000e-03   1.0000119394e-01  ) (6.9937500000e+00   5.0000000000e-03   9.9946130354e-02  ) (8.0062500000e+00   5.0000000000e-03   1.0139947931e-01  ) (9.0000010000e+00   5.0000000000e-03   1.0488983948e-01  ) (1.0200001000e+01   5.0000000000e-03   1.0001058438e-01  ) 
6.06	(5.0000010000e+00   5.0000000000e-03   1.0139010250e-01  ) (5.5000010000e+00   5.0000000000e-03   1.0042654237e-01  ) (6.0000010000e+00   5.0000000000e-03   1.0003352932e-01  ) (6.5000010000e+00   5.0000000000e-03   1.0000214803e-01  ) (6.9937500000e+00   5.0000000000e-03   9.9942005247e-02  ) (8.0062500000e+00   5.0000000000e-03   1.0135010207e-01  ) (9.0000010000e+00   5.0000000000e-03   1.0508679279e-01  ) (1.0200001000e+01   5.0000000000e-03   1.0001117023e-01  ) 
6.07	(5.0000010000e+00   5.0000000000e-03   1.0139805748e-01  ) (5.5000010000e+00   5.0000000000e-03   1.0039950644e-01  ) (6.0000010000e+00   5.0000000000e-03   1.0003096433e-01  ) (6.5000010000e+00   5.0000000000e-03   1.0000310879e-01  ) (6.9937500000e+00   5.0000000000e-03   9.9937752622e-02  ) (8.0062500000e+00   5.0000000000e-03   1.0130154806e-01  ) (9.0000010000e+00   5.0000000000e-03   1.0528511196e-01  ) (1.0200001000e+01   5.0000000000e-03   1.0001178872e-01  ) 
6.08	(5.0000010000e+00   5.0000000000e-03   1.0140491262e-01  ) (5.5000010000e+00   5.0000000000e-03   1.0037330440e-01  ) (6.0000010000e+00   5.0000000000e-03   1.0002833333e-01  ) (6.5000010000e+00   5.0000000000e-03   1.0000406790e-01  ) (6.9937500000e+00   5.0000000000e-03   9.9933361488e-02  ) (8.0062500000e+00   5.0000000000e-03   1.0125377580e-01  ) (9.0000010000e+00   5.0000000000e-03   1.0548392371e-01  ) (1.0200001000e+01   5.0000000000e-03   1.0001244168e-01  ) 
6.09	(5.0000010000e+00   5.0000000000e-03   1.0141065078e-01  ) (5.5000010000e+00   5.0000000000e-03   1.0034797450e-01  ) (6.0000010000e+00   5.0000000000e-03   1.0002565023e-01  ) (6.5000010000e+00   5.0000000000e-03   1.0000501587e-01  ) (6.9937500000e+00   5.0000000000e-03   9.9928820331e-02  ) (8.0062500000e+00   5.0000000000e-03   1.0120676217e-01  ) (9.0000010000e+00   5.0000000000e-03   1.0568267377e-01  ) (1.0200001000e+01   5.0000000000e-03   1.0001313108e-01  ) 
6.1	(5.0000010000e+00   5.0000000000e-03   1.0141525689e-01  ) (5.5000010000e+00   5.0000000000e-03   1.0032355052e-01  ) (6.0000010000e+00   5.0000000000e-03   1.0002293040e-01  ) (6.5000010000e+00   5.0000000000e-03   1.0000594203e-01  ) (6.9937500000e+00   5.0000000000e-03   9.9924117611e-02  ) (8.0062500000e+00   5.0000000000e-03   1.0116051333e-01  ) (9.0000010000e+00   5.0000000000e-03   1.0588097181e-01  ) (1.0200001000e+01   5.0000000000e-03   1.0001385895e-01  ) 
6.11	(5.0000010000e+00   5.0000000000e-03   1.0141871837e-01  ) (5.5000010000e+00   5.0000000000e-03   1.0030006126e-01  ) (6.0000010000e+00   5.0000000000e-03   1.0002019055e-01  ) (6.5000010000e+00   5.0000000000e-03   1.0000683491e-01  ) (6.9937500000e+00   5.0000000000e-03   9.9919243471e-02  ) (8.0062500000e+00   5.0000000000e-03   1.0111507484e-01  ) (9.0000010000e+00   5.0000000000e-03   1.0607858285e-01  ) (1.0200001000e+01   5.0000000000e-03   1.0001462748e-01  ) 
6.12	(5.0000010000e+00   5.0000000000e-03   1.0142103206e-01  ) (5.5000010000e+00   5.0000000000e-03   1.0027753108e-01  ) (6.0000010000e+00   5.0000000000e-03   1.0001744824e-01  ) (6.5000010000e+00   5.0000000000e-03   1.0000768212e-01  ) (6.9937500000e+00   5.0000000000e-03   9.9914188006e-02  ) (8.0062500000e+00   5.0000000000e-03   1.0107051460e-01  ) (9.0000010000e+00   5.0000000000e-03   1.0627534295e-01  ) (1.0200001000e+01   5.0000000000e-03   1.0001543897e-01  ) 
6.13	(5.0000010000e+00   5.0000000000e-03   1.0142221484e-01  ) (5.5000010000e+00   5.0000000000e-03   1.0025598125e-01  ) (6.0000010000e+00   5.0000000000e-03   1.0001472138e-01  ) (6.5000010000e+00   5.0000000000e-03   1.0000847044e-01  ) (6.9937500000e+00   5.0000000000e-03   9.9908942897e-02  ) (8.0062500000e+00   5.0000000000e-03   1.0102690768e-01  ) (9.0000010000e+00   5.0000000000e-03   1.0647098967e-01  ) (1.0200001000e+01   5.0000000000e-03   1.0001629587e-01  ) 
6.14	(5.0000010000e+00   5.0000000000e-03   1.0142223953e-01  ) (5.5000010000e+00   5.0000000000e-03   1.0023542712e-01  ) (6.0000010000e+00   5.0000000000e-03   1.0001202823e-01  ) (6.5000010000e+00   5.0000000000e-03   1.0000918603e-01  ) (6.9937500000e+00   5.0000000000e-03   9.9903499524e-02  ) (8.0062500000e+00   5.0000000000e-03   1.0098432811e-01  ) (9.0000010000e+00   5.0000000000e-03   1.0666424789e-01  ) (1.0200001000e+01   5.0000000000e-03   1.0001720075e-01  ) 
6.15	(5.0000010000e+00   5.0000000000e-03   1.0142106252e-01  ) (5.5000010000e+00   5.0000000000e-03   1.0021587991e-01  ) (6.0000010000e+00   5.0000000000e-03   1.0000938725e-01  ) (6.5000010000e+00   5.0000000000e-03   1.0000981431e-01  ) (6.9937500000e+00   5.0000000000e-03   9.9897849461e-02  ) (8.0062500000e+00   5.0000000000e-03   1.0094285959e-01  ) (9.0000010000e+00   5.0000000000e-03   1.0685398366e-01  ) (1.0200001000e+01   5.0000000000e-03   1.0001815634e-01  ) 
6.16	(5.0000010000e+00   5.0000000000e-03   1.0141861974e-01  ) (5.5000010000e+00   5.0000000000e-03   1.0019734782e-01  ) (6.0000010000e+00   5.0000000000e-03   1.0000681708e-01  ) (6.5000010000e+00   5.0000000000e-03   1.0001033995e-01  ) (6.9937500000e+00   5.0000000000e-03   9.9891983997e-02  ) (8.0062500000e+00   5.0000000000e-03   1.0090258939e-01  ) (9.0000010000e+00   5.0000000000e-03   1.0703908057e-01  ) (1.0200001000e+01   5.0000000000e-03   1.0001916554e-01  ) 
6.17	(5.0000010000e+00   5.0000000000e-03   1.0141488103e-01  ) (5.5000010000e+00   5.0000000000e-03   1.0017983573e-01  ) (6.0000010000e+00   5.0000000000e-03   1.0000433589e-01  ) (6.5000010000e+00   5.0000000000e-03   1.0001074822e-01  ) (6.9937500000e+00   5.0000000000e-03   9.9885895725e-02  ) (8.0062500000e+00   5.0000000000e-03   1.0086355948e-01  ) (9.0000010000e+00   5.0000000000e-03   1.0721837908e-01  ) (1.0200001000e+01   5.0000000000e-03   1.0002023139e-01  ) 
6.18	(5.0000010000e+00   5.0000000000e-03   1.0140985436e-01  ) (5.5000010000e+00   5.0000000000e-03   1.0016334428e-01  ) (6.0000010000e+00   5.0000000000e-03   1.0000196103e-01  ) (6.5000010000e+00   5.0000000000e-03   1.0001102970e-01  ) (6.9937500000e+00   5.0000000000e-03   9.9879578736e-02  ) (8.0062500000e+00   5.0000000000e-03   1.0082581682e-01  ) (9.0000010000e+00   5.0000000000e-03   1.0739066828e-01  ) (1.0200001000e+01   5.0000000000e-03   1.0002135712e-01  ) 
6.19	(5.0000010000e+00   5.0000000000e-03   1.0140354070e-01  ) (5.5000010000e+00   5.0000000000e-03   1.0014787059e-01  ) (6.0000010000e+00   5.0000000000e-03   9.9999708631e-02  ) (6.5000010000e+00   5.0000000000e-03   1.0001117715e-01  ) (6.9937500000e+00   5.0000000000e-03   9.9873027848e-02  ) (8.0062500000e+00   5.0000000000e-03   1.0078939131e-01  ) (9.0000010000e+00   5.0000000000e-03   1.0755473476e-01  ) (1.0200001000e+01   5.0000000000e-03   1.0002254615e-01  ) 
6.2	(5.0000010000e+00   5.0000000000e-03   1.0139593936e-01  ) (5.5000010000e+00   5.0000000000e-03   1.0013340871e-01  ) (6.0000010000e+00   5.0000000000e-03   9.9997593176e-02  ) (6.5000010000e+00   5.0000000000e-03   1.0001118093e-01  ) (6.9937500000e+00   5.0000000000e-03   9.9866240023e-02  ) (8.0062500000e+00   5.0000000000e-03   1.0075428885e-01  ) (9.0000010000e+00   5.0000000000e-03   1.0770941943e-01  ) (1.0200001000e+01   5.0000000000e-03   1.0002380210e-01  ) 
6.21	(5.0000010000e+00   5.0000000000e-03   1.0138704885e-01  ) (5.5000010000e+00   5.0000000000e-03   1.0011994884e-01  ) (6.0000010000e+00   5.0000000000e-03   9.9995627298e-02  ) (6.5000010000e+00   5.0000000000e-03   1.0001103076e-01  ) (6.9937500000e+00   5.0000000000e-03   9.9859213198e-02  ) (8.0062500000e+00   5.0000000000e-03   1.0072049965e-01  ) (9.0000010000e+00   5.0000000000e-03   1.0785365512e-01  ) (1.0200001000e+01   5.0000000000e-03   1.0002512878e-01  ) 
6.22	(5.0000010000e+00   5.0000000000e-03   1.0137687013e-01  ) (5.5000010000e+00   5.0000000000e-03   1.0010747736e-01  ) (6.0000010000e+00   5.0000000000e-03   9.9993821316e-02  ) (6.5000010000e+00   5.0000000000e-03   1.0001071629e-01  ) (6.9937500000e+00   5.0000000000e-03   9.9851944308e-02  ) (8.0062500000e+00   5.0000000000e-03   1.0068797644e-01  ) (9.0000010000e+00   5.0000000000e-03   1.0798649362e-01  ) (1.0200001000e+01   5.0000000000e-03   1.0002653024e-01  ) 
6.23	(5.0000010000e+00   5.0000000000e-03   1.0136540588e-01  ) (5.5000010000e+00   5.0000000000e-03   1.0009597740e-01  ) (6.0000010000e+00   5.0000000000e-03   9.9992183137e-02  ) (6.5000010000e+00   5.0000000000e-03   1.0001023539e-01  ) (6.9937500000e+00   5.0000000000e-03   9.9844430421e-02  ) (8.0062500000e+00   5.0000000000e-03   1.0065666600e-01  ) (9.0000010000e+00   5.0000000000e-03   1.0810709159e-01  ) (1.0200001000e+01   5.0000000000e-03   1.0002801076e-01  ) 
6.24	(5.0000010000e+00   5.0000000000e-03   1.0135266520e-01  ) (5.5000010000e+00   5.0000000000e-03   1.0008542917e-01  ) (6.0000010000e+00   5.0000000000e-03   9.9990718444e-02  ) (6.5000010000e+00   5.0000000000e-03   1.0000958648e-01  ) (6.9937500000e+00   5.0000000000e-03   9.9836673900e-02  ) (8.0062500000e+00   5.0000000000e-03   1.0062649757e-01  ) (9.0000010000e+00   5.0000000000e-03   1.0821469919e-01  ) (1.0200001000e+01   5.0000000000e-03   1.0002957486e-01  ) 
6.25	(5.0000010000e+00   5.0000000000e-03   1.0133865609e-01  ) (5.5000010000e+00   5.0000000000e-03   1.0007581026e-01  ) (6.0000010000e+00   5.0000000000e-03   9.9989430348e-02  ) (6.5000010000e+00   5.0000000000e-03   1.0000877017e-01  ) (6.9937500000e+00   5.0000000000e-03   9.9828684018e-02  ) (8.0062500000e+00   5.0000000000e-03   1.0059740759e-01  ) (9.0000010000e+00   5.0000000000e-03   1.0830865253e-01  ) (1.0200001000e+01   5.0000000000e-03   1.0003122733e-01  ) 
6.26	(5.0000010000e+00   5.0000000000e-03   1.0132339736e-01  ) (5.5000010000e+00   5.0000000000e-03   1.0006709533e-01  ) (6.0000010000e+00   5.0000000000e-03   9.9988320549e-02  ) (6.5000010000e+00   5.0000000000e-03   1.0000778926e-01  ) (6.9937500000e+00   5.0000000000e-03   9.9820454585e-02  ) (8.0062500000e+00   5.0000000000e-03   1.0056929143e-01  ) (9.0000010000e+00   5.0000000000e-03   1.0838836926e-01  ) (1.0200001000e+01   5.0000000000e-03   1.0003297324e-01  ) 
6.27	(5.0000010000e+00   5.0000000000e-03   1.0130690013e-01  ) (5.5000010000e+00   5.0000000000e-03   1.0005925660e-01  ) (6.0000010000e+00   5.0000000000e-03   9.9987388564e-02  ) (6.5000010000e+00   5.0000000000e-03   1.0000664875e-01  ) (6.9937500000e+00   5.0000000000e-03   9.9811982270e-02  ) (8.0062500000e+00   5.0000000000e-03   1.0054206055e-01  ) (9.0000010000e+00   5.0000000000e-03   1.0845338038e-01  ) (1.0200001000e+01   5.0000000000e-03   1.0003481795e-01  ) 
6.28	(5.0000010000e+00   5.0000000000e-03   1.0128918165e-01  ) (5.5000010000e+00   5.0000000000e-03   1.0005226403e-01  ) (6.0000010000e+00   5.0000000000e-03   9.9986631678e-02  ) (6.5000010000e+00   5.0000000000e-03   1.0000535562e-01  ) (6.9937500000e+00   5.0000000000e-03   9.9803263626e-02  ) (8.0062500000e+00   5.0000000000e-03   1.0051563658e-01  ) (9.0000010000e+00   5.0000000000e-03   1.0850331526e-01  ) (1.0200001000e+01   5.0000000000e-03   1.0003676713e-01  ) 
6.29	(5.0000010000e+00   5.0000000000e-03   1.0127024491e-01  ) (5.5000010000e+00   5.0000000000e-03   1.0004608557e-01  ) (6.0000010000e+00   5.0000000000e-03   9.9986045426e-02  ) (6.5000010000e+00   5.0000000000e-03   1.0000391857e-01  ) (6.9937500000e+00   5.0000000000e-03   9.9794295491e-02  ) (8.0062500000e+00   5.0000000000e-03   1.0048995561e-01  ) (9.0000010000e+00   5.0000000000e-03   1.0853776561e-01  ) (1.0200001000e+01   5.0000000000e-03   1.0003882678e-01  ) 
6.3	(5.0000010000e+00   5.0000000000e-03   1.0125010454e-01  ) (5.5000010000e+00   5.0000000000e-03   1.0004068739e-01  ) (6.0000010000e+00   5.0000000000e-03   9.9985623252e-02  ) (6.5000010000e+00   5.0000000000e-03   1.0000234780e-01  ) (6.9937500000e+00   5.0000000000e-03   9.9785078368e-02  ) (8.0062500000e+00   5.0000000000e-03   1.0046497591e-01  ) (9.0000010000e+00   5.0000000000e-03   1.0855640488e-01  ) (1.0200001000e+01   5.0000000000e-03   1.0004100325e-01  ) 
6.31	(5.0000010000e+00   5.0000000000e-03   1.0122877854e-01  ) (5.5000010000e+00   5.0000000000e-03   1.0003603397e-01  ) (6.0000010000e+00   5.0000000000e-03   9.9985356586e-02  ) (6.5000010000e+00   5.0000000000e-03   1.0000065494e-01  ) (6.9937500000e+00   5.0000000000e-03   9.9775604633e-02  ) (8.0062500000e+00   5.0000000000e-03   1.0044068400e-01  ) (9.0000010000e+00   5.0000000000e-03   1.0855980450e-01  ) (1.0200001000e+01   5.0000000000e-03   1.0004330327e-01  ) 
6.32	(5.0000010000e+00   5.0000000000e-03   1.0120629239e-01  ) (5.5000010000e+00   5.0000000000e-03   1.0003208854e-01  ) (6.0000010000e+00   5.0000000000e-03   9.9985233863e-02  ) (6.5000010000e+00   5.0000000000e-03   9.9998852674e-02  ) (6.9937500000e+00   5.0000000000e-03   9.9765862934e-02  ) (8.0062500000e+00   5.0000000000e-03   1.0041707641e-01  ) (9.0000010000e+00   5.0000000000e-03   1.0854759145e-01  ) (1.0200001000e+01   5.0000000000e-03   1.0004573393e-01  ) 
6.33	(5.0000010000e+00   5.0000000000e-03   1.0118267493e-01  ) (5.5000010000e+00   5.0000000000e-03   1.0002881269e-01  ) (6.0000010000e+00   5.0000000000e-03   9.9985244456e-02  ) (6.5000010000e+00   5.0000000000e-03   9.9996954419e-02  ) (6.9937500000e+00   5.0000000000e-03   9.9755838090e-02  ) (8.0062500000e+00   5.0000000000e-03   1.0039416720e-01  ) (9.0000010000e+00   5.0000000000e-03   1.0851893639e-01  ) (1.0200001000e+01   5.0000000000e-03   1.0004830274e-01  ) 
6.34	(5.0000010000e+00   5.0000000000e-03   1.0115796088e-01  ) (5.5000010000e+00   5.0000000000e-03   1.0002616694e-01  ) (6.0000010000e+00   5.0000000000e-03   9.9985380752e-02  ) (6.5000010000e+00   5.0000000000e-03   9.9994974130e-02  ) (6.9937500000e+00   5.0000000000e-03   9.9745512885e-02  ) (8.0062500000e+00   5.0000000000e-03   1.0037199837e-01  ) (9.0000010000e+00   5.0000000000e-03   1.0847365191e-01  ) (1.0200001000e+01   5.0000000000e-03   1.0005101767e-01  ) 
6.35	(5.0000010000e+00   5.0000000000e-03   1.0113219020e-01  ) (5.5000010000e+00   5.0000000000e-03   1.0002411102e-01  ) (6.0000010000e+00   5.0000000000e-03   9.9985633181e-02  ) (6.5000010000e+00   5.0000000000e-03   9.9992925911e-02  ) (6.9937500000e+00   5.0000000000e-03   9.9734869536e-02  ) (8.0062500000e+00   5.0000000000e-03   1.0035062051e-01  ) (9.0000010000e+00   5.0000000000e-03   1.0841234986e-01  ) (1.0200001000e+01   5.0000000000e-03   1.0005388713e-01  ) 
6.36	(5.0000010000e+00   5.0000000000e-03   1.0110540941e-01  ) (5.5000010000e+00   5.0000000000e-03   1.0002260156e-01  ) (6.0000010000e+00   5.0000000000e-03   9.9985987546e-02  ) (6.5000010000e+00   5.0000000000e-03   9.9990823634e-02  ) (6.9937500000e+00   5.0000000000e-03   9.9723886569e-02  ) (8.0062500000e+00   5.0000000000e-03   1.0033009378e-01  ) (9.0000010000e+00   5.0000000000e-03   1.0833555866e-01  ) (1.0200001000e+01   5.0000000000e-03   1.0005692001e-01  ) 
6.37	(5.0000010000e+00   5.0000000000e-03   1.0107767090e-01  ) (5.5000010000e+00   5.0000000000e-03   1.0002159337e-01  ) (6.0000010000e+00   5.0000000000e-03   9.9986429337e-02  ) (6.5000010000e+00   5.0000000000e-03   9.9988680549e-02  ) (6.9937500000e+00   5.0000000000e-03   9.9712556401e-02  ) (8.0062500000e+00   5.0000000000e-03   1.0031045594e-01  ) (9.0000010000e+00   5.0000000000e-03   1.0824387627e-01  ) (1.0200001000e+01   5.0000000000e-03   1.0006012573e-01  ) 
6.38	(5.0000010000e+00   5.0000000000e-03   1.0104903324e-01  ) (5.5000010000e+00   5.0000000000e-03   1.0002103555e-01  ) (6.0000010000e+00   5.0000000000e-03   9.9986944444e-02  ) (6.5000010000e+00   5.0000000000e-03   9.9986508904e-02  ) (6.9937500000e+00   5.0000000000e-03   9.9700865671e-02  ) (8.0062500000e+00   5.0000000000e-03   1.0029174201e-01  ) (9.0000010000e+00   5.0000000000e-03   1.0813800236e-01  ) (1.0200001000e+01   5.0000000000e-03   1.0006351421e-01  ) 
6.39	(5.0000010000e+00   5.0000000000e-03   1.0101956075e-01  ) (5.5000010000e+00   5.0000000000e-03   1.0002087456e-01  ) (6.0000010000e+00   5.0000000000e-03   9.9987519522e-02  ) (6.5000010000e+00   5.0000000000e-03   9.9984319627e-02  ) (6.9937500000e+00   5.0000000000e-03   9.9688796756e-02  ) (8.0062500000e+00   5.0000000000e-03   1.0027397755e-01  ) (9.0000010000e+00   5.0000000000e-03   1.0801872323e-01  ) (1.0200001000e+01   5.0000000000e-03   1.0006709600e-01  ) 
6.4	(5.0000010000e+00   5.0000000000e-03   1.0098932329e-01  ) (5.5000010000e+00   5.0000000000e-03   1.0002106903e-01  ) (6.0000010000e+00   5.0000000000e-03   9.9988141559e-02  ) (6.5000010000e+00   5.0000000000e-03   9.9982122015e-02  ) (6.9937500000e+00   5.0000000000e-03   9.9676328227e-02  ) (8.0062500000e+00   5.0000000000e-03   1.0025716470e-01  ) (9.0000010000e+00   5.0000000000e-03   1.0788689943e-01  ) (1.0200001000e+01   5.0000000000e-03   1.0007088219e-01  ) 
6.41	(5.0000010000e+00   5.0000000000e-03   1.0095839646e-01  ) (5.5000010000e+00   5.0000000000e-03   1.0002158545e-01  ) (6.0000010000e+00   5.0000000000e-03   9.9988798390e-02  ) (6.5000010000e+00   5.0000000000e-03   9.9979923393e-02  ) (6.9937500000e+00   5.0000000000e-03   9.9663444143e-02  ) (8.0062500000e+00   5.0000000000e-03   1.0024131764e-01  ) (9.0000010000e+00   5.0000000000e-03   1.0774346108e-01  ) (1.0200001000e+01   5.0000000000e-03   1.0007488455e-01  ) 
6.42	(5.0000010000e+00   5.0000000000e-03   1.0092686058e-01  ) (5.5000010000e+00   5.0000000000e-03   1.0002238037e-01  ) (6.0000010000e+00   5.0000000000e-03   9.9989478586e-02  ) (6.5000010000e+00   5.0000000000e-03   9.9977728877e-02  ) (6.9937500000e+00   5.0000000000e-03   9.9650132272e-02  ) (8.0062500000e+00   5.0000000000e-03   1.0022646999e-01  ) (9.0000010000e+00   5.0000000000e-03   1.0758937696e-01  ) (1.0200001000e+01   5.0000000000e-03   1.0007911549e-01  ) 
6.43	(5.0000010000e+00   5.0000000000e-03   1.0089480100e-01  ) (5.5000010000e+00   5.0000000000e-03   1.0002340295e-01  ) (6.0000010000e+00   5.0000000000e-03   9.9990171620e-02  ) (6.5000010000e+00   5.0000000000e-03   9.9975541277e-02  ) (6.9937500000e+00   5.0000000000e-03   9.9636379931e-02  ) (8.0062500000e+00   5.0000000000e-03   1.0021257233e-01  ) (9.0000010000e+00   5.0000000000e-03   1.0742566178e-01  ) (1.0200001000e+01   5.0000000000e-03   1.0008358817e-01  ) 
6.44	(5.0000010000e+00   5.0000000000e-03   1.0086230688e-01  ) (5.5000010000e+00   5.0000000000e-03   1.0002460534e-01  ) (6.0000010000e+00   5.0000000000e-03   9.9990867730e-02  ) (6.5000010000e+00   5.0000000000e-03   9.9973360999e-02  ) (6.9937500000e+00   5.0000000000e-03   9.9622174803e-02  ) (8.0062500000e+00   5.0000000000e-03   1.0019954789e-01  ) (9.0000010000e+00   5.0000000000e-03   1.0725334104e-01  ) (1.0200001000e+01   5.0000000000e-03   1.0008831650e-01  ) 
6.45	(5.0000010000e+00   5.0000000000e-03   1.0082947063e-01  ) (5.5000010000e+00   5.0000000000e-03   1.0002594177e-01  ) (6.0000010000e+00   5.0000000000e-03   9.9991558068e-02  ) (6.5000010000e+00   5.0000000000e-03   9.9971186303e-02  ) (6.9937500000e+00   5.0000000000e-03   9.9607508586e-02  ) (8.0062500000e+00   5.0000000000e-03   1.0018730504e-01  ) (9.0000010000e+00   5.0000000000e-03   1.0707350951e-01  ) (1.0200001000e+01   5.0000000000e-03   1.0009331509e-01  ) 
6.46	(5.0000010000e+00   5.0000000000e-03   1.0079638728e-01  ) (5.5000010000e+00   5.0000000000e-03   1.0002736773e-01  ) (6.0000010000e+00   5.0000000000e-03   9.9992234523e-02  ) (6.5000010000e+00   5.0000000000e-03   9.9969013005e-02  ) (6.9937500000e+00   5.0000000000e-03   9.9592379668e-02  ) (8.0062500000e+00   5.0000000000e-03   1.0017573833e-01  ) (9.0000010000e+00   5.0000000000e-03   1.0688768879e-01  ) (1.0200001000e+01   5.0000000000e-03   1.0009859944e-01  ) 
6.47	(5.0000010000e+00   5.0000000000e-03   1.0076315376e-01  ) (5.5000010000e+00   5.0000000000e-03   1.0002884052e-01  ) (6.0000010000e+00   5.0000000000e-03   9.9992889779e-02  ) (6.5000010000e+00   5.0000000000e-03   9.9966835173e-02  ) (6.9937500000e+00   5.0000000000e-03   9.9576790947e-02  ) (8.0062500000e+00   5.0000000000e-03   1.0016474666e-01  ) (9.0000010000e+00   5.0000000000e-03   1.0669848620e-01  ) (1.0200001000e+01   5.0000000000e-03   1.0010418592e-01  ) 
6.48	(5.0000010000e+00   5.0000000000e-03   1.0072986798e-01  ) (5.5000010000e+00   5.0000000000e-03   1.0003031898e-01  ) (6.0000010000e+00   5.0000000000e-03   9.9993517168e-02  ) (6.5000010000e+00   5.0000000000e-03   9.9964645089e-02  ) (6.9937500000e+00   5.0000000000e-03   9.9560746455e-02  ) (8.0062500000e+00   5.0000000000e-03   1.0015421317e-01  ) (9.0000010000e+00   5.0000000000e-03   1.0650879285e-01  ) (1.0200001000e+01   5.0000000000e-03   1.0011009177e-01  ) 
6.49	(5.0000010000e+00   5.0000000000e-03   1.0069662814e-01  ) (5.5000010000e+00   5.0000000000e-03   1.0003176390e-01  ) (6.0000010000e+00   5.0000000000e-03   9.9994110680e-02  ) (6.5000010000e+00   5.0000000000e-03   9.9962433545e-02  ) (6.9937500000e+00   5.0000000000e-03   9.9544250442e-02  ) (8.0062500000e+00   5.0000000000e-03   1.0014403606e-01  ) (9.0000010000e+00   5.0000000000e-03   1.0631885115e-01  ) (1.0200001000e+01   5.0000000000e-03   1.0011633525e-01  ) 
6.5	(5.0000010000e+00   5.0000000000e-03   1.0066353175e-01  ) (5.5000010000e+00   5.0000000000e-03   1.0003313819e-01  ) (6.0000010000e+00   5.0000000000e-03   9.9994664730e-02  ) (6.5000010000e+00   5.0000000000e-03   9.9960190174e-02  ) (6.9937500000e+00   5.0000000000e-03   9.9527318125e-02  ) (8.0062500000e+00   5.0000000000e-03   1.0013415106e-01  ) (9.0000010000e+00   5.0000000000e-03   1.0612769475e-01  ) (1.0200001000e+01   5.0000000000e-03   1.0012293553e-01  ) 
6.51	(5.0000010000e+00   5.0000000000e-03   1.0063067500e-01  ) (5.5000010000e+00   5.0000000000e-03   1.0003440690e-01  ) (6.0000010000e+00   5.0000000000e-03   9.9995174179e-02  ) (6.5000010000e+00   5.0000000000e-03   9.9957903802e-02  ) (6.9937500000e+00   5.0000000000e-03   9.9509958600e-02  ) (8.0062500000e+00   5.0000000000e-03   1.0012451381e-01  ) (9.0000010000e+00   5.0000000000e-03   1.0593566101e-01  ) (1.0200001000e+01   5.0000000000e-03   1.0012991294e-01  ) 
6.52	(5.0000010000e+00   5.0000000000e-03   1.0059815133e-01  ) (5.5000010000e+00   5.0000000000e-03   1.0003553753e-01  ) (6.0000010000e+00   5.0000000000e-03   9.9995634431e-02  ) (6.5000010000e+00   5.0000000000e-03   9.9955562808e-02  ) (6.9937500000e+00   5.0000000000e-03   9.9492182183e-02  ) (8.0062500000e+00   5.0000000000e-03   1.0011510791e-01  ) (9.0000010000e+00   5.0000000000e-03   1.0574391531e-01  ) (1.0200001000e+01   5.0000000000e-03   1.0013728884e-01  ) 
6.53	(5.0000010000e+00   5.0000000000e-03   1.0056605117e-01  ) (5.5000010000e+00   5.0000000000e-03   1.0003650034e-01  ) (6.0000010000e+00   5.0000000000e-03   9.9996041389e-02  ) (6.5000010000e+00   5.0000000000e-03   9.9953155432e-02  ) (6.9937500000e+00   5.0000000000e-03   9.9474013793e-02  ) (8.0062500000e+00   5.0000000000e-03   1.0010593370e-01  ) (9.0000010000e+00   5.0000000000e-03   1.0555336683e-01  ) (1.0200001000e+01   5.0000000000e-03   1.0014508579e-01  ) 
6.54	(5.0000010000e+00   5.0000000000e-03   1.0053446055e-01  ) (5.5000010000e+00   5.0000000000e-03   1.0003726915e-01  ) (6.0000010000e+00   5.0000000000e-03   9.9996391227e-02  ) (6.5000010000e+00   5.0000000000e-03   9.9950670054e-02  ) (6.9937500000e+00   5.0000000000e-03   9.9455469426e-02  ) (8.0062500000e+00   5.0000000000e-03   1.0009698720e-01  ) (9.0000010000e+00   5.0000000000e-03   1.0536481579e-01  ) (1.0200001000e+01   5.0000000000e-03   1.0015332760e-01  ) 
6.55	(5.0000010000e+00   5.0000000000e-03   1.0050346076e-01  ) (5.5000010000e+00   5.0000000000e-03   1.0003782066e-01  ) (6.0000010000e+00   5.0000000000e-03   9.9996680793e-02  ) (6.5000010000e+00   5.0000000000e-03   9.9948095440e-02  ) (6.9937500000e+00   5.0000000000e-03   9.9436562931e-02  ) (8.0062500000e+00   5.0000000000e-03   1.0008829756e-01  ) (9.0000010000e+00   5.0000000000e-03   1.0517906422e-01  ) (1.0200001000e+01   5.0000000000e-03   1.0016203926e-01  ) 
6.56	(5.0000010000e+00   5.0000000000e-03   1.0047312741e-01  ) (5.5000010000e+00   5.0000000000e-03   1.0003813963e-01  ) (6.0000010000e+00   5.0000000000e-03   9.9996907242e-02  ) (6.5000010000e+00   5.0000000000e-03   9.9945420925e-02  ) (6.9937500000e+00   5.0000000000e-03   9.9417316674e-02  ) (8.0062500000e+00   5.0000000000e-03   1.0007991481e-01  ) (9.0000010000e+00   5.0000000000e-03   1.0499684826e-01  ) (1.0200001000e+01   5.0000000000e-03   1.0017124720e-01  ) 
6.57	(5.0000010000e+00   5.0000000000e-03   1.0044352957e-01  ) (5.5000010000e+00   5.0000000000e-03   1.0003821537e-01  ) (6.0000010000e+00   5.0000000000e-03   9.9997068436e-02  ) (6.5000010000e+00   5.0000000000e-03   9.9942636608e-02  ) (6.9937500000e+00   5.0000000000e-03   9.9397749204e-02  ) (8.0062500000e+00   5.0000000000e-03   1.0007190906e-01  ) (9.0000010000e+00   5.0000000000e-03   1.0481887060e-01  ) (1.0200001000e+01   5.0000000000e-03   1.0018097915e-01  ) 
6.58	(5.0000010000e+00   5.0000000000e-03   1.0041472969e-01  ) (5.5000010000e+00   5.0000000000e-03   1.0003803100e-01  ) (6.0000010000e+00   5.0000000000e-03   9.9997163639e-02  ) (6.5000010000e+00   5.0000000000e-03   9.9939733413e-02  ) (6.9937500000e+00   5.0000000000e-03   9.9377882866e-02  ) (8.0062500000e+00   5.0000000000e-03   1.0006433100e-01  ) (9.0000010000e+00   5.0000000000e-03   1.0464579052e-01  ) (1.0200001000e+01   5.0000000000e-03   1.0019126432e-01  ) 
6.59	(5.0000010000e+00   5.0000000000e-03   1.0038678309e-01  ) (5.5000010000e+00   5.0000000000e-03   1.0003757018e-01  ) (6.0000010000e+00   5.0000000000e-03   9.9997194263e-02  ) (6.5000010000e+00   5.0000000000e-03   9.9936703130e-02  ) (6.9937500000e+00   5.0000000000e-03   9.9357743968e-02  ) (8.0062500000e+00   5.0000000000e-03   1.0005721904e-01  ) (9.0000010000e+00   5.0000000000e-03   1.0447826409e-01  ) (1.0200001000e+01   5.0000000000e-03   1.0020213354e-01  ) 
6.6	(5.0000010000e+00   5.0000000000e-03   1.0035973688e-01  ) (5.5000010000e+00   5.0000000000e-03   1.0003682011e-01  ) (6.0000010000e+00   5.0000000000e-03   9.9997159100e-02  ) (6.5000010000e+00   5.0000000000e-03   9.9933538459e-02  ) (6.9937500000e+00   5.0000000000e-03   9.9337353190e-02  ) (8.0062500000e+00   5.0000000000e-03   1.0005059458e-01  ) (9.0000010000e+00   5.0000000000e-03   1.0431688039e-01  ) (1.0200001000e+01   5.0000000000e-03   1.0021361907e-01  ) 
6.61	(5.0000010000e+00   5.0000000000e-03   1.0033362932e-01  ) (5.5000010000e+00   5.0000000000e-03   1.0003578221e-01  ) (6.0000010000e+00   5.0000000000e-03   9.9997056381e-02  ) (6.5000010000e+00   5.0000000000e-03   9.9930232893e-02  ) (6.9937500000e+00   5.0000000000e-03   9.9316736943e-02  ) (8.0062500000e+00   5.0000000000e-03   1.0004447456e-01  ) (9.0000010000e+00   5.0000000000e-03   1.0416267953e-01  ) (1.0200001000e+01   5.0000000000e-03   1.0022575491e-01  ) 
6.62	(5.0000010000e+00   5.0000000000e-03   1.0030849058e-01  ) (5.5000010000e+00   5.0000000000e-03   1.0003446027e-01  ) (6.0000010000e+00   5.0000000000e-03   9.9996885901e-02  ) (6.5000010000e+00   5.0000000000e-03   9.9926780623e-02  ) (6.9937500000e+00   5.0000000000e-03   9.9295923512e-02  ) (8.0062500000e+00   5.0000000000e-03   1.0003888054e-01  ) (9.0000010000e+00   5.0000000000e-03   1.0401702856e-01  ) (1.0200001000e+01   5.0000000000e-03   1.0023857677e-01  ) 
6.63	(5.0000010000e+00   5.0000000000e-03   1.0028434190e-01  ) (5.5000010000e+00   5.0000000000e-03   1.0003286109e-01  ) (6.0000010000e+00   5.0000000000e-03   9.9996650501e-02  ) (6.5000010000e+00   5.0000000000e-03   9.9923176372e-02  ) (6.9937500000e+00   5.0000000000e-03   9.9274941472e-02  ) (8.0062500000e+00   5.0000000000e-03   1.0003383268e-01  ) (9.0000010000e+00   5.0000000000e-03   1.0387995877e-01  ) (1.0200001000e+01   5.0000000000e-03   1.0025212214e-01  ) 
6.64	(5.0000010000e+00   5.0000000000e-03   1.0026119559e-01  ) (5.5000010000e+00   5.0000000000e-03   1.0003099488e-01  ) (6.0000010000e+00   5.0000000000e-03   9.9996354135e-02  ) (6.5000010000e+00   5.0000000000e-03   9.9919415149e-02  ) (6.9937500000e+00   5.0000000000e-03   9.9253819680e-02  ) (8.0062500000e+00   5.0000000000e-03   1.0002934812e-01  ) (9.0000010000e+00   5.0000000000e-03   1.0375074480e-01  ) (1.0200001000e+01   5.0000000000e-03   1.0026643041e-01  ) 
6.65	(5.0000010000e+00   5.0000000000e-03   1.0023905662e-01  ) (5.5000010000e+00   5.0000000000e-03   1.0002887549e-01  ) (6.0000010000e+00   5.0000000000e-03   9.9996001660e-02  ) (6.5000010000e+00   5.0000000000e-03   9.9915492008e-02  ) (6.9937500000e+00   5.0000000000e-03   9.9232582676e-02  ) (8.0062500000e+00   5.0000000000e-03   1.0002541291e-01  ) (9.0000010000e+00   5.0000000000e-03   1.0362892877e-01  ) (1.0200001000e+01   5.0000000000e-03   1.0028154283e-01  ) 
6.66	(5.0000010000e+00   5.0000000000e-03   1.0021792071e-01  ) (5.5000010000e+00   5.0000000000e-03   1.0002652008e-01  ) (6.0000010000e+00   5.0000000000e-03   9.9995598828e-02  ) (6.5000010000e+00   5.0000000000e-03   9.9911401714e-02  ) (6.9937500000e+00   5.0000000000e-03   9.9211260499e-02  ) (8.0062500000e+00   5.0000000000e-03   1.0002198862e-01  ) (9.0000010000e+00   5.0000000000e-03   1.0351472517e-01  ) (1.0200001000e+01   5.0000000000e-03   1.0029750271e-01  ) 
6.67	(5.0000010000e+00   5.0000000000e-03   1.0019777707e-01  ) (5.5000010000e+00   5.0000000000e-03   1.0002394901e-01  ) (6.0000010000e+00   5.0000000000e-03   9.9995152297e-02  ) (6.5000010000e+00   5.0000000000e-03   9.9907138475e-02  ) (6.9937500000e+00   5.0000000000e-03   9.9189885288e-02  ) (8.0062500000e+00   5.0000000000e-03   1.0001905581e-01  ) (9.0000010000e+00   5.0000000000e-03   1.0340816793e-01  ) (1.0200001000e+01   5.0000000000e-03   1.0031435538e-01  ) 
6.68	(5.0000010000e+00   5.0000000000e-03   1.0017861005e-01  ) (5.5000010000e+00   5.0000000000e-03   1.0002118544e-01  ) (6.0000010000e+00   5.0000000000e-03   9.9994669471e-02  ) (6.5000010000e+00   5.0000000000e-03   9.9902695613e-02  ) (6.9937500000e+00   5.0000000000e-03   9.9168492307e-02  ) (8.0062500000e+00   5.0000000000e-03   1.0001659774e-01  ) (9.0000010000e+00   5.0000000000e-03   1.0330923586e-01  ) (1.0200001000e+01   5.0000000000e-03   1.0033214833e-01  ) 
6.69	(5.0000010000e+00   5.0000000000e-03   1.0016039906e-01  ) (5.5000010000e+00   5.0000000000e-03   1.0001825500e-01  ) (6.0000010000e+00   5.0000000000e-03   9.9994158399e-02  ) (6.5000010000e+00   5.0000000000e-03   9.9898065287e-02  ) (6.9937500000e+00   5.0000000000e-03   9.9147118513e-02  ) (8.0062500000e+00   5.0000000000e-03   1.0001459376e-01  ) (9.0000010000e+00   5.0000000000e-03   1.0321784847e-01  ) (1.0200001000e+01   5.0000000000e-03   1.0035093125e-01  ) 
6.7	(5.0000010000e+00   5.0000000000e-03   1.0014311981e-01  ) (5.5000010000e+00   5.0000000000e-03   1.0001518538e-01  ) (6.0000010000e+00   5.0000000000e-03   9.9993627464e-02  ) (6.5000010000e+00   5.0000000000e-03   9.9893238285e-02  ) (6.9937500000e+00   5.0000000000e-03   9.9125789921e-02  ) (8.0062500000e+00   5.0000000000e-03   1.0001300858e-01  ) (9.0000010000e+00   5.0000000000e-03   1.0313387145e-01  ) (1.0200001000e+01   5.0000000000e-03   1.0037075602e-01  ) 
6.71	(5.0000010000e+00   5.0000000000e-03   1.0012674743e-01  ) (5.5000010000e+00   5.0000000000e-03   1.0001200582e-01  ) (6.0000010000e+00   5.0000000000e-03   9.9993085220e-02  ) (6.5000010000e+00   5.0000000000e-03   9.9888203816e-02  ) (6.9937500000e+00   5.0000000000e-03   9.9104535789e-02  ) (8.0062500000e+00   5.0000000000e-03   1.0001180456e-01  ) (9.0000010000e+00   5.0000000000e-03   1.0305711510e-01  ) (1.0200001000e+01   5.0000000000e-03   1.0039167697e-01  ) 
6.72	(5.0000010000e+00   5.0000000000e-03   1.0011125120e-01  ) (5.5000010000e+00   5.0000000000e-03   1.0000874664e-01  ) (6.0000010000e+00   5.0000000000e-03   9.9992540046e-02  ) (6.5000010000e+00   5.0000000000e-03   9.9882949456e-02  ) (6.9937500000e+00   5.0000000000e-03   9.9083446319e-02  ) (8.0062500000e+00   5.0000000000e-03   1.0001093969e-01  ) (9.0000010000e+00   5.0000000000e-03   1.0298734007e-01  ) (1.0200001000e+01   5.0000000000e-03   1.0041375074e-01  ) 
6.73	(5.0000010000e+00   5.0000000000e-03   1.0009659980e-01  ) (5.5000010000e+00   5.0000000000e-03   1.0000543891e-01  ) (6.0000010000e+00   5.0000000000e-03   9.9991999873e-02  ) (6.5000010000e+00   5.0000000000e-03   9.9877461134e-02  ) (6.9937500000e+00   5.0000000000e-03   9.9062509105e-02  ) (8.0062500000e+00   5.0000000000e-03   1.0001040646e-01  ) (9.0000010000e+00   5.0000000000e-03   1.0292425105e-01  ) (1.0200001000e+01   5.0000000000e-03   1.0043703644e-01  ) 
6.74	(5.0000010000e+00   5.0000000000e-03   1.0008277033e-01  ) (5.5000010000e+00   5.0000000000e-03   1.0000211387e-01  ) (6.0000010000e+00   5.0000000000e-03   9.9991471780e-02  ) (6.5000010000e+00   5.0000000000e-03   9.9871723242e-02  ) (6.9937500000e+00   5.0000000000e-03   9.9041834740e-02  ) (8.0062500000e+00   5.0000000000e-03   1.0001019360e-01  ) (9.0000010000e+00   5.0000000000e-03   1.0286750852e-01  ) (1.0200001000e+01   5.0000000000e-03   1.0046159571e-01  ) 
6.75	(5.0000010000e+00   5.0000000000e-03   1.0006973876e-01  ) (5.5000010000e+00   5.0000000000e-03   9.9998802571e-02  ) (6.0000010000e+00   5.0000000000e-03   9.9990961700e-02  ) (6.5000010000e+00   5.0000000000e-03   9.9865718824e-02  ) (6.9937500000e+00   5.0000000000e-03   9.9021624048e-02  ) (8.0062500000e+00   5.0000000000e-03   1.0001029228e-01  ) (9.0000010000e+00   5.0000000000e-03   1.0281673028e-01  ) (1.0200001000e+01   5.0000000000e-03   1.0048749266e-01  ) 
6.76	(5.0000010000e+00   5.0000000000e-03   1.0005748427e-01  ) (5.5000010000e+00   5.0000000000e-03   9.9995535573e-02  ) (6.0000010000e+00   5.0000000000e-03   9.9990474058e-02  ) (6.5000010000e+00   5.0000000000e-03   9.9859429838e-02  ) (6.9937500000e+00   5.0000000000e-03   9.9001925619e-02  ) (8.0062500000e+00   5.0000000000e-03   1.0001069137e-01  ) (9.0000010000e+00   5.0000000000e-03   1.0277149146e-01  ) (1.0200001000e+01   5.0000000000e-03   1.0051479404e-01  ) 
6.77	(5.0000010000e+00   5.0000000000e-03   1.0004599012e-01  ) (5.5000010000e+00   5.0000000000e-03   9.9992342478e-02  ) (6.0000010000e+00   5.0000000000e-03   9.9990011458e-02  ) (6.5000010000e+00   5.0000000000e-03   9.9852837604e-02  ) (6.9937500000e+00   5.0000000000e-03   9.8982661802e-02  ) (8.0062500000e+00   5.0000000000e-03   1.0001135840e-01  ) (9.0000010000e+00   5.0000000000e-03   1.0273133605e-01  ) (1.0200001000e+01   5.0000000000e-03   1.0054356913e-01  ) 
6.78	(5.0000010000e+00   5.0000000000e-03   1.0003524301e-01  ) (5.5000010000e+00   5.0000000000e-03   9.9989251831e-02  ) (6.0000010000e+00   5.0000000000e-03   9.9989574462e-02  ) (6.5000010000e+00   5.0000000000e-03   9.9845923188e-02  ) (6.9937500000e+00   5.0000000000e-03   9.8963857846e-02  ) (8.0062500000e+00   5.0000000000e-03   1.0001230460e-01  ) (9.0000010000e+00   5.0000000000e-03   1.0269577373e-01  ) (1.0200001000e+01   5.0000000000e-03   1.0057388984e-01  ) 
6.79	(5.0000010000e+00   5.0000000000e-03   1.0002523421e-01  ) (5.5000010000e+00   5.0000000000e-03   9.9986290623e-02  ) (6.0000010000e+00   5.0000000000e-03   9.9989161260e-02  ) (6.5000010000e+00   5.0000000000e-03   9.9838667848e-02  ) (6.9937500000e+00   5.0000000000e-03   9.8945530870e-02  ) (8.0062500000e+00   5.0000000000e-03   1.0001354249e-01  ) (9.0000010000e+00   5.0000000000e-03   1.0266429383e-01  ) (1.0200001000e+01   5.0000000000e-03   1.0060583064e-01  ) 
6.8	(5.0000010000e+00   5.0000000000e-03   1.0001596011e-01  ) (5.5000010000e+00   5.0000000000e-03   9.9983484508e-02  ) (6.0000010000e+00   5.0000000000e-03   9.9988767811e-02  ) (6.5000010000e+00   5.0000000000e-03   9.9831053536e-02  ) (6.9937500000e+00   5.0000000000e-03   9.8927731705e-02  ) (8.0062500000e+00   5.0000000000e-03   1.0001503386e-01  ) (9.0000010000e+00   5.0000000000e-03   1.0263636064e-01  ) (1.0200001000e+01   5.0000000000e-03   1.0063946870e-01  ) 
6.81	(5.0000010000e+00   5.0000000000e-03   1.0000742248e-01  ) (5.5000010000e+00   5.0000000000e-03   9.9980857004e-02  ) (6.0000010000e+00   5.0000000000e-03   9.9988387500e-02  ) (6.5000010000e+00   5.0000000000e-03   9.9823063341e-02  ) (6.9937500000e+00   5.0000000000e-03   9.8910505831e-02  ) (8.0062500000e+00   5.0000000000e-03   1.0001676268e-01  ) (9.0000010000e+00   5.0000000000e-03   1.0261142740e-01  ) (1.0200001000e+01   5.0000000000e-03   1.0067488383e-01  ) 
6.82	(5.0000010000e+00   5.0000000000e-03   9.9999625609e-02  ) (5.5000010000e+00   5.0000000000e-03   9.9978430073e-02  ) (6.0000010000e+00   5.0000000000e-03   9.9988011336e-02  ) (6.5000010000e+00   5.0000000000e-03   9.9814681951e-02  ) (6.9937500000e+00   5.0000000000e-03   9.8893880804e-02  ) (8.0062500000e+00   5.0000000000e-03   1.0001872648e-01  ) (9.0000010000e+00   5.0000000000e-03   1.0258893855e-01  ) (1.0200001000e+01   5.0000000000e-03   1.0071215810e-01  ) 
6.83	(5.0000010000e+00   5.0000000000e-03   9.9992575829e-02  ) (5.5000010000e+00   5.0000000000e-03   9.9976223396e-02  ) (6.0000010000e+00   5.0000000000e-03   9.9987628231e-02  ) (6.5000010000e+00   5.0000000000e-03   9.9805896051e-02  ) (6.9937500000e+00   5.0000000000e-03   9.8877897897e-02  ) (8.0062500000e+00   5.0000000000e-03   1.0002089494e-01  ) (9.0000010000e+00   5.0000000000e-03   1.0256833536e-01  ) (1.0200001000e+01   5.0000000000e-03   1.0075137619e-01  ) 
6.84	(5.0000010000e+00   5.0000000000e-03   9.9986282615e-02  ) (5.5000010000e+00   5.0000000000e-03   9.9974253825e-02  ) (6.0000010000e+00   5.0000000000e-03   9.9987225268e-02  ) (6.5000010000e+00   5.0000000000e-03   9.9796694612e-02  ) (6.9937500000e+00   5.0000000000e-03   9.8862605111e-02  ) (8.0062500000e+00   5.0000000000e-03   1.0002325862e-01  ) (9.0000010000e+00   5.0000000000e-03   1.0254906410e-01  ) (1.0200001000e+01   5.0000000000e-03   1.0079262536e-01  ) 
6.85	(5.0000010000e+00   5.0000000000e-03   9.9980758291e-02  ) (5.5000010000e+00   5.0000000000e-03   9.9972535076e-02  ) (6.0000010000e+00   5.0000000000e-03   9.9986788014e-02  ) (6.5000010000e+00   5.0000000000e-03   9.9787069165e-02  ) (6.9937500000e+00   5.0000000000e-03   9.8848053155e-02  ) (8.0062500000e+00   5.0000000000e-03   1.0002579637e-01  ) (9.0000010000e+00   5.0000000000e-03   1.0253057336e-01  ) (1.0200001000e+01   5.0000000000e-03   1.0083599502e-01  ) 
6.86	(5.0000010000e+00   5.0000000000e-03   9.9976015333e-02  ) (5.5000010000e+00   5.0000000000e-03   9.9971077467e-02  ) (6.0000010000e+00   5.0000000000e-03   9.9986300718e-02  ) (6.5000010000e+00   5.0000000000e-03   9.9777013929e-02  ) (6.9937500000e+00   5.0000000000e-03   9.8834304365e-02  ) (8.0062500000e+00   5.0000000000e-03   1.0002848537e-01  ) (9.0000010000e+00   5.0000000000e-03   1.0251233030e-01  ) (1.0200001000e+01   5.0000000000e-03   1.0088157600e-01  ) 
6.87	(5.0000010000e+00   5.0000000000e-03   9.9972065210e-02  ) (5.5000010000e+00   5.0000000000e-03   9.9969887855e-02  ) (6.0000010000e+00   5.0000000000e-03   9.9985747159e-02  ) (6.5000010000e+00   5.0000000000e-03   9.9766525920e-02  ) (6.9937500000e+00   5.0000000000e-03   9.8821408953e-02  ) (8.0062500000e+00   5.0000000000e-03   1.0003129159e-01  ) (9.0000010000e+00   5.0000000000e-03   1.0249381369e-01  ) (1.0200001000e+01   5.0000000000e-03   1.0092946010e-01  ) 
6.88	(5.0000010000e+00   5.0000000000e-03   9.9968916339e-02  ) (5.5000010000e+00   5.0000000000e-03   9.9968969618e-02  ) (6.0000010000e+00   5.0000000000e-03   9.9985111014e-02  ) (6.5000010000e+00   5.0000000000e-03   9.9755604898e-02  ) (6.9937500000e+00   5.0000000000e-03   9.8809427767e-02  ) (8.0062500000e+00   5.0000000000e-03   1.0003416225e-01  ) (9.0000010000e+00   5.0000000000e-03   1.0247452071e-01  ) (1.0200001000e+01   5.0000000000e-03   1.0097973441e-01  ) 
6.89	(5.0000010000e+00   5.0000000000e-03   9.9966572823e-02  ) (5.5000010000e+00   5.0000000000e-03   9.9968322628e-02  ) (6.0000010000e+00   5.0000000000e-03   9.9984376371e-02  ) (6.5000010000e+00   5.0000000000e-03   9.9744253290e-02  ) (6.9937500000e+00   5.0000000000e-03   9.8798427885e-02  ) (8.0062500000e+00   5.0000000000e-03   1.0003703495e-01  ) (9.0000010000e+00   5.0000000000e-03   1.0245397090e-01  ) (1.0200001000e+01   5.0000000000e-03   1.0103250214e-01  ) 
6.9	(5.0000010000e+00   5.0000000000e-03   9.9965032973e-02  ) (5.5000010000e+00   5.0000000000e-03   9.9967941951e-02  ) (6.0000010000e+00   5.0000000000e-03   9.9983528137e-02  ) (6.5000010000e+00   5.0000000000e-03   9.9732475984e-02  ) (6.9937500000e+00   5.0000000000e-03   9.8788470863e-02  ) (8.0062500000e+00   5.0000000000e-03   1.0003987047e-01  ) (9.0000010000e+00   5.0000000000e-03   1.0243171058e-01  ) (1.0200001000e+01   5.0000000000e-03   1.0108788823e-01  ) 
6.91	(5.0000010000e+00   5.0000000000e-03   9.9964285590e-02  ) (5.5000010000e+00   5.0000000000e-03   9.9967816199e-02  ) (6.0000010000e+00   5.0000000000e-03   9.9982552335e-02  ) (6.5000010000e+00   5.0000000000e-03   9.9720280085e-02  ) (6.9937500000e+00   5.0000000000e-03   9.8779618014e-02  ) (8.0062500000e+00   5.0000000000e-03   1.0004262839e-01  ) (9.0000010000e+00   5.0000000000e-03   1.0240731687e-01  ) (1.0200001000e+01   5.0000000000e-03   1.0114602643e-01  ) 
6.92	(5.0000010000e+00   5.0000000000e-03   9.9964303021e-02  ) (5.5000010000e+00   5.0000000000e-03   9.9967943808e-02  ) (6.0000010000e+00   5.0000000000e-03   9.9981436483e-02  ) (6.5000010000e+00   5.0000000000e-03   9.9707674625e-02  ) (6.9937500000e+00   5.0000000000e-03   9.8771925203e-02  ) (8.0062500000e+00   5.0000000000e-03   1.0004527366e-01  ) (9.0000010000e+00   5.0000000000e-03   1.0238040288e-01  ) (1.0200001000e+01   5.0000000000e-03   1.0120702593e-01  ) 
6.93	(5.0000010000e+00   5.0000000000e-03   9.9965070332e-02  ) (5.5000010000e+00   5.0000000000e-03   9.9968328785e-02  ) (6.0000010000e+00   5.0000000000e-03   9.9980169607e-02  ) (6.5000010000e+00   5.0000000000e-03   9.9694670199e-02  ) (6.9937500000e+00   5.0000000000e-03   9.8765432083e-02  ) (8.0062500000e+00   5.0000000000e-03   1.0004778007e-01  ) (9.0000010000e+00   5.0000000000e-03   1.0235062984e-01  ) (1.0200001000e+01   5.0000000000e-03   1.0127100666e-01  ) 
6.94	(5.0000010000e+00   5.0000000000e-03   9.9966566155e-02  ) (5.5000010000e+00   5.0000000000e-03   9.9968962034e-02  ) (6.0000010000e+00   5.0000000000e-03   9.9978742530e-02  ) (6.5000010000e+00   5.0000000000e-03   9.9681278539e-02  ) (6.9937500000e+00   5.0000000000e-03   9.8760180299e-02  ) (8.0062500000e+00   5.0000000000e-03   1.0005013069e-01  ) (9.0000010000e+00   5.0000000000e-03   1.0231770847e-01  ) (1.0200001000e+01   5.0000000000e-03   1.0133808655e-01  ) 
6.95	(5.0000010000e+00   5.0000000000e-03   9.9968746304e-02  ) (5.5000010000e+00   5.0000000000e-03   9.9969824298e-02  ) (6.0000010000e+00   5.0000000000e-03   9.9977147705e-02  ) (6.5000010000e+00   5.0000000000e-03   9.9667512166e-02  ) (6.9937500000e+00   5.0000000000e-03   9.8756201550e-02  ) (8.0062500000e+00   5.0000000000e-03   1.0005231686e-01  ) (9.0000010000e+00   5.0000000000e-03   1.0228140759e-01  ) (1.0200001000e+01   5.0000000000e-03   1.0140838234e-01  ) 
6.96	(5.0000010000e+00   5.0000000000e-03   9.9971559794e-02  ) (5.5000010000e+00   5.0000000000e-03   9.9970896524e-02  ) (6.0000010000e+00   5.0000000000e-03   9.9975379361e-02  ) (6.5000010000e+00   5.0000000000e-03   9.9653383965e-02  ) (6.9937500000e+00   5.0000000000e-03   9.8753539763e-02  ) (8.0062500000e+00   5.0000000000e-03   1.0005433694e-01  ) (9.0000010000e+00   5.0000000000e-03   1.0224155478e-01  ) (1.0200001000e+01   5.0000000000e-03   1.0148200956e-01  ) 
6.97	(5.0000010000e+00   5.0000000000e-03   9.9974948258e-02  ) (5.5000010000e+00   5.0000000000e-03   9.9972158120e-02  ) (6.0000010000e+00   5.0000000000e-03   9.9973433368e-02  ) (6.5000010000e+00   5.0000000000e-03   9.9638906759e-02  ) (6.9937500000e+00   5.0000000000e-03   9.8752257543e-02  ) (8.0062500000e+00   5.0000000000e-03   1.0005620063e-01  ) (9.0000010000e+00   5.0000000000e-03   1.0219803600e-01  ) (1.0200001000e+01   5.0000000000e-03   1.0155908318e-01  ) 
6.98	(5.0000010000e+00   5.0000000000e-03   9.9978845251e-02  ) (5.5000010000e+00   5.0000000000e-03   9.9973586848e-02  ) (6.0000010000e+00   5.0000000000e-03   9.9971307162e-02  ) (6.5000010000e+00   5.0000000000e-03   9.9624093025e-02  ) (6.9937500000e+00   5.0000000000e-03   9.8752403993e-02  ) (8.0062500000e+00   5.0000000000e-03   1.0005792437e-01  ) (9.0000010000e+00   5.0000000000e-03   1.0215079695e-01  ) (1.0200001000e+01   5.0000000000e-03   1.0163971646e-01  ) 
6.99	(5.0000010000e+00   5.0000000000e-03   9.9983174765e-02  ) (5.5000010000e+00   5.0000000000e-03   9.9975159051e-02  ) (6.0000010000e+00   5.0000000000e-03   9.9968999435e-02  ) (6.5000010000e+00   5.0000000000e-03   9.9608954597e-02  ) (6.9937500000e+00   5.0000000000e-03   9.8754093315e-02  ) (8.0062500000e+00   5.0000000000e-03   1.0005953307e-01  ) (9.0000010000e+00   5.0000000000e-03   1.0209984363e-01  ) (1.0200001000e+01   5.0000000000e-03   1.0172401984e-01  ) 
7	(5.0000010000e+00   5.0000000000e-03   9.9987853114e-02  ) (5.5000010000e+00   5.0000000000e-03   9.9976850038e-02  ) (6.0000010000e+00   5.0000000000e-03   9.9966509952e-02  ) (6.5000010000e+00   5.0000000000e-03   9.9593502388e-02  ) (6.9937500000e+00   5.0000000000e-03   9.8757366865e-02  ) (8.0062500000e+00   5.0000000000e-03   1.0006106401e-01  ) (9.0000010000e+00   5.0000000000e-03   1.0204523957e-01  ) (1.0200001000e+01   5.0000000000e-03   1.0181210043e-01  ) 
7.01	(5.0000010000e+00   5.0000000000e-03   9.9992791131e-02  ) (5.5000010000e+00   5.0000000000e-03   9.9978634227e-02  ) (6.0000010000e+00   5.0000000000e-03   9.9963839389e-02  ) (6.5000010000e+00   5.0000000000e-03   9.9577746361e-02  ) (6.9937500000e+00   5.0000000000e-03   9.8762241290e-02  ) (8.0062500000e+00   5.0000000000e-03   1.0006255125e-01  ) (9.0000010000e+00   5.0000000000e-03   1.0198710803e-01  ) (1.0200001000e+01   5.0000000000e-03   1.0190406062e-01  ) 
7.02	(5.0000010000e+00   5.0000000000e-03   9.9997895702e-02  ) (5.5000010000e+00   5.0000000000e-03   9.9980485554e-02  ) (6.0000010000e+00   5.0000000000e-03   9.9960989067e-02  ) (6.5000010000e+00   5.0000000000e-03   9.9561695416e-02  ) (6.9937500000e+00   5.0000000000e-03   9.8768741136e-02  ) (8.0062500000e+00   5.0000000000e-03   1.0006402227e-01  ) (9.0000010000e+00   5.0000000000e-03   1.0192563248e-01  ) (1.0200001000e+01   5.0000000000e-03   1.0199999746e-01  ) 
7.03	(5.0000010000e+00   5.0000000000e-03   1.0000307126e-01  ) (5.5000010000e+00   5.0000000000e-03   9.9982377643e-02  ) (6.0000010000e+00   5.0000000000e-03   9.9957960838e-02  ) (6.5000010000e+00   5.0000000000e-03   9.9545357430e-02  ) (6.9937500000e+00   5.0000000000e-03   9.8776924627e-02  ) (8.0062500000e+00   5.0000000000e-03   1.0006551007e-01  ) (9.0000010000e+00   5.0000000000e-03   1.0186104669e-01  ) (1.0200001000e+01   5.0000000000e-03   1.0210000072e-01  ) 
7.04	(5.0000010000e+00   5.0000000000e-03   1.0000822140e-01  ) (5.5000010000e+00   5.0000000000e-03   9.9984284380e-02  ) (6.0000010000e+00   5.0000000000e-03   9.9954757057e-02  ) (6.5000010000e+00   5.0000000000e-03   9.9528739437e-02  ) (6.9937500000e+00   5.0000000000e-03   9.8786807202e-02  ) (8.0062500000e+00   5.0000000000e-03   1.0006704746e-01  ) (9.0000010000e+00   5.0000000000e-03   1.0179363574e-01  ) (1.0200001000e+01   5.0000000000e-03   1.0220415122e-01  ) 
7.05	(5.0000010000e+00   5.0000000000e-03   1.0001325126e-01  ) (5.5000010000e+00   5.0000000000e-03   9.9986179866e-02  ) (6.0000010000e+00   5.0000000000e-03   9.9951380246e-02  ) (6.5000010000e+00   5.0000000000e-03   9.9511847887e-02  ) (6.9937500000e+00   5.0000000000e-03   9.8798405120e-02  ) (8.0062500000e+00   5.0000000000e-03   1.0006866003e-01  ) (9.0000010000e+00   5.0000000000e-03   1.0172374861e-01  ) (1.0200001000e+01   5.0000000000e-03   1.0231251867e-01  ) 
7.06	(5.0000010000e+00   5.0000000000e-03   1.0001806761e-01  ) (5.5000010000e+00   5.0000000000e-03   9.9988038895e-02  ) (6.0000010000e+00   5.0000000000e-03   9.9947833165e-02  ) (6.5000010000e+00   5.0000000000e-03   9.9494688886e-02  ) (6.9937500000e+00   5.0000000000e-03   9.8811734576e-02  ) (8.0062500000e+00   5.0000000000e-03   1.0007036793e-01  ) (9.0000010000e+00   5.0000000000e-03   1.0165183894e-01  ) (1.0200001000e+01   5.0000000000e-03   1.0242515917e-01  ) 
7.07	(5.0000010000e+00   5.0000000000e-03   1.0002258379e-01  ) (5.5000010000e+00   5.0000000000e-03   9.9989837077e-02  ) (6.0000010000e+00   5.0000000000e-03   9.9944118823e-02  ) (6.5000010000e+00   5.0000000000e-03   9.9477268606e-02  ) (6.9937500000e+00   5.0000000000e-03   9.8826798233e-02  ) (8.0062500000e+00   5.0000000000e-03   1.0007218526e-01  ) (9.0000010000e+00   5.0000000000e-03   1.0157843231e-01  ) (1.0200001000e+01   5.0000000000e-03   1.0254211165e-01  ) 
7.08	(5.0000010000e+00   5.0000000000e-03   1.0002672062e-01  ) (5.5000010000e+00   5.0000000000e-03   9.9991551078e-02  ) (6.0000010000e+00   5.0000000000e-03   9.9940240427e-02  ) (6.5000010000e+00   5.0000000000e-03   9.9459593643e-02  ) (6.9937500000e+00   5.0000000000e-03   9.8843592795e-02  ) (8.0062500000e+00   5.0000000000e-03   1.0007411667e-01  ) (9.0000010000e+00   5.0000000000e-03   1.0150413949e-01  ) (1.0200001000e+01   5.0000000000e-03   1.0266339246e-01  ) 
7.09	(5.0000010000e+00   5.0000000000e-03   1.0003040750e-01  ) (5.5000010000e+00   5.0000000000e-03   9.9993158965e-02  ) (6.0000010000e+00   5.0000000000e-03   9.9936201473e-02  ) (6.5000010000e+00   5.0000000000e-03   9.9441671451e-02  ) (6.9937500000e+00   5.0000000000e-03   9.8862109038e-02  ) (8.0062500000e+00   5.0000000000e-03   1.0007615761e-01  ) (9.0000010000e+00   5.0000000000e-03   1.0142931830e-01  ) (1.0200001000e+01   5.0000000000e-03   1.0278898782e-01  ) 
7.1	(5.0000010000e+00   5.0000000000e-03   1.0003358404e-01  ) (5.5000010000e+00   5.0000000000e-03   9.9994640263e-02  ) (6.0000010000e+00   5.0000000000e-03   9.9932005818e-02  ) (6.5000010000e+00   5.0000000000e-03   9.9423510598e-02  ) (6.9937500000e+00   5.0000000000e-03   9.8882324973e-02  ) (8.0062500000e+00   5.0000000000e-03   1.0007829312e-01  ) (9.0000010000e+00   5.0000000000e-03   1.0135428280e-01  ) (1.0200001000e+01   5.0000000000e-03   1.0291884408e-01  ) 
7.11	(5.0000010000e+00   5.0000000000e-03   1.0003620143e-01  ) (5.5000010000e+00   5.0000000000e-03   9.9995976148e-02  ) (6.0000010000e+00   5.0000000000e-03   9.9927657634e-02  ) (6.5000010000e+00   5.0000000000e-03   9.9405121245e-02  ) (6.9937500000e+00   5.0000000000e-03   9.8904209980e-02  ) (8.0062500000e+00   5.0000000000e-03   1.0008049580e-01  ) (9.0000010000e+00   5.0000000000e-03   1.0127934894e-01  ) (1.0200001000e+01   5.0000000000e-03   1.0305286197e-01  ) 
7.12	(5.0000010000e+00   5.0000000000e-03   1.0003822509e-01  ) (5.5000010000e+00   5.0000000000e-03   9.9997149464e-02  ) (6.0000010000e+00   5.0000000000e-03   9.9923161431e-02  ) (6.5000010000e+00   5.0000000000e-03   9.9386515442e-02  ) (6.9937500000e+00   5.0000000000e-03   9.8927718242e-02  ) (8.0062500000e+00   5.0000000000e-03   1.0008271669e-01  ) (9.0000010000e+00   5.0000000000e-03   1.0120496565e-01  ) (1.0200001000e+01   5.0000000000e-03   1.0319091066e-01  ) 
7.13	(5.0000010000e+00   5.0000000000e-03   1.0003963674e-01  ) (5.5000010000e+00   5.0000000000e-03   9.9998145146e-02  ) (6.0000010000e+00   5.0000000000e-03   9.9918522023e-02  ) (6.5000010000e+00   5.0000000000e-03   9.9367707257e-02  ) (6.9937500000e+00   5.0000000000e-03   9.8952779482e-02  ) (8.0062500000e+00   5.0000000000e-03   1.0008492242e-01  ) (9.0000010000e+00   5.0000000000e-03   1.0113157276e-01  ) (1.0200001000e+01   5.0000000000e-03   1.0333296728e-01  ) 
7.14	(5.0000010000e+00   5.0000000000e-03   1.0004043403e-01  ) (5.5000010000e+00   5.0000000000e-03   9.9998951155e-02  ) (6.0000010000e+00   5.0000000000e-03   9.9913744396e-02  ) (6.5000010000e+00   5.0000000000e-03   9.9348713054e-02  ) (6.9937500000e+00   5.0000000000e-03   9.8979318783e-02  ) (8.0062500000e+00   5.0000000000e-03   1.0008707433e-01  ) (9.0000010000e+00   5.0000000000e-03   1.0105958512e-01  ) (1.0200001000e+01   5.0000000000e-03   1.0347894876e-01  ) 
7.15	(5.0000010000e+00   5.0000000000e-03   1.0004063200e-01  ) (5.5000010000e+00   5.0000000000e-03   9.9999559106e-02  ) (6.0000010000e+00   5.0000000000e-03   9.9908833519e-02  ) (6.5000010000e+00   5.0000000000e-03   9.9329551460e-02  ) (6.9937500000e+00   5.0000000000e-03   9.9007249516e-02  ) (8.0062500000e+00   5.0000000000e-03   1.0008910574e-01  ) (9.0000010000e+00   5.0000000000e-03   1.0098940486e-01  ) (1.0200001000e+01   5.0000000000e-03   1.0362913931e-01  ) 
7.16	(5.0000010000e+00   5.0000000000e-03   1.0004024236e-01  ) (5.5000010000e+00   5.0000000000e-03   9.9999963798e-02  ) (6.0000010000e+00   5.0000000000e-03   9.9903794391e-02  ) (6.5000010000e+00   5.0000000000e-03   9.9310243531e-02  ) (6.9937500000e+00   5.0000000000e-03   9.9036469665e-02  ) (8.0062500000e+00   5.0000000000e-03   1.0009096173e-01  ) (9.0000010000e+00   5.0000000000e-03   1.0092141491e-01  ) (1.0200001000e+01   5.0000000000e-03   1.0378366706e-01  ) 
7.17	(5.0000010000e+00   5.0000000000e-03   1.0003927998e-01  ) (5.5000010000e+00   5.0000000000e-03   1.0000016540e-01  ) (6.0000010000e+00   5.0000000000e-03   9.9898631479e-02  ) (6.5000010000e+00   5.0000000000e-03   9.9290812720e-02  ) (6.9937500000e+00   5.0000000000e-03   9.9066866288e-02  ) (8.0062500000e+00   5.0000000000e-03   1.0009262277e-01  ) (9.0000010000e+00   5.0000000000e-03   1.0085596967e-01  ) (1.0200001000e+01   5.0000000000e-03   1.0394239142e-01  ) 
7.18	(5.0000010000e+00   5.0000000000e-03   1.0003779616e-01  ) (5.5000010000e+00   5.0000000000e-03   1.0000017220e-01  ) (6.0000010000e+00   5.0000000000e-03   9.9893348492e-02  ) (6.5000010000e+00   5.0000000000e-03   9.9271284453e-02  ) (6.9937500000e+00   5.0000000000e-03   9.9098315226e-02  ) (8.0062500000e+00   5.0000000000e-03   1.0009407431e-01  ) (9.0000010000e+00   5.0000000000e-03   1.0079339573e-01  ) (1.0200001000e+01   5.0000000000e-03   1.0410498592e-01  ) 
7.19	(5.0000010000e+00   5.0000000000e-03   1.0003584515e-01  ) (5.5000010000e+00   5.0000000000e-03   9.9999978128e-02  ) (6.0000010000e+00   5.0000000000e-03   9.9887948044e-02  ) (6.5000010000e+00   5.0000000000e-03   9.9251686395e-02  ) (6.9937500000e+00   5.0000000000e-03   9.9130691501e-02  ) (8.0062500000e+00   5.0000000000e-03   1.0009531058e-01  ) (9.0000010000e+00   5.0000000000e-03   1.0073398777e-01  ) (1.0200001000e+01   5.0000000000e-03   1.0427119396e-01  ) 
7.2	(5.0000010000e+00   5.0000000000e-03   1.0003348980e-01  ) (5.5000010000e+00   5.0000000000e-03   9.9999576083e-02  ) (6.0000010000e+00   5.0000000000e-03   9.9882431267e-02  ) (6.5000010000e+00   5.0000000000e-03   9.9232048097e-02  ) (6.9937500000e+00   5.0000000000e-03   9.9163843383e-02  ) (8.0062500000e+00   5.0000000000e-03   1.0009632753e-01  ) (9.0000010000e+00   5.0000000000e-03   1.0067800587e-01  ) (1.0200001000e+01   5.0000000000e-03   1.0444072563e-01  ) 
7.21	(5.0000010000e+00   5.0000000000e-03   1.0003079734e-01  ) (5.5000010000e+00   5.0000000000e-03   9.9998976115e-02  ) (6.0000010000e+00   5.0000000000e-03   9.9876797653e-02  ) (6.5000010000e+00   5.0000000000e-03   9.9212400762e-02  ) (6.9937500000e+00   5.0000000000e-03   9.9197609815e-02  ) (8.0062500000e+00   5.0000000000e-03   1.0009712470e-01  ) (9.0000010000e+00   5.0000000000e-03   1.0062567077e-01  ) (1.0200001000e+01   5.0000000000e-03   1.0461323872e-01  ) 
7.22	(5.0000010000e+00   5.0000000000e-03   1.0002783802e-01  ) (5.5000010000e+00   5.0000000000e-03   9.9998189752e-02  ) (6.0000010000e+00   5.0000000000e-03   9.9871044571e-02  ) (6.5000010000e+00   5.0000000000e-03   9.9192777155e-02  ) (6.9937500000e+00   5.0000000000e-03   9.9231832491e-02  ) (8.0062500000e+00   5.0000000000e-03   1.0009770937e-01  ) (9.0000010000e+00   5.0000000000e-03   1.0057715621e-01  ) (1.0200001000e+01   5.0000000000e-03   1.0478831205e-01  ) 
7.23	(5.0000010000e+00   5.0000000000e-03   1.0002468298e-01  ) (5.5000010000e+00   5.0000000000e-03   9.9997230314e-02  ) (6.0000010000e+00   5.0000000000e-03   9.9865167203e-02  ) (6.5000010000e+00   5.0000000000e-03   9.9173211412e-02  ) (6.9937500000e+00   5.0000000000e-03   9.9266362339e-02  ) (8.0062500000e+00   5.0000000000e-03   1.0009809437e-01  ) (9.0000010000e+00   5.0000000000e-03   1.0053258713e-01  ) (1.0200001000e+01   5.0000000000e-03   1.0496541930e-01  ) 
7.24	(5.0000010000e+00   5.0000000000e-03   1.0002140187e-01  ) (5.5000010000e+00   5.0000000000e-03   9.9996112647e-02  ) (6.0000010000e+00   5.0000000000e-03   9.9859158414e-02  ) (6.5000010000e+00   5.0000000000e-03   9.9153738794e-02  ) (6.9937500000e+00   5.0000000000e-03   9.9301023403e-02  ) (8.0062500000e+00   5.0000000000e-03   1.0009829438e-01  ) (9.0000010000e+00   5.0000000000e-03   1.0049203624e-01  ) (1.0200001000e+01   5.0000000000e-03   1.0514391355e-01  ) 
7.25	(5.0000010000e+00   5.0000000000e-03   1.0001806036e-01  ) (5.5000010000e+00   5.0000000000e-03   9.9994853603e-02  ) (6.0000010000e+00   5.0000000000e-03   9.9853008753e-02  ) (6.5000010000e+00   5.0000000000e-03   9.9134395773e-02  ) (6.9937500000e+00   5.0000000000e-03   9.9335644359e-02  ) (8.0062500000e+00   5.0000000000e-03   1.0009832398e-01  ) (9.0000010000e+00   5.0000000000e-03   1.0045552572e-01  ) (1.0200001000e+01   5.0000000000e-03   1.0532307964e-01  ) 
7.26	(5.0000010000e+00   5.0000000000e-03   1.0001471896e-01  ) (5.5000010000e+00   5.0000000000e-03   9.9993470810e-02  ) (6.0000010000e+00   5.0000000000e-03   9.9846706486e-02  ) (6.5000010000e+00   5.0000000000e-03   9.9115219676e-02  ) (6.9937500000e+00   5.0000000000e-03   9.9370053109e-02  ) (8.0062500000e+00   5.0000000000e-03   1.0009820121e-01  ) (9.0000010000e+00   5.0000000000e-03   1.0042302851e-01  ) (1.0200001000e+01   5.0000000000e-03   1.0550221590e-01  ) 
7.27	(5.0000010000e+00   5.0000000000e-03   1.0001143047e-01  ) (5.5000010000e+00   5.0000000000e-03   9.9991983011e-02  ) (6.0000010000e+00   5.0000000000e-03   9.9840237521e-02  ) (6.5000010000e+00   5.0000000000e-03   9.9096248901e-02  ) (6.9937500000e+00   5.0000000000e-03   9.9404065437e-02  ) (8.0062500000e+00   5.0000000000e-03   1.0009794227e-01  ) (9.0000010000e+00   5.0000000000e-03   1.0039447256e-01  ) (1.0200001000e+01   5.0000000000e-03   1.0568079178e-01  ) 
7.28	(5.0000010000e+00   5.0000000000e-03   1.0000823929e-01  ) (5.5000010000e+00   5.0000000000e-03   9.9990409741e-02  ) (6.0000010000e+00   5.0000000000e-03   9.9833585819e-02  ) (6.5000010000e+00   5.0000000000e-03   9.9077522074e-02  ) (6.9937500000e+00   5.0000000000e-03   9.9437498153e-02  ) (8.0062500000e+00   5.0000000000e-03   1.0009756515e-01  ) (9.0000010000e+00   5.0000000000e-03   1.0036974296e-01  ) (1.0200001000e+01   5.0000000000e-03   1.0585850173e-01  ) 
7.29	(5.0000010000e+00   5.0000000000e-03   1.0000518040e-01  ) (5.5000010000e+00   5.0000000000e-03   9.9988770461e-02  ) (6.0000010000e+00   5.0000000000e-03   9.9826733810e-02  ) (6.5000010000e+00   5.0000000000e-03   9.9059078800e-02  ) (6.9937500000e+00   5.0000000000e-03   9.9470166750e-02  ) (8.0062500000e+00   5.0000000000e-03   1.0009708940e-01  ) (9.0000010000e+00   5.0000000000e-03   1.0034868724e-01  ) (1.0200001000e+01   5.0000000000e-03   1.0603493888e-01  ) 
7.3	(5.0000010000e+00   5.0000000000e-03   1.0000228037e-01  ) (5.5000010000e+00   5.0000000000e-03   9.9987084128e-02  ) (6.0000010000e+00   5.0000000000e-03   9.9819662525e-02  ) (6.5000010000e+00   5.0000000000e-03   9.9040925859e-02  ) (6.9937500000e+00   5.0000000000e-03   9.9501885463e-02  ) (8.0062500000e+00   5.0000000000e-03   1.0009653263e-01  ) (9.0000010000e+00   5.0000000000e-03   1.0033111757e-01  ) (1.0200001000e+01   5.0000000000e-03   1.0621007387e-01  ) 
7.31	(5.0000010000e+00   5.0000000000e-03   9.9999558289e-02  ) (5.5000010000e+00   5.0000000000e-03   9.9985368938e-02  ) (6.0000010000e+00   5.0000000000e-03   9.9812352241e-02  ) (6.5000010000e+00   5.0000000000e-03   9.9023171046e-02  ) (6.9937500000e+00   5.0000000000e-03   9.9532481602e-02  ) (8.0062500000e+00   5.0000000000e-03   1.0009590995e-01  ) (9.0000010000e+00   5.0000000000e-03   1.0031681775e-01  ) (1.0200001000e+01   5.0000000000e-03   1.0638374814e-01  ) 
7.32	(5.0000010000e+00   5.0000000000e-03   9.9997021291e-02  ) (5.5000010000e+00   5.0000000000e-03   9.9983641967e-02  ) (6.0000010000e+00   5.0000000000e-03   9.9804782867e-02  ) (6.5000010000e+00   5.0000000000e-03   9.9005865075e-02  ) (6.9937500000e+00   5.0000000000e-03   9.9561794186e-02  ) (8.0062500000e+00   5.0000000000e-03   1.0009522432e-01  ) (9.0000010000e+00   5.0000000000e-03   1.0030553916e-01  ) (1.0200001000e+01   5.0000000000e-03   1.0655501802e-01  ) 
7.33	(5.0000010000e+00   5.0000000000e-03   9.9994669511e-02  ) (5.5000010000e+00   5.0000000000e-03   9.9981918548e-02  ) (6.0000010000e+00   5.0000000000e-03   9.9796934478e-02  ) (6.5000010000e+00   5.0000000000e-03   9.8989058509e-02  ) (6.9937500000e+00   5.0000000000e-03   9.9589667235e-02  ) (8.0062500000e+00   5.0000000000e-03   1.0009447866e-01  ) (9.0000010000e+00   5.0000000000e-03   1.0029700250e-01  ) (1.0200001000e+01   5.0000000000e-03   1.0672292146e-01  ) 
7.34	(5.0000010000e+00   5.0000000000e-03   9.9992494122e-02  ) (5.5000010000e+00   5.0000000000e-03   9.9980212114e-02  ) (6.0000010000e+00   5.0000000000e-03   9.9788787526e-02  ) (6.5000010000e+00   5.0000000000e-03   9.8972729798e-02  ) (6.9937500000e+00   5.0000000000e-03   9.9615930456e-02  ) (8.0062500000e+00   5.0000000000e-03   1.0009367231e-01  ) (9.0000010000e+00   5.0000000000e-03   1.0029091021e-01  ) (1.0200001000e+01   5.0000000000e-03   1.0688659043e-01  ) 
7.35	(5.0000010000e+00   5.0000000000e-03   9.9990479960e-02  ) (5.5000010000e+00   5.0000000000e-03   9.9978534010e-02  ) (6.0000010000e+00   5.0000000000e-03   9.9780323593e-02  ) (6.5000010000e+00   5.0000000000e-03   9.8956925395e-02  ) (6.9937500000e+00   5.0000000000e-03   9.9640425244e-02  ) (8.0062500000e+00   5.0000000000e-03   1.0009280696e-01  ) (9.0000010000e+00   5.0000000000e-03   1.0028694992e-01  ) (1.0200001000e+01   5.0000000000e-03   1.0704517328e-01  ) 
7.36	(5.0000010000e+00   5.0000000000e-03   9.9988606514e-02  ) (5.5000010000e+00   5.0000000000e-03   9.9976893281e-02  ) (6.0000010000e+00   5.0000000000e-03   9.9771525733e-02  ) (6.5000010000e+00   5.0000000000e-03   9.8941685872e-02  ) (6.9937500000e+00   5.0000000000e-03   9.9663024192e-02  ) (8.0062500000e+00   5.0000000000e-03   1.0009188151e-01  ) (9.0000010000e+00   5.0000000000e-03   1.0028480231e-01  ) (1.0200001000e+01   5.0000000000e-03   1.0719782004e-01  ) 
7.37	(5.0000010000e+00   5.0000000000e-03   9.9986849877e-02  ) (5.5000010000e+00   5.0000000000e-03   9.9975296681e-02  ) (6.0000010000e+00   5.0000000000e-03   9.9762378773e-02  ) (6.5000010000e+00   5.0000000000e-03   9.8927049792e-02  ) (6.9937500000e+00   5.0000000000e-03   9.9683624957e-02  ) (8.0062500000e+00   5.0000000000e-03   1.0009089312e-01  ) (9.0000010000e+00   5.0000000000e-03   1.0028412551e-01  ) (1.0200001000e+01   5.0000000000e-03   1.0734368387e-01  ) 
7.38	(5.0000010000e+00   5.0000000000e-03   9.9985183600e-02  ) (5.5000010000e+00   5.0000000000e-03   9.9973748195e-02  ) (6.0000010000e+00   5.0000000000e-03   9.9752869181e-02  ) (6.5000010000e+00   5.0000000000e-03   9.8913056501e-02  ) (6.9937500000e+00   5.0000000000e-03   9.9702161939e-02  ) (8.0062500000e+00   5.0000000000e-03   1.0008983788e-01  ) (9.0000010000e+00   5.0000000000e-03   1.0028460717e-01  ) (1.0200001000e+01   5.0000000000e-03   1.0748193985e-01  ) 
7.39	(5.0000010000e+00   5.0000000000e-03   9.9983581524e-02  ) (5.5000010000e+00   5.0000000000e-03   9.9972249026e-02  ) (6.0000010000e+00   5.0000000000e-03   9.9742985506e-02  ) (6.5000010000e+00   5.0000000000e-03   9.8899746287e-02  ) (6.9937500000e+00   5.0000000000e-03   9.9718595157e-02  ) (8.0062500000e+00   5.0000000000e-03   1.0008871369e-01  ) (9.0000010000e+00   5.0000000000e-03   1.0028595743e-01  ) (1.0200001000e+01   5.0000000000e-03   1.0761179478e-01  ) 
7.4	(5.0000010000e+00   5.0000000000e-03   9.9982019678e-02  ) (5.5000010000e+00   5.0000000000e-03   9.9970797732e-02  ) (6.0000010000e+00   5.0000000000e-03   9.9732718761e-02  ) (6.5000010000e+00   5.0000000000e-03   9.8887159673e-02  ) (6.9937500000e+00   5.0000000000e-03   9.9732904603e-02  ) (8.0062500000e+00   5.0000000000e-03   1.0008751590e-01  ) (9.0000010000e+00   5.0000000000e-03   1.0028786200e-01  ) (1.0200001000e+01   5.0000000000e-03   1.0773249672e-01  ) 
7.41	(5.0000010000e+00   5.0000000000e-03   9.9980476992e-02  ) (5.5000010000e+00   5.0000000000e-03   9.9969390194e-02  ) (6.0000010000e+00   5.0000000000e-03   9.9722062572e-02  ) (6.5000010000e+00   5.0000000000e-03   9.8875337418e-02  ) (6.9937500000e+00   5.0000000000e-03   9.9745092528e-02  ) (8.0062500000e+00   5.0000000000e-03   1.0008624217e-01  ) (9.0000010000e+00   5.0000000000e-03   1.0028991427e-01  ) (1.0200001000e+01   5.0000000000e-03   1.0784335590e-01  ) 
7.42	(5.0000010000e+00   5.0000000000e-03   9.9978935086e-02  ) (5.5000010000e+00   5.0000000000e-03   9.9968019714e-02  ) (6.0000010000e+00   5.0000000000e-03   9.9711012654e-02  ) (6.5000010000e+00   5.0000000000e-03   9.8864320433e-02  ) (6.9937500000e+00   5.0000000000e-03   9.9755224870e-02  ) (8.0062500000e+00   5.0000000000e-03   1.0008489019e-01  ) (9.0000010000e+00   5.0000000000e-03   1.0029175010e-01  ) (1.0200001000e+01   5.0000000000e-03   1.0794374596e-01  ) 
7.43	(5.0000010000e+00   5.0000000000e-03   9.9977379664e-02  ) (5.5000010000e+00   5.0000000000e-03   9.9966677169e-02  ) (6.0000010000e+00   5.0000000000e-03   9.9699566942e-02  ) (6.5000010000e+00   5.0000000000e-03   9.8854149422e-02  ) (6.9937500000e+00   5.0000000000e-03   9.9763396948e-02  ) (8.0062500000e+00   5.0000000000e-03   1.0008346032e-01  ) (9.0000010000e+00   5.0000000000e-03   1.0029306264e-01  ) (1.0200001000e+01   5.0000000000e-03   1.0803310679e-01  ) 
7.44	(5.0000010000e+00   5.0000000000e-03   9.9975795428e-02  ) (5.5000010000e+00   5.0000000000e-03   9.9965351159e-02  ) (6.0000010000e+00   5.0000000000e-03   9.9687725805e-02  ) (6.5000010000e+00   5.0000000000e-03   9.8844864698e-02  ) (6.9937500000e+00   5.0000000000e-03   9.9769701495e-02  ) (8.0062500000e+00   5.0000000000e-03   1.0008195383e-01  ) (9.0000010000e+00   5.0000000000e-03   1.0029357990e-01  ) (1.0200001000e+01   5.0000000000e-03   1.0811094011e-01  ) 
7.45	(5.0000010000e+00   5.0000000000e-03   9.9974175222e-02  ) (5.5000010000e+00   5.0000000000e-03   9.9964028157e-02  ) (6.0000010000e+00   5.0000000000e-03   9.9675491617e-02  ) (6.5000010000e+00   5.0000000000e-03   9.8836505947e-02  ) (6.9937500000e+00   5.0000000000e-03   9.9774264707e-02  ) (8.0062500000e+00   5.0000000000e-03   1.0008037414e-01  ) (9.0000010000e+00   5.0000000000e-03   1.0029301454e-01  ) (1.0200001000e+01   5.0000000000e-03   1.0817681473e-01  ) 
7.46	(5.0000010000e+00   5.0000000000e-03   9.9972520238e-02  ) (5.5000010000e+00   5.0000000000e-03   9.9962692787e-02  ) (6.0000010000e+00   5.0000000000e-03   9.9662868638e-02  ) (6.5000010000e+00   5.0000000000e-03   9.8829111468e-02  ) (6.9937500000e+00   5.0000000000e-03   9.9777225649e-02  ) (8.0062500000e+00   5.0000000000e-03   1.0007872530e-01  ) (9.0000010000e+00   5.0000000000e-03   1.0029114831e-01  ) (1.0200001000e+01   5.0000000000e-03   1.0823038077e-01  ) 
7.47	(5.0000010000e+00   5.0000000000e-03   9.9970839386e-02  ) (5.5000010000e+00   5.0000000000e-03   9.9961328052e-02  ) (6.0000010000e+00   5.0000000000e-03   9.9649862910e-02  ) (6.5000010000e+00   5.0000000000e-03   9.8822718946e-02  ) (6.9937500000e+00   5.0000000000e-03   9.9778716802e-02  ) (8.0062500000e+00   5.0000000000e-03   1.0007702313e-01  ) (9.0000010000e+00   5.0000000000e-03   1.0028776893e-01  ) (1.0200001000e+01   5.0000000000e-03   1.0827136545e-01  ) 
7.48	(5.0000010000e+00   5.0000000000e-03   9.9969148666e-02  ) (5.5000010000e+00   5.0000000000e-03   9.9959915536e-02  ) (6.0000010000e+00   5.0000000000e-03   9.9636482140e-02  ) (6.5000010000e+00   5.0000000000e-03   9.8817364921e-02  ) (6.9937500000e+00   5.0000000000e-03   9.9778852567e-02  ) (8.0062500000e+00   5.0000000000e-03   1.0007528520e-01  ) (9.0000010000e+00   5.0000000000e-03   1.0028271949e-01  ) (1.0200001000e+01   5.0000000000e-03   1.0829947682e-01  ) 
7.49	(5.0000010000e+00   5.0000000000e-03   9.9967471952e-02  ) (5.5000010000e+00   5.0000000000e-03   9.9958435772e-02  ) (6.0000010000e+00   5.0000000000e-03   9.9622735532e-02  ) (6.5000010000e+00   5.0000000000e-03   9.8813084207e-02  ) (6.9937500000e+00   5.0000000000e-03   9.9777758495e-02  ) (8.0062500000e+00   5.0000000000e-03   1.0007352824e-01  ) (9.0000010000e+00   5.0000000000e-03   1.0027589009e-01  ) (1.0200001000e+01   5.0000000000e-03   1.0831450023e-01  ) 
7.5	(5.0000010000e+00   5.0000000000e-03   9.9965837962e-02  ) (5.5000010000e+00   5.0000000000e-03   9.9956868515e-02  ) (6.0000010000e+00   5.0000000000e-03   9.9608633651e-02  ) (6.5000010000e+00   5.0000000000e-03   9.8809908254e-02  ) (6.9937500000e+00   5.0000000000e-03   9.9775603746e-02  ) (8.0062500000e+00   5.0000000000e-03   1.0007177086e-01  ) (9.0000010000e+00   5.0000000000e-03   1.0026720861e-01  ) (1.0200001000e+01   5.0000000000e-03   1.0831688305e-01  ) 
7.51	(5.0000010000e+00   5.0000000000e-03   9.9964280793e-02  ) (5.5000010000e+00   5.0000000000e-03   9.9955193151e-02  ) (6.0000010000e+00   5.0000000000e-03   9.9594188314e-02  ) (6.5000010000e+00   5.0000000000e-03   9.8807861933e-02  ) (6.9937500000e+00   5.0000000000e-03   9.9772517803e-02  ) (8.0062500000e+00   5.0000000000e-03   1.0007003365e-01  ) (9.0000010000e+00   5.0000000000e-03   1.0025665219e-01  ) (1.0200001000e+01   5.0000000000e-03   1.0830638437e-01  ) 
7.52	(5.0000010000e+00   5.0000000000e-03   9.9962838415e-02  ) (5.5000010000e+00   5.0000000000e-03   9.9953389033e-02  ) (6.0000010000e+00   5.0000000000e-03   9.9579412412e-02  ) (6.5000010000e+00   5.0000000000e-03   9.8806942878e-02  ) (6.9937500000e+00   5.0000000000e-03   9.9768611345e-02  ) (8.0062500000e+00   5.0000000000e-03   1.0006833550e-01  ) (9.0000010000e+00   5.0000000000e-03   1.0024423517e-01  ) (1.0200001000e+01   5.0000000000e-03   1.0828227721e-01  ) 
7.53	(5.0000010000e+00   5.0000000000e-03   9.9961551307e-02  ) (5.5000010000e+00   5.0000000000e-03   9.9951435847e-02  ) (6.0000010000e+00   5.0000000000e-03   9.9564319848e-02  ) (6.5000010000e+00   5.0000000000e-03   9.8807194359e-02  ) (6.9937500000e+00   5.0000000000e-03   9.9764081043e-02  ) (8.0062500000e+00   5.0000000000e-03   1.0006669490e-01  ) (9.0000010000e+00   5.0000000000e-03   1.0023001696e-01  ) (1.0200001000e+01   5.0000000000e-03   1.0824449921e-01  ) 
7.54	(5.0000010000e+00   5.0000000000e-03   9.9960461353e-02  ) (5.5000010000e+00   5.0000000000e-03   9.9949314034e-02  ) (6.0000010000e+00   5.0000000000e-03   9.9548925400e-02  ) (6.5000010000e+00   5.0000000000e-03   9.8808689346e-02  ) (6.9937500000e+00   5.0000000000e-03   9.9759154411e-02  ) (8.0062500000e+00   5.0000000000e-03   1.0006513178e-01  ) (9.0000010000e+00   5.0000000000e-03   1.0021409380e-01  ) (1.0200001000e+01   5.0000000000e-03   1.0819348128e-01  ) 
7.55	(5.0000010000e+00   5.0000000000e-03   9.9959609539e-02  ) (5.5000010000e+00   5.0000000000e-03   9.9947005085e-02  ) (6.0000010000e+00   5.0000000000e-03   9.9533244603e-02  ) (6.5000010000e+00   5.0000000000e-03   9.8811494300e-02  ) (6.9937500000e+00   5.0000000000e-03   9.9754074679e-02  ) (8.0062500000e+00   5.0000000000e-03   1.0006366367e-01  ) (9.0000010000e+00   5.0000000000e-03   1.0019660501e-01  ) (1.0200001000e+01   5.0000000000e-03   1.0812957513e-01  ) 
7.56	(5.0000010000e+00   5.0000000000e-03   9.9959035430e-02  ) (5.5000010000e+00   5.0000000000e-03   9.9944491802e-02  ) (6.0000010000e+00   5.0000000000e-03   9.9517293654e-02  ) (6.5000010000e+00   5.0000000000e-03   9.8815618868e-02  ) (6.9937500000e+00   5.0000000000e-03   9.9749101121e-02  ) (8.0062500000e+00   5.0000000000e-03   1.0006230585e-01  ) (9.0000010000e+00   5.0000000000e-03   1.0017771998e-01  ) (1.0200001000e+01   5.0000000000e-03   1.0805317071e-01  ) 
7.57	(5.0000010000e+00   5.0000000000e-03   9.9958770827e-02  ) (5.5000010000e+00   5.0000000000e-03   9.9941758615e-02  ) (6.0000010000e+00   5.0000000000e-03   9.9501089294e-02  ) (6.5000010000e+00   5.0000000000e-03   9.8821079229e-02  ) (6.9937500000e+00   5.0000000000e-03   9.9744496837e-02  ) (8.0062500000e+00   5.0000000000e-03   1.0006107365e-01  ) (9.0000010000e+00   5.0000000000e-03   1.0015763879e-01  ) (1.0200001000e+01   5.0000000000e-03   1.0796472580e-01  ) 
7.58	(5.0000010000e+00   5.0000000000e-03   9.9958827169e-02  ) (5.5000010000e+00   5.0000000000e-03   9.9938791953e-02  ) (6.0000010000e+00   5.0000000000e-03   9.9484648705e-02  ) (6.5000010000e+00   5.0000000000e-03   9.8827890005e-02  ) (6.9937500000e+00   5.0000000000e-03   9.9740492178e-02  ) (8.0062500000e+00   5.0000000000e-03   1.0005997797e-01  ) (9.0000010000e+00   5.0000000000e-03   1.0013659005e-01  ) (1.0200001000e+01   5.0000000000e-03   1.0786474111e-01  ) 
7.59	(5.0000010000e+00   5.0000000000e-03   9.9959234587e-02  ) (5.5000010000e+00   5.0000000000e-03   9.9935580464e-02  ) (6.0000010000e+00   5.0000000000e-03   9.9467989375e-02  ) (6.5000010000e+00   5.0000000000e-03   9.8836063682e-02  ) (6.9937500000e+00   5.0000000000e-03   9.9737275668e-02  ) (8.0062500000e+00   5.0000000000e-03   1.0005902493e-01  ) (9.0000010000e+00   5.0000000000e-03   1.0011482720e-01  ) (1.0200001000e+01   5.0000000000e-03   1.0775377453e-01  ) 
7.6	(5.0000010000e+00   5.0000000000e-03   9.9960010687e-02  ) (5.5000010000e+00   5.0000000000e-03   9.9932115236e-02  ) (6.0000010000e+00   5.0000000000e-03   9.9451128988e-02  ) (6.5000010000e+00   5.0000000000e-03   9.8845603919e-02  ) (6.9937500000e+00   5.0000000000e-03   9.9735005902e-02  ) (8.0062500000e+00   5.0000000000e-03   1.0005821766e-01  ) (9.0000010000e+00   5.0000000000e-03   1.0009262129e-01  ) (1.0200001000e+01   5.0000000000e-03   1.0763243284e-01  ) 
7.61	(5.0000010000e+00   5.0000000000e-03   9.9961159805e-02  ) (5.5000010000e+00   5.0000000000e-03   9.9928389946e-02  ) (6.0000010000e+00   5.0000000000e-03   9.9434085306e-02  ) (6.5000010000e+00   5.0000000000e-03   9.8856511145e-02  ) (6.9937500000e+00   5.0000000000e-03   9.9733788941e-02  ) (8.0062500000e+00   5.0000000000e-03   1.0005755650e-01  ) (9.0000010000e+00   5.0000000000e-03   1.0007025764e-01  ) (1.0200001000e+01   5.0000000000e-03   1.0750135587e-01  ) 
7.62	(5.0000010000e+00   5.0000000000e-03   9.9962676150e-02  ) (5.5000010000e+00   5.0000000000e-03   9.9924401009e-02  ) (6.0000010000e+00   5.0000000000e-03   9.9416876008e-02  ) (6.5000010000e+00   5.0000000000e-03   9.8868778763e-02  ) (6.9937500000e+00   5.0000000000e-03   9.9733724359e-02  ) (8.0062500000e+00   5.0000000000e-03   1.0005703795e-01  ) (9.0000010000e+00   5.0000000000e-03   1.0004802716e-01  ) (1.0200001000e+01   5.0000000000e-03   1.0736121893e-01  ) 
7.63	(5.0000010000e+00   5.0000000000e-03   9.9964543918e-02  ) (5.5000010000e+00   5.0000000000e-03   9.9920147572e-02  ) (6.0000010000e+00   5.0000000000e-03   9.9399518631e-02  ) (6.5000010000e+00   5.0000000000e-03   9.8882394886e-02  ) (6.9937500000e+00   5.0000000000e-03   9.9734851890e-02  ) (8.0062500000e+00   5.0000000000e-03   1.0005665684e-01  ) (9.0000010000e+00   5.0000000000e-03   1.0002622278e-01  ) (1.0200001000e+01   5.0000000000e-03   1.0721274596e-01  ) 
7.64	(5.0000010000e+00   5.0000000000e-03   9.9966740439e-02  ) (5.5000010000e+00   5.0000000000e-03   9.9915631481e-02  ) (6.0000010000e+00   5.0000000000e-03   9.9382030488e-02  ) (6.5000010000e+00   5.0000000000e-03   9.8897344466e-02  ) (6.9937500000e+00   5.0000000000e-03   9.9737187252e-02  ) (8.0062500000e+00   5.0000000000e-03   1.0005640503e-01  ) (9.0000010000e+00   5.0000000000e-03   1.0000512970e-01  ) (1.0200001000e+01   5.0000000000e-03   1.0705664730e-01  ) 
7.65	(5.0000010000e+00   5.0000000000e-03   9.9969232039e-02  ) (5.5000010000e+00   5.0000000000e-03   9.9910857187e-02  ) (6.0000010000e+00   5.0000000000e-03   9.9364428654e-02  ) (6.5000010000e+00   5.0000000000e-03   9.8913607813e-02  ) (6.9937500000e+00   5.0000000000e-03   9.9740751105e-02  ) (8.0062500000e+00   5.0000000000e-03   1.0005627321e-01  ) (9.0000010000e+00   5.0000000000e-03   9.9985024068e-02  ) (1.0200001000e+01   5.0000000000e-03   1.0689377828e-01  ) 
7.66	(5.0000010000e+00   5.0000000000e-03   9.9971976946e-02  ) (5.5000010000e+00   5.0000000000e-03   9.9905831504e-02  ) (6.0000010000e+00   5.0000000000e-03   9.9346729710e-02  ) (6.5000010000e+00   5.0000000000e-03   9.8931159720e-02  ) (6.9937500000e+00   5.0000000000e-03   9.9745545055e-02  ) (8.0062500000e+00   5.0000000000e-03   1.0005625298e-01  ) (9.0000010000e+00   5.0000000000e-03   9.9966174684e-02  ) (1.0200001000e+01   5.0000000000e-03   1.0672579598e-01  ) 
7.67	(5.0000010000e+00   5.0000000000e-03   9.9974926804e-02  ) (5.5000010000e+00   5.0000000000e-03   9.9900563367e-02  ) (6.0000010000e+00   5.0000000000e-03   9.9328950021e-02  ) (6.5000010000e+00   5.0000000000e-03   9.8949969609e-02  ) (6.9937500000e+00   5.0000000000e-03   9.9751547421e-02  ) (8.0062500000e+00   5.0000000000e-03   1.0005634115e-01  ) (9.0000010000e+00   5.0000000000e-03   9.9948824220e-02  ) (1.0200001000e+01   5.0000000000e-03   1.0655517723e-01  ) 
7.68	(5.0000010000e+00   5.0000000000e-03   9.9978027552e-02  ) (5.5000010000e+00   5.0000000000e-03   9.9895063512e-02  ) (6.0000010000e+00   5.0000000000e-03   9.9311105681e-02  ) (6.5000010000e+00   5.0000000000e-03   9.8970001386e-02  ) (6.9937500000e+00   5.0000000000e-03   9.9758731216e-02  ) (8.0062500000e+00   5.0000000000e-03   1.0005652970e-01  ) (9.0000010000e+00   5.0000000000e-03   9.9933202597e-02  ) (1.0200001000e+01   5.0000000000e-03   1.0638255004e-01  ) 
7.69	(5.0000010000e+00   5.0000000000e-03   9.9981220116e-02  ) (5.5000010000e+00   5.0000000000e-03   9.9889344078e-02  ) (6.0000010000e+00   5.0000000000e-03   9.9293212411e-02  ) (6.5000010000e+00   5.0000000000e-03   9.8991213458e-02  ) (6.9937500000e+00   5.0000000000e-03   9.9767051766e-02  ) (8.0062500000e+00   5.0000000000e-03   1.0005681524e-01  ) (9.0000010000e+00   5.0000000000e-03   9.9919496325e-02  ) (1.0200001000e+01   5.0000000000e-03   1.0620750004e-01  ) 
7.7	(5.0000010000e+00   5.0000000000e-03   9.9984441169e-02  ) (5.5000010000e+00   5.0000000000e-03   9.9883418112e-02  ) (6.0000010000e+00   5.0000000000e-03   9.9275285910e-02  ) (6.5000010000e+00   5.0000000000e-03   9.9013558712e-02  ) (6.9937500000e+00   5.0000000000e-03   9.9776450856e-02  ) (8.0062500000e+00   5.0000000000e-03   1.0005719279e-01  ) (9.0000010000e+00   5.0000000000e-03   9.9907860122e-02  ) (1.0200001000e+01   5.0000000000e-03   1.0602958128e-01  ) 
7.71	(5.0000010000e+00   5.0000000000e-03   9.9987625341e-02  ) (5.5000010000e+00   5.0000000000e-03   9.9877299141e-02  ) (6.0000010000e+00   5.0000000000e-03   9.9257341879e-02  ) (6.5000010000e+00   5.0000000000e-03   9.9036984810e-02  ) (6.9937500000e+00   5.0000000000e-03   9.9786854760e-02  ) (8.0062500000e+00   5.0000000000e-03   1.0005765903e-01  ) (9.0000010000e+00   5.0000000000e-03   9.9898401468e-02  ) (1.0200001000e+01   5.0000000000e-03   1.0584974564e-01  ) 
7.72	(5.0000010000e+00   5.0000000000e-03   9.9990705697e-02  ) (5.5000010000e+00   5.0000000000e-03   9.9871000626e-02  ) (6.0000010000e+00   5.0000000000e-03   9.9239396359e-02  ) (6.5000010000e+00   5.0000000000e-03   9.9061434042e-02  ) (6.9937500000e+00   5.0000000000e-03   9.9798175151e-02  ) (8.0062500000e+00   5.0000000000e-03   1.0005821242e-01  ) (9.0000010000e+00   5.0000000000e-03   9.9891171211e-02  ) (1.0200001000e+01   5.0000000000e-03   1.0566863197e-01  ) 
7.73	(5.0000010000e+00   5.0000000000e-03   9.9993615775e-02  ) (5.5000010000e+00   5.0000000000e-03   9.9864535474e-02  ) (6.0000010000e+00   5.0000000000e-03   9.9221465983e-02  ) (6.5000010000e+00   5.0000000000e-03   9.9086843602e-02  ) (6.9937500000e+00   5.0000000000e-03   9.9810310639e-02  ) (8.0062500000e+00   5.0000000000e-03   1.0005885522e-01  ) (9.0000010000e+00   5.0000000000e-03   9.9886175344e-02  ) (1.0200001000e+01   5.0000000000e-03   1.0548686012e-01  ) 
7.74	(5.0000010000e+00   5.0000000000e-03   9.9996291818e-02  ) (5.5000010000e+00   5.0000000000e-03   9.9857915546e-02  ) (6.0000010000e+00   5.0000000000e-03   9.9203568246e-02  ) (6.5000010000e+00   5.0000000000e-03   9.9113145690e-02  ) (6.9937500000e+00   5.0000000000e-03   9.9823137385e-02  ) (8.0062500000e+00   5.0000000000e-03   1.0005958640e-01  ) (9.0000010000e+00   5.0000000000e-03   9.9883328541e-02  ) (1.0200001000e+01   5.0000000000e-03   1.0530499914e-01  ) 
7.75	(5.0000010000e+00   5.0000000000e-03   9.9998673859e-02  ) (5.5000010000e+00   5.0000000000e-03   9.9851151153e-02  ) (6.0000010000e+00   5.0000000000e-03   9.9185721664e-02  ) (6.5000010000e+00   5.0000000000e-03   9.9140267827e-02  ) (6.9937500000e+00   5.0000000000e-03   9.9836509710e-02  ) (8.0062500000e+00   5.0000000000e-03   1.0006040866e-01  ) (9.0000010000e+00   5.0000000000e-03   9.9882550962e-02  ) (1.0200001000e+01   5.0000000000e-03   1.0512360915e-01  ) 
7.76	(5.0000010000e+00   5.0000000000e-03   1.0000070642e-01  ) (5.5000010000e+00   5.0000000000e-03   9.9844250667e-02  ) (6.0000010000e+00   5.0000000000e-03   9.9167945852e-02  ) (6.5000010000e+00   5.0000000000e-03   9.9168132887e-02  ) (6.9937500000e+00   5.0000000000e-03   9.9850266189e-02  ) (8.0062500000e+00   5.0000000000e-03   1.0006132936e-01  ) (9.0000010000e+00   5.0000000000e-03   9.9883863808e-02  ) (1.0200001000e+01   5.0000000000e-03   1.0494323872e-01  ) 
7.77	(5.0000010000e+00   5.0000000000e-03   1.0000234004e-01  ) (5.5000010000e+00   5.0000000000e-03   9.9837220157e-02  ) (6.0000010000e+00   5.0000000000e-03   9.9150261855e-02  ) (6.5000010000e+00   5.0000000000e-03   9.9196659788e-02  ) (6.9937500000e+00   5.0000000000e-03   9.9864232630e-02  ) (8.0062500000e+00   5.0000000000e-03   1.0006234538e-01  ) (9.0000010000e+00   5.0000000000e-03   9.9887215581e-02  ) (1.0200001000e+01   5.0000000000e-03   1.0476440586e-01  ) 
7.78	(5.0000010000e+00   5.0000000000e-03   1.0000353425e-01  ) (5.5000010000e+00   5.0000000000e-03   9.9830063011e-02  ) (6.0000010000e+00   5.0000000000e-03   9.9132693039e-02  ) (6.5000010000e+00   5.0000000000e-03   9.9225761647e-02  ) (6.9937500000e+00   5.0000000000e-03   9.9878224535e-02  ) (8.0062500000e+00   5.0000000000e-03   1.0006344259e-01  ) (9.0000010000e+00   5.0000000000e-03   9.9892576234e-02  ) (1.0200001000e+01   5.0000000000e-03   1.0458762778e-01  ) 
7.79	(5.0000010000e+00   5.0000000000e-03   1.0000426011e-01  ) (5.5000010000e+00   5.0000000000e-03   9.9822780041e-02  ) (6.0000010000e+00   5.0000000000e-03   9.9115263717e-02  ) (6.5000010000e+00   5.0000000000e-03   9.9255350995e-02  ) (6.9937500000e+00   5.0000000000e-03   9.9892059200e-02  ) (8.0062500000e+00   5.0000000000e-03   1.0006462983e-01  ) (9.0000010000e+00   5.0000000000e-03   9.9899767023e-02  ) (1.0200001000e+01   5.0000000000e-03   1.0441343018e-01  ) 
7.8	(5.0000010000e+00   5.0000000000e-03   1.0000450464e-01  ) (5.5000010000e+00   5.0000000000e-03   9.9815368934e-02  ) (6.0000010000e+00   5.0000000000e-03   9.9098001032e-02  ) (6.5000010000e+00   5.0000000000e-03   9.9285333936e-02  ) (6.9937500000e+00   5.0000000000e-03   9.9905557011e-02  ) (8.0062500000e+00   5.0000000000e-03   1.0006591173e-01  ) (9.0000010000e+00   5.0000000000e-03   9.9908570745e-02  ) (1.0200001000e+01   5.0000000000e-03   1.0424258541e-01  ) 
7.81	(5.0000010000e+00   5.0000000000e-03   1.0000427165e-01  ) (5.5000010000e+00   5.0000000000e-03   9.9807824596e-02  ) (6.0000010000e+00   5.0000000000e-03   9.9080933412e-02  ) (6.5000010000e+00   5.0000000000e-03   9.9315616437e-02  ) (6.9937500000e+00   5.0000000000e-03   9.9918548602e-02  ) (8.0062500000e+00   5.0000000000e-03   1.0006729409e-01  ) (9.0000010000e+00   5.0000000000e-03   9.9918756913e-02  ) (1.0200001000e+01   5.0000000000e-03   1.0407664409e-01  ) 
7.82	(5.0000010000e+00   5.0000000000e-03   1.0000353189e-01  ) (5.5000010000e+00   5.0000000000e-03   9.9800138952e-02  ) (6.0000010000e+00   5.0000000000e-03   9.9064091725e-02  ) (6.5000010000e+00   5.0000000000e-03   9.9346099841e-02  ) (6.9937500000e+00   5.0000000000e-03   9.9930857411e-02  ) (8.0062500000e+00   5.0000000000e-03   1.0006878275e-01  ) (9.0000010000e+00   5.0000000000e-03   9.9930085220e-02  ) (1.0200001000e+01   5.0000000000e-03   1.0391657973e-01  ) 
7.83	(5.0000010000e+00   5.0000000000e-03   1.0000229920e-01  ) (5.5000010000e+00   5.0000000000e-03   9.9792301164e-02  ) (6.0000010000e+00   5.0000000000e-03   9.9047487623e-02  ) (6.5000010000e+00   5.0000000000e-03   9.9376682949e-02  ) (6.9937500000e+00   5.0000000000e-03   9.9942339498e-02  ) (8.0062500000e+00   5.0000000000e-03   1.0007038713e-01  ) (9.0000010000e+00   5.0000000000e-03   9.9942297908e-02  ) (1.0200001000e+01   5.0000000000e-03   1.0376184830e-01  ) 
7.84	(5.0000010000e+00   5.0000000000e-03   1.0000059196e-01  ) (5.5000010000e+00   5.0000000000e-03   9.9784297905e-02  ) (6.0000010000e+00   5.0000000000e-03   9.9031186614e-02  ) (6.5000010000e+00   5.0000000000e-03   9.9407262080e-02  ) (6.9937500000e+00   5.0000000000e-03   9.9952869729e-02  ) (8.0062500000e+00   5.0000000000e-03   1.0007211272e-01  ) (9.0000010000e+00   5.0000000000e-03   9.9955132219e-02  ) (1.0200001000e+01   5.0000000000e-03   1.0361153649e-01  ) 
7.85	(5.0000010000e+00   5.0000000000e-03   9.9998438735e-02  ) (5.5000010000e+00   5.0000000000e-03   9.9776113656e-02  ) (6.0000010000e+00   5.0000000000e-03   9.9015249541e-02  ) (6.5000010000e+00   5.0000000000e-03   9.9437731408e-02  ) (6.9937500000e+00   5.0000000000e-03   9.9962372735e-02  ) (8.0062500000e+00   5.0000000000e-03   1.0007395908e-01  ) (9.0000010000e+00   5.0000000000e-03   9.9968323207e-02  ) (1.0200001000e+01   5.0000000000e-03   1.0346599018e-01  ) 
7.86	(5.0000010000e+00   5.0000000000e-03   9.9995875810e-02  ) (5.5000010000e+00   5.0000000000e-03   9.9767731040e-02  ) (6.0000010000e+00   5.0000000000e-03   9.8999739772e-02  ) (6.5000010000e+00   5.0000000000e-03   9.9467983282e-02  ) (6.9937500000e+00   5.0000000000e-03   9.9970771587e-02  ) (8.0062500000e+00   5.0000000000e-03   1.0007592763e-01  ) (9.0000010000e+00   5.0000000000e-03   9.9981607867e-02  ) (1.0200001000e+01   5.0000000000e-03   1.0332549115e-01  ) 
7.87	(5.0000010000e+00   5.0000000000e-03   9.9992946778e-02  ) (5.5000010000e+00   5.0000000000e-03   9.9759131301e-02  ) (6.0000010000e+00   5.0000000000e-03   9.8984641484e-02  ) (6.5000010000e+00   5.0000000000e-03   9.9497908531e-02  ) (6.9937500000e+00   5.0000000000e-03   9.9978025204e-02  ) (8.0062500000e+00   5.0000000000e-03   1.0007802171e-01  ) (9.0000010000e+00   5.0000000000e-03   9.9994735181e-02  ) (1.0200001000e+01   5.0000000000e-03   1.0319019714e-01  ) 
7.88	(5.0000010000e+00   5.0000000000e-03   9.9989701455e-02  ) (5.5000010000e+00   5.0000000000e-03   9.9750294776e-02  ) (6.0000010000e+00   5.0000000000e-03   9.8969992032e-02  ) (6.5000010000e+00   5.0000000000e-03   9.9527397342e-02  ) (6.9937500000e+00   5.0000000000e-03   9.9984101317e-02  ) (8.0062500000e+00   5.0000000000e-03   1.0008024033e-01  ) (9.0000010000e+00   5.0000000000e-03   1.0000746342e-01  ) (1.0200001000e+01   5.0000000000e-03   1.0306026995e-01  ) 
7.89	(5.0000010000e+00   5.0000000000e-03   9.9986194169e-02  ) (5.5000010000e+00   5.0000000000e-03   9.9741201393e-02  ) (6.0000010000e+00   5.0000000000e-03   9.8955833557e-02  ) (6.5000010000e+00   5.0000000000e-03   9.9556341005e-02  ) (6.9937500000e+00   5.0000000000e-03   9.9989002243e-02  ) (8.0062500000e+00   5.0000000000e-03   1.0008258723e-01  ) (9.0000010000e+00   5.0000000000e-03   1.0001956336e-01  ) (1.0200001000e+01   5.0000000000e-03   1.0293583799e-01  ) 
7.9	(5.0000010000e+00   5.0000000000e-03   9.9982482280e-02  ) (5.5000010000e+00   5.0000000000e-03   9.9731831172e-02  ) (6.0000010000e+00   5.0000000000e-03   9.8942206830e-02  ) (6.5000010000e+00   5.0000000000e-03   9.9584631167e-02  ) (6.9937500000e+00   5.0000000000e-03   9.9992748557e-02  ) (8.0062500000e+00   5.0000000000e-03   1.0008504404e-01  ) (9.0000010000e+00   5.0000000000e-03   1.0003082689e-01  ) (1.0200001000e+01   5.0000000000e-03   1.0281699644e-01  ) 
7.91	(5.0000010000e+00   5.0000000000e-03   9.9978624499e-02  ) (5.5000010000e+00   5.0000000000e-03   9.9722164728e-02  ) (6.0000010000e+00   5.0000000000e-03   9.8929152668e-02  ) (6.5000010000e+00   5.0000000000e-03   9.9612158684e-02  ) (6.9937500000e+00   5.0000000000e-03   9.9995370390e-02  ) (8.0062500000e+00   5.0000000000e-03   1.0008759880e-01  ) (9.0000010000e+00   5.0000000000e-03   1.0004107052e-01  ) (1.0200001000e+01   5.0000000000e-03   1.0270382415e-01  ) 
7.92	(5.0000010000e+00   5.0000000000e-03   9.9974678829e-02  ) (5.5000010000e+00   5.0000000000e-03   9.9712183844e-02  ) (6.0000010000e+00   5.0000000000e-03   9.8916712896e-02  ) (6.5000010000e+00   5.0000000000e-03   9.9638815890e-02  ) (6.9937500000e+00   5.0000000000e-03   9.9996913317e-02  ) (8.0062500000e+00   5.0000000000e-03   1.0009024824e-01  ) (9.0000010000e+00   5.0000000000e-03   1.0005013501e-01  ) (1.0200001000e+01   5.0000000000e-03   1.0259636865e-01  ) 
7.93	(5.0000010000e+00   5.0000000000e-03   9.9970700943e-02  ) (5.5000010000e+00   5.0000000000e-03   9.9701871901e-02  ) (6.0000010000e+00   5.0000000000e-03   9.8904929736e-02  ) (6.5000010000e+00   5.0000000000e-03   9.9664498150e-02  ) (6.9937500000e+00   5.0000000000e-03   9.9997411095e-02  ) (8.0062500000e+00   5.0000000000e-03   1.0009298958e-01  ) (9.0000010000e+00   5.0000000000e-03   1.0005789485e-01  ) (1.0200001000e+01   5.0000000000e-03   1.0249466044e-01  ) 
7.94	(5.0000010000e+00   5.0000000000e-03   9.9966742737e-02  ) (5.5000010000e+00   5.0000000000e-03   9.9691214333e-02  ) (6.0000010000e+00   5.0000000000e-03   9.8893845419e-02  ) (6.5000010000e+00   5.0000000000e-03   9.9689103944e-02  ) (6.9937500000e+00   5.0000000000e-03   9.9996919499e-02  ) (8.0062500000e+00   5.0000000000e-03   1.0009581550e-01  ) (9.0000010000e+00   5.0000000000e-03   1.0006425601e-01  ) (1.0200001000e+01   5.0000000000e-03   1.0239870607e-01  ) 
7.95	(5.0000010000e+00   5.0000000000e-03   9.9962851289e-02  ) (5.5000010000e+00   5.0000000000e-03   9.9680199023e-02  ) (6.0000010000e+00   5.0000000000e-03   9.8883501864e-02  ) (6.5000010000e+00   5.0000000000e-03   9.9712536607e-02  ) (6.9937500000e+00   5.0000000000e-03   9.9995536798e-02  ) (8.0062500000e+00   5.0000000000e-03   1.0009871750e-01  ) (9.0000010000e+00   5.0000000000e-03   1.0006917798e-01  ) (1.0200001000e+01   5.0000000000e-03   1.0230848789e-01  ) 
7.96	(5.0000010000e+00   5.0000000000e-03   9.9959068213e-02  ) (5.5000010000e+00   5.0000000000e-03   9.9668816619e-02  ) (6.0000010000e+00   5.0000000000e-03   9.8873940213e-02  ) (6.5000010000e+00   5.0000000000e-03   9.9734706830e-02  ) (6.9937500000e+00   5.0000000000e-03   9.9993365819e-02  ) (8.0062500000e+00   5.0000000000e-03   1.0010168789e-01  ) (9.0000010000e+00   5.0000000000e-03   1.0007265740e-01  ) (1.0200001000e+01   5.0000000000e-03   1.0222396716e-01  ) 
7.97	(5.0000010000e+00   5.0000000000e-03   9.9955428162e-02  ) (5.5000010000e+00   5.0000000000e-03   9.9657060849e-02  ) (6.0000010000e+00   5.0000000000e-03   9.8865200821e-02  ) (6.5000010000e+00   5.0000000000e-03   9.9755534403e-02  ) (6.9937500000e+00   5.0000000000e-03   9.9990513601e-02  ) (8.0062500000e+00   5.0000000000e-03   1.0010471728e-01  ) (9.0000010000e+00   5.0000000000e-03   1.0007477179e-01  ) (1.0200001000e+01   5.0000000000e-03   1.0214508236e-01  ) 
7.98	(5.0000010000e+00   5.0000000000e-03   9.9951956838e-02  ) (5.5000010000e+00   5.0000000000e-03   9.9644928682e-02  ) (6.0000010000e+00   5.0000000000e-03   9.8857323045e-02  ) (6.5000010000e+00   5.0000000000e-03   9.9774949671e-02  ) (6.9937500000e+00   5.0000000000e-03   9.9987053080e-02  ) (8.0062500000e+00   5.0000000000e-03   1.0010779575e-01  ) (9.0000010000e+00   5.0000000000e-03   1.0007559709e-01  ) (1.0200001000e+01   5.0000000000e-03   1.0207175315e-01  ) 
7.99	(5.0000010000e+00   5.0000000000e-03   9.9948670806e-02  ) (5.5000010000e+00   5.0000000000e-03   9.9632420455e-02  ) (6.0000010000e+00   5.0000000000e-03   9.8850344915e-02  ) (6.5000010000e+00   5.0000000000e-03   9.9792894852e-02  ) (6.9937500000e+00   5.0000000000e-03   9.9983067827e-02  ) (8.0062500000e+00   5.0000000000e-03   1.0011091366e-01  ) (9.0000010000e+00   5.0000000000e-03   1.0007516694e-01  ) (1.0200001000e+01   5.0000000000e-03   1.0200388024e-01  ) 
8	(5.0000010000e+00   5.0000000000e-03   9.9945577966e-02  ) (5.5000010000e+00   5.0000000000e-03   9.9619539922e-02  ) (6.0000010000e+00   5.0000000000e-03   9.8844302838e-02  ) (6.5000010000e+00   5.0000000000e-03   9.9809324298e-02  ) (6.9937500000e+00   5.0000000000e-03   9.9978707874e-02  ) (8.0062500000e+00   5.0000000000e-03   1.0011405992e-01  ) (9.0000010000e+00   5.0000000000e-03   1.0007356611e-01  ) (1.0200001000e+01   5.0000000000e-03   1.0194134630e-01  ) 
8.01	(5.0000010000e+00   5.0000000000e-03   9.9942677036e-02  ) (5.5000010000e+00   5.0000000000e-03   9.9606294201e-02  ) (6.0000010000e+00   5.0000000000e-03   9.8839231080e-02  ) (6.5000010000e+00   5.0000000000e-03   9.9824204855e-02  ) (6.9937500000e+00   5.0000000000e-03   9.9974137984e-02  ) (8.0062500000e+00   5.0000000000e-03   1.0011722426e-01  ) (9.0000010000e+00   5.0000000000e-03   1.0007085851e-01  ) (1.0200001000e+01   5.0000000000e-03   1.0188401673e-01  ) 
8.02	(5.0000010000e+00   5.0000000000e-03   9.9939957517e-02  ) (5.5000010000e+00   5.0000000000e-03   9.9592693709e-02  ) (6.0000010000e+00   5.0000000000e-03   9.8835161130e-02  ) (6.5000010000e+00   5.0000000000e-03   9.9837516070e-02  ) (6.9937500000e+00   5.0000000000e-03   9.9969511619e-02  ) (8.0062500000e+00   5.0000000000e-03   1.0012039491e-01  ) (9.0000010000e+00   5.0000000000e-03   1.0006718194e-01  ) (1.0200001000e+01   5.0000000000e-03   1.0183174025e-01  ) 
8.03	(5.0000010000e+00   5.0000000000e-03   9.9937400145e-02  ) (5.5000010000e+00   5.0000000000e-03   9.9578751931e-02  ) (6.0000010000e+00   5.0000000000e-03   9.8832121983e-02  ) (6.5000010000e+00   5.0000000000e-03   9.9849249488e-02  ) (6.9937500000e+00   5.0000000000e-03   9.9964978797e-02  ) (8.0062500000e+00   5.0000000000e-03   1.0012356147e-01  ) (9.0000010000e+00   5.0000000000e-03   1.0006273928e-01  ) (1.0200001000e+01   5.0000000000e-03   1.0178434940e-01  ) 
8.04	(5.0000010000e+00   5.0000000000e-03   9.9934977500e-02  ) (5.5000010000e+00   5.0000000000e-03   9.9564485189e-02  ) (6.0000010000e+00   5.0000000000e-03   9.8830134607e-02  ) (6.5000010000e+00   5.0000000000e-03   9.9859408461e-02  ) (6.9937500000e+00   5.0000000000e-03   9.9960681670e-02  ) (8.0062500000e+00   5.0000000000e-03   1.0012671862e-01  ) (9.0000010000e+00   5.0000000000e-03   1.0005772361e-01  ) (1.0200001000e+01   5.0000000000e-03   1.0174166361e-01  ) 
8.05	(5.0000010000e+00   5.0000000000e-03   9.9932655188e-02  ) (5.5000010000e+00   5.0000000000e-03   9.9549912339e-02  ) (6.0000010000e+00   5.0000000000e-03   9.8829197990e-02  ) (6.5000010000e+00   5.0000000000e-03   9.9868008780e-02  ) (6.9937500000e+00   5.0000000000e-03   9.9956745173e-02  ) (8.0062500000e+00   5.0000000000e-03   1.0012985759e-01  ) (9.0000010000e+00   5.0000000000e-03   1.0005233841e-01  ) (1.0200001000e+01   5.0000000000e-03   1.0170348785e-01  ) 
8.06	(5.0000010000e+00   5.0000000000e-03   9.9930393278e-02  ) (5.5000010000e+00   5.0000000000e-03   9.9535054373e-02  ) (6.0000010000e+00   5.0000000000e-03   9.8829339696e-02  ) (6.5000010000e+00   5.0000000000e-03   9.9875077931e-02  ) (6.9937500000e+00   5.0000000000e-03   9.9953279668e-02  ) (8.0062500000e+00   5.0000000000e-03   1.0013297190e-01  ) (9.0000010000e+00   5.0000000000e-03   1.0004678243e-01  ) (1.0200001000e+01   5.0000000000e-03   1.0166961504e-01  ) 
8.07	(5.0000010000e+00   5.0000000000e-03   9.9928147802e-02  ) (5.5000010000e+00   5.0000000000e-03   9.9519934085e-02  ) (6.0000010000e+00   5.0000000000e-03   9.8830621164e-02  ) (6.5000010000e+00   5.0000000000e-03   9.9880654411e-02  ) (6.9937500000e+00   5.0000000000e-03   9.9950380543e-02  ) (8.0062500000e+00   5.0000000000e-03   1.0013605937e-01  ) (9.0000010000e+00   5.0000000000e-03   1.0004126222e-01  ) (1.0200001000e+01   5.0000000000e-03   1.0163982672e-01  ) 
8.08	(5.0000010000e+00   5.0000000000e-03   9.9925872246e-02  ) (5.5000010000e+00   5.0000000000e-03   9.9504575617e-02  ) (6.0000010000e+00   5.0000000000e-03   9.8833101985e-02  ) (6.5000010000e+00   5.0000000000e-03   9.9884788956e-02  ) (6.9937500000e+00   5.0000000000e-03   9.9948104190e-02  ) (8.0062500000e+00   5.0000000000e-03   1.0013912200e-01  ) (9.0000010000e+00   5.0000000000e-03   1.0003597280e-01  ) (1.0200001000e+01   5.0000000000e-03   1.0161389251e-01  ) 
8.09	(5.0000010000e+00   5.0000000000e-03   9.9923519010e-02  ) (5.5000010000e+00   5.0000000000e-03   9.9489004067e-02  ) (6.0000010000e+00   5.0000000000e-03   9.8836784191e-02  ) (6.5000010000e+00   5.0000000000e-03   9.9887540370e-02  ) (6.9937500000e+00   5.0000000000e-03   9.9946491348e-02  ) (8.0062500000e+00   5.0000000000e-03   1.0014215954e-01  ) (9.0000010000e+00   5.0000000000e-03   1.0003109503e-01  ) (1.0200001000e+01   5.0000000000e-03   1.0159157368e-01  ) 
8.1	(5.0000010000e+00   5.0000000000e-03   9.9921041144e-02  ) (5.5000010000e+00   5.0000000000e-03   9.9473245002e-02  ) (6.0000010000e+00   5.0000000000e-03   9.8841676033e-02  ) (6.5000010000e+00   5.0000000000e-03   9.9888986570e-02  ) (6.9937500000e+00   5.0000000000e-03   9.9945587228e-02  ) (8.0062500000e+00   5.0000000000e-03   1.0014517310e-01  ) (9.0000010000e+00   5.0000000000e-03   1.0002680311e-01  ) (1.0200001000e+01   5.0000000000e-03   1.0157262135e-01  ) 
8.11	(5.0000010000e+00   5.0000000000e-03   9.9918393678e-02  ) (5.5000010000e+00   5.0000000000e-03   9.9457323998e-02  ) (6.0000010000e+00   5.0000000000e-03   9.8847784893e-02  ) (6.5000010000e+00   5.0000000000e-03   9.9889198978e-02  ) (6.9937500000e+00   5.0000000000e-03   9.9945413800e-02  ) (8.0062500000e+00   5.0000000000e-03   1.0014816910e-01  ) (9.0000010000e+00   5.0000000000e-03   1.0002325380e-01  ) (1.0200001000e+01   5.0000000000e-03   1.0155677798e-01  ) 
8.12	(5.0000010000e+00   5.0000000000e-03   9.9915535149e-02  ) (5.5000010000e+00   5.0000000000e-03   9.9441266178e-02  ) (6.0000010000e+00   5.0000000000e-03   9.8855114237e-02  ) (6.5000010000e+00   5.0000000000e-03   9.9888234426e-02  ) (6.9937500000e+00   5.0000000000e-03   9.9945970394e-02  ) (8.0062500000e+00   5.0000000000e-03   1.0015115025e-01  ) (9.0000010000e+00   5.0000000000e-03   1.0002058074e-01  ) (1.0200001000e+01   5.0000000000e-03   1.0154377740e-01  ) 
8.13	(5.0000010000e+00   5.0000000000e-03   9.9912429048e-02  ) (5.5000010000e+00   5.0000000000e-03   9.9425095880e-02  ) (6.0000010000e+00   5.0000000000e-03   9.8863662252e-02  ) (6.5000010000e+00   5.0000000000e-03   9.9886151509e-02  ) (6.9937500000e+00   5.0000000000e-03   9.9947239943e-02  ) (8.0062500000e+00   5.0000000000e-03   1.0015412105e-01  ) (9.0000010000e+00   5.0000000000e-03   1.0001885711e-01  ) (1.0200001000e+01   5.0000000000e-03   1.0153334921e-01  ) 
8.14	(5.0000010000e+00   5.0000000000e-03   9.9909045089e-02  ) (5.5000010000e+00   5.0000000000e-03   9.9408836190e-02  ) (6.0000010000e+00   5.0000000000e-03   9.8873423338e-02  ) (6.5000010000e+00   5.0000000000e-03   9.9883043740e-02  ) (6.9937500000e+00   5.0000000000e-03   9.9949193171e-02  ) (8.0062500000e+00   5.0000000000e-03   1.0015708435e-01  ) (9.0000010000e+00   5.0000000000e-03   1.0001811603e-01  ) (1.0200001000e+01   5.0000000000e-03   1.0152522596e-01  ) 
8.15	(5.0000010000e+00   5.0000000000e-03   9.9905360001e-02  ) (5.5000010000e+00   5.0000000000e-03   9.9392508631e-02  ) (6.0000010000e+00   5.0000000000e-03   9.8884387292e-02  ) (6.5000010000e+00   5.0000000000e-03   9.9879043511e-02  ) (6.9937500000e+00   5.0000000000e-03   9.9951800459e-02  ) (8.0062500000e+00   5.0000000000e-03   1.0016004281e-01  ) (9.0000010000e+00   5.0000000000e-03   1.0001840346e-01  ) (1.0200001000e+01   5.0000000000e-03   1.0151912652e-01  ) 
8.16	(5.0000010000e+00   5.0000000000e-03   9.9901357707e-02  ) (5.5000010000e+00   5.0000000000e-03   9.9376132816e-02  ) (6.0000010000e+00   5.0000000000e-03   9.8896541005e-02  ) (6.5000010000e+00   5.0000000000e-03   9.9874281459e-02  ) (6.9937500000e+00   5.0000000000e-03   9.9955006146e-02  ) (8.0062500000e+00   5.0000000000e-03   1.0016300896e-01  ) (9.0000010000e+00   5.0000000000e-03   1.0001974073e-01  ) (1.0200001000e+01   5.0000000000e-03   1.0151476832e-01  ) 
8.17	(5.0000010000e+00   5.0000000000e-03   9.9897028992e-02  ) (5.5000010000e+00   5.0000000000e-03   9.9359726367e-02  ) (6.0000010000e+00   5.0000000000e-03   9.8909869567e-02  ) (6.5000010000e+00   5.0000000000e-03   9.9868889786e-02  ) (6.9937500000e+00   5.0000000000e-03   9.9958736317e-02  ) (8.0062500000e+00   5.0000000000e-03   1.0016599721e-01  ) (9.0000010000e+00   5.0000000000e-03   1.0002214118e-01  ) (1.0200001000e+01   5.0000000000e-03   1.0151187552e-01  ) 
8.18	(5.0000010000e+00   5.0000000000e-03   9.9892371042e-02  ) (5.5000010000e+00   5.0000000000e-03   9.9343304544e-02  ) (6.0000010000e+00   5.0000000000e-03   9.8924354742e-02  ) (6.5000010000e+00   5.0000000000e-03   9.9863003949e-02  ) (6.9937500000e+00   5.0000000000e-03   9.9962902199e-02  ) (8.0062500000e+00   5.0000000000e-03   1.0016900719e-01  ) (9.0000010000e+00   5.0000000000e-03   1.0002561895e-01  ) (1.0200001000e+01   5.0000000000e-03   1.0151018044e-01  ) 
8.19	(5.0000010000e+00   5.0000000000e-03   9.9887386871e-02  ) (5.5000010000e+00   5.0000000000e-03   9.9326880290e-02  ) (6.0000010000e+00   5.0000000000e-03   9.8939975256e-02  ) (6.5000010000e+00   5.0000000000e-03   9.9856761680e-02  ) (6.9937500000e+00   5.0000000000e-03   9.9967408455e-02  ) (8.0062500000e+00   5.0000000000e-03   1.0017203941e-01  ) (9.0000010000e+00   5.0000000000e-03   1.0003010764e-01  ) (1.0200001000e+01   5.0000000000e-03   1.0150940195e-01  ) 
8.2	(5.0000010000e+00   5.0000000000e-03   9.9882084725e-02  ) (5.5000010000e+00   5.0000000000e-03   9.9310464157e-02  ) (6.0000010000e+00   5.0000000000e-03   9.8956706721e-02  ) (6.5000010000e+00   5.0000000000e-03   9.9850302640e-02  ) (6.9937500000e+00   5.0000000000e-03   9.9972155316e-02  ) (8.0062500000e+00   5.0000000000e-03   1.0017509010e-01  ) (9.0000010000e+00   5.0000000000e-03   1.0003551166e-01  ) (1.0200001000e+01   5.0000000000e-03   1.0150926140e-01  ) 
8.21	(5.0000010000e+00   5.0000000000e-03   9.9876477458e-02  ) (5.5000010000e+00   5.0000000000e-03   9.9294064307e-02  ) (6.0000010000e+00   5.0000000000e-03   9.8974521652e-02  ) (6.5000010000e+00   5.0000000000e-03   9.9843767748e-02  ) (6.9937500000e+00   5.0000000000e-03   9.9977041253e-02  ) (8.0062500000e+00   5.0000000000e-03   1.0017815376e-01  ) (9.0000010000e+00   5.0000000000e-03   1.0004172242e-01  ) (1.0200001000e+01   5.0000000000e-03   1.0150947275e-01  ) 
8.22	(5.0000010000e+00   5.0000000000e-03   9.9870581799e-02  ) (5.5000010000e+00   5.0000000000e-03   9.9277686860e-02  ) (6.0000010000e+00   5.0000000000e-03   9.8993389667e-02  ) (6.5000010000e+00   5.0000000000e-03   9.9837297539e-02  ) (6.9937500000e+00   5.0000000000e-03   9.9981961647e-02  ) (8.0062500000e+00   5.0000000000e-03   1.0018122322e-01  ) (9.0000010000e+00   5.0000000000e-03   1.0004861714e-01  ) (1.0200001000e+01   5.0000000000e-03   1.0150974200e-01  ) 
8.23	(5.0000010000e+00   5.0000000000e-03   9.9864417728e-02  ) (5.5000010000e+00   5.0000000000e-03   9.9261335925e-02  ) (6.0000010000e+00   5.0000000000e-03   9.9013277403e-02  ) (6.5000010000e+00   5.0000000000e-03   9.9831029523e-02  ) (6.9937500000e+00   5.0000000000e-03   9.9986813677e-02  ) (8.0062500000e+00   5.0000000000e-03   1.0018428869e-01  ) (9.0000010000e+00   5.0000000000e-03   1.0005605839e-01  ) (1.0200001000e+01   5.0000000000e-03   1.0150979626e-01  ) 
8.24	(5.0000010000e+00   5.0000000000e-03   9.9858007619e-02  ) (5.5000010000e+00   5.0000000000e-03   9.9245014069e-02  ) (6.0000010000e+00   5.0000000000e-03   9.9034148597e-02  ) (6.5000010000e+00   5.0000000000e-03   9.9825098304e-02  ) (6.9937500000e+00   5.0000000000e-03   9.9991490879e-02  ) (8.0062500000e+00   5.0000000000e-03   1.0018733788e-01  ) (9.0000010000e+00   5.0000000000e-03   1.0006388746e-01  ) (1.0200001000e+01   5.0000000000e-03   1.0150936179e-01  ) 
8.25	(5.0000010000e+00   5.0000000000e-03   9.9851375378e-02  ) (5.5000010000e+00   5.0000000000e-03   9.9228722808e-02  ) (6.0000010000e+00   5.0000000000e-03   9.9055964020e-02  ) (6.5000010000e+00   5.0000000000e-03   9.9819633978e-02  ) (6.9937500000e+00   5.0000000000e-03   9.9995892604e-02  ) (8.0062500000e+00   5.0000000000e-03   1.0019035645e-01  ) (9.0000010000e+00   5.0000000000e-03   1.0007194151e-01  ) (1.0200001000e+01   5.0000000000e-03   1.0150815778e-01  ) 
8.26	(5.0000010000e+00   5.0000000000e-03   9.9844545734e-02  ) (5.5000010000e+00   5.0000000000e-03   9.9212462941e-02  ) (6.0000010000e+00   5.0000000000e-03   9.9078681468e-02  ) (6.5000010000e+00   5.0000000000e-03   9.9814762341e-02  ) (6.9937500000e+00   5.0000000000e-03   9.9999921254e-02  ) (8.0062500000e+00   5.0000000000e-03   1.0019332830e-01  ) (9.0000010000e+00   5.0000000000e-03   1.0008005036e-01  ) (1.0200001000e+01   5.0000000000e-03   1.0150591584e-01  ) 
8.27	(5.0000010000e+00   5.0000000000e-03   9.9837543343e-02  ) (5.5000010000e+00   5.0000000000e-03   9.9196235313e-02  ) (6.0000010000e+00   5.0000000000e-03   9.9102255905e-02  ) (6.5000010000e+00   5.0000000000e-03   9.9810601372e-02  ) (6.9937500000e+00   5.0000000000e-03   1.0000347964e-01  ) (8.0062500000e+00   5.0000000000e-03   1.0019623448e-01  ) (9.0000010000e+00   5.0000000000e-03   1.0008804254e-01  ) (1.0200001000e+01   5.0000000000e-03   1.0150239728e-01  ) 
8.28	(5.0000010000e+00   5.0000000000e-03   9.9830391899e-02  ) (5.5000010000e+00   5.0000000000e-03   9.9180041425e-02  ) (6.0000010000e+00   5.0000000000e-03   9.9126639470e-02  ) (6.5000010000e+00   5.0000000000e-03   9.9807263112e-02  ) (6.9937500000e+00   5.0000000000e-03   1.0000650648e-01  ) (8.0062500000e+00   5.0000000000e-03   1.0019905392e-01  ) (9.0000010000e+00   5.0000000000e-03   1.0009574830e-01  ) (1.0200001000e+01   5.0000000000e-03   1.0149737652e-01  ) 
8.29	(5.0000010000e+00   5.0000000000e-03   9.9823113317e-02  ) (5.5000010000e+00   5.0000000000e-03   9.9163884085e-02  ) (6.0000010000e+00   5.0000000000e-03   9.9151781141e-02  ) (6.5000010000e+00   5.0000000000e-03   9.9804844675e-02  ) (6.9937500000e+00   5.0000000000e-03   1.0000894225e-01  ) (8.0062500000e+00   5.0000000000e-03   1.0020176505e-01  ) (9.0000010000e+00   5.0000000000e-03   1.0010300388e-01  ) (1.0200001000e+01   5.0000000000e-03   1.0149064119e-01  ) 
8.3	(5.0000010000e+00   5.0000000000e-03   9.9815726835e-02  ) (5.5000010000e+00   5.0000000000e-03   9.9147768258e-02  ) (6.0000010000e+00   5.0000000000e-03   9.9177626780e-02  ) (6.5000010000e+00   5.0000000000e-03   9.9803402146e-02  ) (6.9937500000e+00   5.0000000000e-03   1.0001074105e-01  ) (8.0062500000e+00   5.0000000000e-03   1.0020434589e-01  ) (9.0000010000e+00   5.0000000000e-03   1.0010965269e-01  ) (1.0200001000e+01   5.0000000000e-03   1.0148198372e-01  ) 
8.31	(5.0000010000e+00   5.0000000000e-03   9.9808248198e-02  ) (5.5000010000e+00   5.0000000000e-03   9.9131701640e-02  ) (6.0000010000e+00   5.0000000000e-03   9.9204119448e-02  ) (6.5000010000e+00   5.0000000000e-03   9.9802960481e-02  ) (6.9937500000e+00   5.0000000000e-03   1.0001186255e-01  ) (8.0062500000e+00   5.0000000000e-03   1.0020676835e-01  ) (9.0000010000e+00   5.0000000000e-03   1.0011555120e-01  ) (1.0200001000e+01   5.0000000000e-03   1.0147122424e-01  ) 
8.32	(5.0000010000e+00   5.0000000000e-03   9.9800688926e-02  ) (5.5000010000e+00   5.0000000000e-03   9.9115695449e-02  ) (6.0000010000e+00   5.0000000000e-03   9.9231198923e-02  ) (6.5000010000e+00   5.0000000000e-03   9.9803598762e-02  ) (6.9937500000e+00   5.0000000000e-03   1.0001227307e-01  ) (8.0062500000e+00   5.0000000000e-03   1.0020900814e-01  ) (9.0000010000e+00   5.0000000000e-03   1.0012057465e-01  ) (1.0200001000e+01   5.0000000000e-03   1.0145820357e-01  ) 
8.33	(5.0000010000e+00   5.0000000000e-03   9.9793055626e-02  ) (5.5000010000e+00   5.0000000000e-03   9.9099765222e-02  ) (6.0000010000e+00   5.0000000000e-03   9.9258801946e-02  ) (6.5000010000e+00   5.0000000000e-03   9.9805376420e-02  ) (6.9937500000e+00   5.0000000000e-03   1.0001197924e-01  ) (8.0062500000e+00   5.0000000000e-03   1.0021104283e-01  ) (9.0000010000e+00   5.0000000000e-03   1.0012461744e-01  ) (1.0200001000e+01   5.0000000000e-03   1.0144278473e-01  ) 
8.34	(5.0000010000e+00   5.0000000000e-03   9.9785349406e-02  ) (5.5000010000e+00   5.0000000000e-03   9.9083930917e-02  ) (6.0000010000e+00   5.0000000000e-03   9.9286861987e-02  ) (6.5000010000e+00   5.0000000000e-03   9.9808366882e-02  ) (6.9937500000e+00   5.0000000000e-03   1.0001100851e-01  ) (8.0062500000e+00   5.0000000000e-03   1.0021285096e-01  ) (9.0000010000e+00   5.0000000000e-03   1.0012760865e-01  ) (1.0200001000e+01   5.0000000000e-03   1.0142485358e-01  ) 
8.35	(5.0000010000e+00   5.0000000000e-03   9.9777565594e-02  ) (5.5000010000e+00   5.0000000000e-03   9.9068217395e-02  ) (6.0000010000e+00   5.0000000000e-03   9.9315309789e-02  ) (6.5000010000e+00   5.0000000000e-03   9.9812559478e-02  ) (6.9937500000e+00   5.0000000000e-03   1.0000940508e-01  ) (8.0062500000e+00   5.0000000000e-03   1.0021441426e-01  ) (9.0000010000e+00   5.0000000000e-03   1.0012955758e-01  ) (1.0200001000e+01   5.0000000000e-03   1.0140432053e-01  ) 
8.36	(5.0000010000e+00   5.0000000000e-03   9.9769693527e-02  ) (5.5000010000e+00   5.0000000000e-03   9.9052652206e-02  ) (6.0000010000e+00   5.0000000000e-03   9.9344072590e-02  ) (6.5000010000e+00   5.0000000000e-03   9.9817941577e-02  ) (6.9937500000e+00   5.0000000000e-03   1.0000723146e-01  ) (8.0062500000e+00   5.0000000000e-03   1.0021571926e-01  ) (9.0000010000e+00   5.0000000000e-03   1.0013046995e-01  ) (1.0200001000e+01   5.0000000000e-03   1.0138112070e-01  ) 
8.37	(5.0000010000e+00   5.0000000000e-03   9.9761716664e-02  ) (5.5000010000e+00   5.0000000000e-03   9.9037249934e-02  ) (6.0000010000e+00   5.0000000000e-03   9.9373074549e-02  ) (6.5000010000e+00   5.0000000000e-03   9.9824484231e-02  ) (6.9937500000e+00   5.0000000000e-03   1.0000456152e-01  ) (8.0062500000e+00   5.0000000000e-03   1.0021675698e-01  ) (9.0000010000e+00   5.0000000000e-03   1.0013034023e-01  ) (1.0200001000e+01   5.0000000000e-03   1.0135521468e-01  ) 
8.38	(5.0000010000e+00   5.0000000000e-03   9.9753612922e-02  ) (5.5000010000e+00   5.0000000000e-03   9.9022108283e-02  ) (6.0000010000e+00   5.0000000000e-03   9.9402236962e-02  ) (6.5000010000e+00   5.0000000000e-03   9.9832143341e-02  ) (6.9937500000e+00   5.0000000000e-03   1.0000144511e-01  ) (8.0062500000e+00   5.0000000000e-03   1.0021752450e-01  ) (9.0000010000e+00   5.0000000000e-03   1.0012919022e-01  ) (1.0200001000e+01   5.0000000000e-03   1.0132658870e-01  ) 
8.39	(5.0000010000e+00   5.0000000000e-03   9.9745355257e-02  ) (5.5000010000e+00   5.0000000000e-03   9.9007282813e-02  ) (6.0000010000e+00   5.0000000000e-03   9.9431478286e-02  ) (6.5000010000e+00   5.0000000000e-03   9.9840860079e-02  ) (6.9937500000e+00   5.0000000000e-03   9.9997954905e-02  ) (8.0062500000e+00   5.0000000000e-03   1.0021802284e-01  ) (9.0000010000e+00   5.0000000000e-03   1.0012702671e-01  ) (1.0200001000e+01   5.0000000000e-03   1.0129525431e-01  ) 
8.4	(5.0000010000e+00   5.0000000000e-03   9.9736912497e-02  ) (5.5000010000e+00   5.0000000000e-03   9.8992806698e-02  ) (6.0000010000e+00   5.0000000000e-03   9.9460714600e-02  ) (6.5000010000e+00   5.0000000000e-03   9.9850559463e-02  ) (6.9937500000e+00   5.0000000000e-03   9.9994190761e-02  ) (8.0062500000e+00   5.0000000000e-03   1.0021825609e-01  ) (9.0000010000e+00   5.0000000000e-03   1.0012390347e-01  ) (1.0200001000e+01   5.0000000000e-03   1.0126124834e-01  ) 
8.41	(5.0000010000e+00   5.0000000000e-03   9.9728250338e-02  ) (5.5000010000e+00   5.0000000000e-03   9.8978710369e-02  ) (6.0000010000e+00   5.0000000000e-03   9.9489859486e-02  ) (6.5000010000e+00   5.0000000000e-03   9.9861152279e-02  ) (6.9937500000e+00   5.0000000000e-03   9.9990257927e-02  ) (8.0062500000e+00   5.0000000000e-03   1.0021823233e-01  ) (9.0000010000e+00   5.0000000000e-03   1.0011994661e-01  ) (1.0200001000e+01   5.0000000000e-03   1.0122463219e-01  ) 
8.42	(5.0000010000e+00   5.0000000000e-03   9.9719332544e-02  ) (5.5000010000e+00   5.0000000000e-03   9.8965053020e-02  ) (6.0000010000e+00   5.0000000000e-03   9.9518824114e-02  ) (6.5000010000e+00   5.0000000000e-03   9.9872536091e-02  ) (6.9937500000e+00   5.0000000000e-03   9.9986272792e-02  ) (8.0062500000e+00   5.0000000000e-03   1.0021796642e-01  ) (9.0000010000e+00   5.0000000000e-03   1.0011528676e-01  ) (1.0200001000e+01   5.0000000000e-03   1.0118549110e-01  ) 
8.43	(5.0000010000e+00   5.0000000000e-03   9.9710122205e-02  ) (5.5000010000e+00   5.0000000000e-03   9.8951892970e-02  ) (6.0000010000e+00   5.0000000000e-03   9.9547519010e-02  ) (6.5000010000e+00   5.0000000000e-03   9.9884595401e-02  ) (6.9937500000e+00   5.0000000000e-03   9.9982348717e-02  ) (8.0062500000e+00   5.0000000000e-03   1.0021747377e-01  ) (9.0000010000e+00   5.0000000000e-03   1.0011007159e-01  ) (1.0200001000e+01   5.0000000000e-03   1.0114393331e-01  ) 
8.44	(5.0000010000e+00   5.0000000000e-03   9.9700583063e-02  ) (5.5000010000e+00   5.0000000000e-03   9.8939288860e-02  ) (6.0000010000e+00   5.0000000000e-03   9.9575854057e-02  ) (6.5000010000e+00   5.0000000000e-03   9.9897204361e-02  ) (6.9937500000e+00   5.0000000000e-03   9.9978592275e-02  ) (8.0062500000e+00   5.0000000000e-03   1.0021677684e-01  ) (9.0000010000e+00   5.0000000000e-03   1.0010445331e-01  ) (1.0200001000e+01   5.0000000000e-03   1.0110008872e-01  ) 
8.45	(5.0000010000e+00   5.0000000000e-03   9.9690680842e-02  ) (5.5000010000e+00   5.0000000000e-03   9.8927300374e-02  ) (6.0000010000e+00   5.0000000000e-03   9.9603737355e-02  ) (6.5000010000e+00   5.0000000000e-03   9.9910227145e-02  ) (6.9937500000e+00   5.0000000000e-03   9.9975099409e-02  ) (8.0062500000e+00   5.0000000000e-03   1.0021590129e-01  ) (9.0000010000e+00   5.0000000000e-03   1.0009859209e-01  ) (1.0200001000e+01   5.0000000000e-03   1.0105410779e-01  ) 
8.46	(5.0000010000e+00   5.0000000000e-03   9.9680384483e-02  ) (5.5000010000e+00   5.0000000000e-03   9.8915987031e-02  ) (6.0000010000e+00   5.0000000000e-03   9.9631077531e-02  ) (6.5000010000e+00   5.0000000000e-03   9.9923520463e-02  ) (6.9937500000e+00   5.0000000000e-03   9.9971954926e-02  ) (8.0062500000e+00   5.0000000000e-03   1.0021487265e-01  ) (9.0000010000e+00   5.0000000000e-03   1.0009264675e-01  ) (1.0200001000e+01   5.0000000000e-03   1.0100615986e-01  ) 
8.47	(5.0000010000e+00   5.0000000000e-03   9.9669667315e-02  ) (5.5000010000e+00   5.0000000000e-03   9.8905406888e-02  ) (6.0000010000e+00   5.0000000000e-03   9.9657784303e-02  ) (6.5000010000e+00   5.0000000000e-03   9.9936935831e-02  ) (6.9937500000e+00   5.0000000000e-03   9.9969223024e-02  ) (8.0062500000e+00   5.0000000000e-03   1.0021371464e-01  ) (9.0000010000e+00   5.0000000000e-03   1.0008677351e-01  ) (1.0200001000e+01   5.0000000000e-03   1.0095643183e-01  ) 
8.48	(5.0000010000e+00   5.0000000000e-03   9.9658508041e-02  ) (5.5000010000e+00   5.0000000000e-03   9.8895615670e-02  ) (6.0000010000e+00   5.0000000000e-03   9.9683768814e-02  ) (6.5000010000e+00   5.0000000000e-03   9.9950319829e-02  ) (6.9937500000e+00   5.0000000000e-03   9.9966946983e-02  ) (8.0062500000e+00   5.0000000000e-03   1.0021245068e-01  ) (9.0000010000e+00   5.0000000000e-03   1.0008111812e-01  ) (1.0200001000e+01   5.0000000000e-03   1.0090512637e-01  ) 
8.49	(5.0000010000e+00   5.0000000000e-03   9.9646891574e-02  ) (5.5000010000e+00   5.0000000000e-03   9.8886665285e-02  ) (6.0000010000e+00   5.0000000000e-03   9.9708944133e-02  ) (6.5000010000e+00   5.0000000000e-03   9.9963517881e-02  ) (6.9937500000e+00   5.0000000000e-03   9.9965182828e-02  ) (8.0062500000e+00   5.0000000000e-03   1.0021110317e-01  ) (9.0000010000e+00   5.0000000000e-03   1.0007581507e-01  ) (1.0200001000e+01   5.0000000000e-03   1.0085245990e-01  ) 
8.5	(5.0000010000e+00   5.0000000000e-03   9.9634809684e-02  ) (5.5000010000e+00   5.0000000000e-03   9.8878603492e-02  ) (6.0000010000e+00   5.0000000000e-03   9.9733225778e-02  ) (6.5000010000e+00   5.0000000000e-03   9.9976376202e-02  ) (6.9937500000e+00   5.0000000000e-03   9.9963968040e-02  ) (8.0062500000e+00   5.0000000000e-03   1.0020969391e-01  ) (9.0000010000e+00   5.0000000000e-03   1.0007098083e-01  ) (1.0200001000e+01   5.0000000000e-03   1.0079866100e-01  ) 
8.51	(5.0000010000e+00   5.0000000000e-03   9.9622261445e-02  ) (5.5000010000e+00   5.0000000000e-03   9.8871473047e-02  ) (6.0000010000e+00   5.0000000000e-03   9.9756532927e-02  ) (6.5000010000e+00   5.0000000000e-03   9.9988744357e-02  ) (6.9937500000e+00   5.0000000000e-03   9.9963318190e-02  ) (8.0062500000e+00   5.0000000000e-03   1.0020824211e-01  ) (9.0000010000e+00   5.0000000000e-03   1.0006671221e-01  ) (1.0200001000e+01   5.0000000000e-03   1.0074396845e-01  ) 
8.52	(5.0000010000e+00   5.0000000000e-03   9.9609253446e-02  ) (5.5000010000e+00   5.0000000000e-03   9.8865311454e-02  ) (6.0000010000e+00   5.0000000000e-03   9.9778789723e-02  ) (6.5000010000e+00   5.0000000000e-03   1.0000047625e-01  ) (6.9937500000e+00   5.0000000000e-03   9.9963222307e-02  ) (8.0062500000e+00   5.0000000000e-03   1.0020676374e-01  ) (9.0000010000e+00   5.0000000000e-03   1.0006308255e-01  ) (1.0200001000e+01   5.0000000000e-03   1.0068862931e-01  ) 
8.53	(5.0000010000e+00   5.0000000000e-03   9.9595799821e-02  ) (5.5000010000e+00   5.0000000000e-03   9.8860150411e-02  ) (6.0000010000e+00   5.0000000000e-03   9.9799927064e-02  ) (6.5000010000e+00   5.0000000000e-03   1.0001143480e-01  ) (6.9937500000e+00   5.0000000000e-03   9.9963658496e-02  ) (8.0062500000e+00   5.0000000000e-03   1.0020527019e-01  ) (9.0000010000e+00   5.0000000000e-03   1.0006013907e-01  ) (1.0200001000e+01   5.0000000000e-03   1.0063289669e-01  ) 
8.54	(5.0000010000e+00   5.0000000000e-03   9.9581922024e-02  ) (5.5000010000e+00   5.0000000000e-03   9.8856015679e-02  ) (6.0000010000e+00   5.0000000000e-03   9.9819883271e-02  ) (6.5000010000e+00   5.0000000000e-03   1.0002148989e-01  ) (6.9937500000e+00   5.0000000000e-03   9.9964591056e-02  ) (8.0062500000e+00   5.0000000000e-03   1.0020376901e-01  ) (9.0000010000e+00   5.0000000000e-03   1.0005790176e-01  ) (1.0200001000e+01   5.0000000000e-03   1.0057702793e-01  ) 
8.55	(5.0000010000e+00   5.0000000000e-03   9.9567648342e-02  ) (5.5000010000e+00   5.0000000000e-03   9.8852925921e-02  ) (6.0000010000e+00   5.0000000000e-03   9.9838605632e-02  ) (6.5000010000e+00   5.0000000000e-03   1.0003052212e-01  ) (6.9937500000e+00   5.0000000000e-03   9.9965963823e-02  ) (8.0062500000e+00   5.0000000000e-03   1.0020226143e-01  ) (9.0000010000e+00   5.0000000000e-03   1.0005635686e-01  ) (1.0200001000e+01   5.0000000000e-03   1.0052127864e-01  ) 
8.56	(5.0000010000e+00   5.0000000000e-03   9.9553013542e-02  ) (5.5000010000e+00   5.0000000000e-03   9.8850894059e-02  ) (6.0000010000e+00   5.0000000000e-03   9.9856049036e-02  ) (6.5000010000e+00   5.0000000000e-03   1.0003842664e-01  ) (6.9937500000e+00   5.0000000000e-03   9.9967710867e-02  ) (8.0062500000e+00   5.0000000000e-03   1.0020074588e-01  ) (9.0000010000e+00   5.0000000000e-03   1.0005546278e-01  ) (1.0200001000e+01   5.0000000000e-03   1.0046591271e-01  ) 
8.57	(5.0000010000e+00   5.0000000000e-03   9.9538057776e-02  ) (5.5000010000e+00   5.0000000000e-03   9.8849916535e-02  ) (6.0000010000e+00   5.0000000000e-03   9.9872177619e-02  ) (6.5000010000e+00   5.0000000000e-03   1.0004511733e-01  ) (6.9937500000e+00   5.0000000000e-03   9.9969768516e-02  ) (8.0062500000e+00   5.0000000000e-03   1.0019921171e-01  ) (9.0000010000e+00   5.0000000000e-03   1.0005515973e-01  ) (1.0200001000e+01   5.0000000000e-03   1.0041118788e-01  ) 
8.58	(5.0000010000e+00   5.0000000000e-03   9.9522825715e-02  ) (5.5000010000e+00   5.0000000000e-03   9.8849969444e-02  ) (6.0000010000e+00   5.0000000000e-03   9.9886963915e-02  ) (6.5000010000e+00   5.0000000000e-03   1.0005053447e-01  ) (6.9937500000e+00   5.0000000000e-03   9.9972066583e-02  ) (8.0062500000e+00   5.0000000000e-03   1.0019764798e-01  ) (9.0000010000e+00   5.0000000000e-03   1.0005538065e-01  ) (1.0200001000e+01   5.0000000000e-03   1.0035735908e-01  ) 
8.59	(5.0000010000e+00   5.0000000000e-03   9.9507365327e-02  ) (5.5000010000e+00   5.0000000000e-03   9.8851098551e-02  ) (6.0000010000e+00   5.0000000000e-03   9.9900388917e-02  ) (6.5000010000e+00   5.0000000000e-03   1.0005464662e-01  ) (6.9937500000e+00   5.0000000000e-03   9.9974522039e-02  ) (8.0062500000e+00   5.0000000000e-03   1.0019603991e-01  ) (9.0000010000e+00   5.0000000000e-03   1.0005606605e-01  ) (1.0200001000e+01   5.0000000000e-03   1.0030467556e-01  ) 
8.6	(5.0000010000e+00   5.0000000000e-03   9.9491726659e-02  ) (5.5000010000e+00   5.0000000000e-03   9.8853330036e-02  ) (6.0000010000e+00   5.0000000000e-03   9.9912441160e-02  ) (6.5000010000e+00   5.0000000000e-03   1.0005744686e-01  ) (6.9937500000e+00   5.0000000000e-03   9.9977049915e-02  ) (8.0062500000e+00   5.0000000000e-03   1.0019436941e-01  ) (9.0000010000e+00   5.0000000000e-03   1.0005713700e-01  ) (1.0200001000e+01   5.0000000000e-03   1.0025338014e-01  ) 
8.61	(5.0000010000e+00   5.0000000000e-03   9.9475960488e-02  ) (5.5000010000e+00   5.0000000000e-03   9.8856641123e-02  ) (6.0000010000e+00   5.0000000000e-03   9.9923116636e-02  ) (6.5000010000e+00   5.0000000000e-03   1.0005898130e-01  ) (6.9937500000e+00   5.0000000000e-03   9.9979568633e-02  ) (8.0062500000e+00   5.0000000000e-03   1.0019261638e-01  ) (9.0000010000e+00   5.0000000000e-03   1.0005851448e-01  ) (1.0200001000e+01   5.0000000000e-03   1.0020370686e-01  ) 
8.62	(5.0000010000e+00   5.0000000000e-03   9.9460116907e-02  ) (5.5000010000e+00   5.0000000000e-03   9.8861006758e-02  ) (6.0000010000e+00   5.0000000000e-03   9.9932419072e-02  ) (6.5000010000e+00   5.0000000000e-03   1.0005927531e-01  ) (6.9937500000e+00   5.0000000000e-03   9.9982000323e-02  ) (8.0062500000e+00   5.0000000000e-03   1.0019076010e-01  ) (9.0000010000e+00   5.0000000000e-03   1.0006009083e-01  ) (1.0200001000e+01   5.0000000000e-03   1.0015588050e-01  ) 
8.63	(5.0000010000e+00   5.0000000000e-03   9.9444244140e-02  ) (5.5000010000e+00   5.0000000000e-03   9.8866405561e-02  ) (6.0000010000e+00   5.0000000000e-03   9.9940359628e-02  ) (6.5000010000e+00   5.0000000000e-03   1.0005831480e-01  ) (6.9937500000e+00   5.0000000000e-03   9.9984271687e-02  ) (8.0062500000e+00   5.0000000000e-03   1.0018877993e-01  ) (9.0000010000e+00   5.0000000000e-03   1.0006174804e-01  ) (1.0200001000e+01   5.0000000000e-03   1.0011011948e-01  ) 
8.64	(5.0000010000e+00   5.0000000000e-03   9.9428386714e-02  ) (5.5000010000e+00   5.0000000000e-03   9.8872811101e-02  ) (6.0000010000e+00   5.0000000000e-03   9.9946956364e-02  ) (6.5000010000e+00   5.0000000000e-03   1.0005609549e-01  ) (6.9937500000e+00   5.0000000000e-03   9.9986317269e-02  ) (8.0062500000e+00   5.0000000000e-03   1.0018665368e-01  ) (9.0000010000e+00   5.0000000000e-03   1.0006337437e-01  ) (1.0200001000e+01   5.0000000000e-03   1.0006662388e-01  ) 
8.65	(5.0000010000e+00   5.0000000000e-03   9.9412584819e-02  ) (5.5000010000e+00   5.0000000000e-03   9.8880201580e-02  ) (6.0000010000e+00   5.0000000000e-03   9.9952235237e-02  ) (6.5000010000e+00   5.0000000000e-03   1.0005264220e-01  ) (6.9937500000e+00   5.0000000000e-03   9.9988085785e-02  ) (8.0062500000e+00   5.0000000000e-03   1.0018436337e-01  ) (9.0000010000e+00   5.0000000000e-03   1.0006486259e-01  ) (1.0200001000e+01   5.0000000000e-03   1.0002558095e-01  ) 
8.66	(5.0000010000e+00   5.0000000000e-03   9.9396873043e-02  ) (5.5000010000e+00   5.0000000000e-03   9.8888551269e-02  ) (6.0000010000e+00   5.0000000000e-03   9.9956227575e-02  ) (6.5000010000e+00   5.0000000000e-03   1.0004806872e-01  ) (6.9937500000e+00   5.0000000000e-03   9.9989530939e-02  ) (8.0062500000e+00   5.0000000000e-03   1.0018189282e-01  ) (9.0000010000e+00   5.0000000000e-03   1.0006611944e-01  ) (1.0200001000e+01   5.0000000000e-03   9.9987153429e-02  ) 
8.67	(5.0000010000e+00   5.0000000000e-03   9.9381279668e-02  ) (5.5000010000e+00   5.0000000000e-03   9.8897834792e-02  ) (6.0000010000e+00   5.0000000000e-03   9.9958969579e-02  ) (6.5000010000e+00   5.0000000000e-03   1.0004248636e-01  ) (6.9937500000e+00   5.0000000000e-03   9.9990608616e-02  ) (8.0062500000e+00   5.0000000000e-03   1.0017923061e-01  ) (9.0000010000e+00   5.0000000000e-03   1.0006707250e-01  ) (1.0200001000e+01   5.0000000000e-03   9.9951482444e-02  ) 
8.68	(5.0000010000e+00   5.0000000000e-03   9.9365825988e-02  ) (5.5000010000e+00   5.0000000000e-03   9.8908029436e-02  ) (6.0000010000e+00   5.0000000000e-03   9.9960514324e-02  ) (6.5000010000e+00   5.0000000000e-03   1.0003602154e-01  ) (6.9937500000e+00   5.0000000000e-03   9.9991290928e-02  ) (8.0062500000e+00   5.0000000000e-03   1.0017636819e-01  ) (9.0000010000e+00   5.0000000000e-03   1.0006766727e-01  ) (1.0200001000e+01   5.0000000000e-03   9.9918687799e-02  ) 
8.69	(5.0000010000e+00   5.0000000000e-03   9.9350525879e-02  ) (5.5000010000e+00   5.0000000000e-03   9.8919115289e-02  ) (6.0000010000e+00   5.0000000000e-03   9.9960919864e-02  ) (6.5000010000e+00   5.0000000000e-03   1.0002881040e-01  ) (6.9937500000e+00   5.0000000000e-03   9.9991562263e-02  ) (8.0062500000e+00   5.0000000000e-03   1.0017330045e-01  ) (9.0000010000e+00   5.0000000000e-03   1.0006786273e-01  ) (1.0200001000e+01   5.0000000000e-03   9.9888873275e-02  ) 
8.7	(5.0000010000e+00   5.0000000000e-03   9.9335385950e-02  ) (5.5000010000e+00   5.0000000000e-03   9.8931075392e-02  ) (6.0000010000e+00   5.0000000000e-03   9.9960218085e-02  ) (6.5000010000e+00   5.0000000000e-03   1.0002099742e-01  ) (6.9937500000e+00   5.0000000000e-03   9.9991418056e-02  ) (8.0062500000e+00   5.0000000000e-03   1.0017002767e-01  ) (9.0000010000e+00   5.0000000000e-03   1.0006764188e-01  ) (1.0200001000e+01   5.0000000000e-03   9.9862120942e-02  ) 
8.71	(5.0000010000e+00   5.0000000000e-03   9.9320405081e-02  ) (5.5000010000e+00   5.0000000000e-03   9.8943896124e-02  ) (6.0000010000e+00   5.0000000000e-03   9.9958436729e-02  ) (6.5000010000e+00   5.0000000000e-03   1.0001273501e-01  ) (6.9937500000e+00   5.0000000000e-03   9.9990866940e-02  ) (8.0062500000e+00   5.0000000000e-03   1.0016655493e-01  ) (9.0000010000e+00   5.0000000000e-03   1.0006701531e-01  ) (1.0200001000e+01   5.0000000000e-03   9.9838489589e-02  ) 
8.72	(5.0000010000e+00   5.0000000000e-03   9.9305576512e-02  ) (5.5000010000e+00   5.0000000000e-03   9.8957567994e-02  ) (6.0000010000e+00   5.0000000000e-03   9.9955632410e-02  ) (6.5000010000e+00   5.0000000000e-03   1.0000417958e-01  ) (6.9937500000e+00   5.0000000000e-03   9.9989931598e-02  ) (8.0062500000e+00   5.0000000000e-03   1.0016289654e-01  ) (9.0000010000e+00   5.0000000000e-03   1.0006600639e-01  ) (1.0200001000e+01   5.0000000000e-03   9.9818016087e-02  ) 
8.73	(5.0000010000e+00   5.0000000000e-03   9.9290886979e-02  ) (5.5000010000e+00   5.0000000000e-03   9.8972085857e-02  ) (6.0000010000e+00   5.0000000000e-03   9.9951899853e-02  ) (6.5000010000e+00   5.0000000000e-03   9.9995491382e-02  ) (6.9937500000e+00   5.0000000000e-03   9.9988643565e-02  ) (8.0062500000e+00   5.0000000000e-03   1.0015907992e-01  ) (9.0000010000e+00   5.0000000000e-03   1.0006465673e-01  ) (1.0200001000e+01   5.0000000000e-03   9.9800717115e-02  ) 
8.74	(5.0000010000e+00   5.0000000000e-03   9.9276318104e-02  ) (5.5000010000e+00   5.0000000000e-03   9.8987448380e-02  ) (6.0000010000e+00   5.0000000000e-03   9.9947329928e-02  ) (6.5000010000e+00   5.0000000000e-03   9.9986826632e-02  ) (6.9937500000e+00   5.0000000000e-03   9.9987045568e-02  ) (8.0062500000e+00   5.0000000000e-03   1.0015512861e-01  ) (9.0000010000e+00   5.0000000000e-03   1.0006302689e-01  ) (1.0200001000e+01   5.0000000000e-03   9.9786586703e-02  ) 
8.75	(5.0000010000e+00   5.0000000000e-03   9.9261847663e-02  ) (5.5000010000e+00   5.0000000000e-03   9.9003657705e-02  ) (6.0000010000e+00   5.0000000000e-03   9.9942016080e-02  ) (6.5000010000e+00   5.0000000000e-03   9.9978338170e-02  ) (6.9937500000e+00   5.0000000000e-03   9.9985189687e-02  ) (8.0062500000e+00   5.0000000000e-03   1.0015107473e-01  ) (9.0000010000e+00   5.0000000000e-03   1.0006120339e-01  ) (1.0200001000e+01   5.0000000000e-03   9.9775595676e-02  ) 
8.76	(5.0000010000e+00   5.0000000000e-03   9.9247450648e-02  ) (5.5000010000e+00   5.0000000000e-03   9.9020718613e-02  ) (6.0000010000e+00   5.0000000000e-03   9.9936054332e-02  ) (6.5000010000e+00   5.0000000000e-03   9.9970172014e-02  ) (6.9937500000e+00   5.0000000000e-03   9.9983133173e-02  ) (8.0062500000e+00   5.0000000000e-03   1.0014695147e-01  ) (9.0000010000e+00   5.0000000000e-03   1.0005928205e-01  ) (1.0200001000e+01   5.0000000000e-03   9.9767687539e-02  ) 
8.77	(5.0000010000e+00   5.0000000000e-03   9.9233100781e-02  ) (5.5000010000e+00   5.0000000000e-03   9.9038637899e-02  ) (6.0000010000e+00   5.0000000000e-03   9.9929544979e-02  ) (6.5000010000e+00   5.0000000000e-03   9.9962466003e-02  ) (6.9937500000e+00   5.0000000000e-03   9.9980940206e-02  ) (8.0062500000e+00   5.0000000000e-03   1.0014278319e-01  ) (9.0000010000e+00   5.0000000000e-03   1.0005736604e-01  ) (1.0200001000e+01   5.0000000000e-03   9.9762756568e-02  ) 
8.78	(5.0000010000e+00   5.0000000000e-03   9.9218771666e-02  ) (5.5000010000e+00   5.0000000000e-03   9.9057423213e-02  ) (6.0000010000e+00   5.0000000000e-03   9.9922590978e-02  ) (6.5000010000e+00   5.0000000000e-03   9.9955350642e-02  ) (6.9937500000e+00   5.0000000000e-03   9.9978673637e-02  ) (8.0062500000e+00   5.0000000000e-03   1.0013858836e-01  ) (9.0000010000e+00   5.0000000000e-03   1.0005556291e-01  ) (1.0200001000e+01   5.0000000000e-03   9.9760689528e-02  ) 
8.79	(5.0000010000e+00   5.0000000000e-03   9.9204438546e-02  ) (5.5000010000e+00   5.0000000000e-03   9.9077081914e-02  ) (6.0000010000e+00   5.0000000000e-03   9.9915298148e-02  ) (6.5000010000e+00   5.0000000000e-03   9.9948945995e-02  ) (6.9937500000e+00   5.0000000000e-03   9.9976397647e-02  ) (8.0062500000e+00   5.0000000000e-03   1.0013438766e-01  ) (9.0000010000e+00   5.0000000000e-03   1.0005397909e-01  ) (1.0200001000e+01   5.0000000000e-03   9.9761473689e-02  ) 
8.8	(5.0000010000e+00   5.0000000000e-03   9.9190079448e-02  ) (5.5000010000e+00   5.0000000000e-03   9.9097619944e-02  ) (6.0000010000e+00   5.0000000000e-03   9.9907774570e-02  ) (6.5000010000e+00   5.0000000000e-03   9.9943358619e-02  ) (6.9937500000e+00   5.0000000000e-03   9.9974182931e-02  ) (8.0062500000e+00   5.0000000000e-03   1.0013020133e-01  ) (9.0000010000e+00   5.0000000000e-03   1.0005271433e-01  ) (1.0200001000e+01   5.0000000000e-03   9.9765099375e-02  ) 
8.81	(5.0000010000e+00   5.0000000000e-03   9.9175676651e-02  ) (5.5000010000e+00   5.0000000000e-03   9.9119040257e-02  ) (6.0000010000e+00   5.0000000000e-03   9.9900129666e-02  ) (6.5000010000e+00   5.0000000000e-03   9.9938677450e-02  ) (6.9937500000e+00   5.0000000000e-03   9.9972101442e-02  ) (8.0062500000e+00   5.0000000000e-03   1.0012604738e-01  ) (9.0000010000e+00   5.0000000000e-03   1.0005184603e-01  ) (1.0200001000e+01   5.0000000000e-03   9.9771501817e-02  ) 
8.82	(5.0000010000e+00   5.0000000000e-03   9.9161217706e-02  ) (5.5000010000e+00   5.0000000000e-03   9.9141341627e-02  ) (6.0000010000e+00   5.0000000000e-03   9.9892473224e-02  ) (6.5000010000e+00   5.0000000000e-03   9.9934971430e-02  ) (6.9937500000e+00   5.0000000000e-03   9.9970218614e-02  ) (8.0062500000e+00   5.0000000000e-03   1.0012193920e-01  ) (9.0000010000e+00   5.0000000000e-03   1.0005142901e-01  ) (1.0200001000e+01   5.0000000000e-03   9.9780506509e-02  ) 
8.83	(5.0000010000e+00   5.0000000000e-03   9.9146696611e-02  ) (5.5000010000e+00   5.0000000000e-03   9.9164517356e-02  ) (6.0000010000e+00   5.0000000000e-03   9.9884915129e-02  ) (6.5000010000e+00   5.0000000000e-03   9.9932280504e-02  ) (6.9937500000e+00   5.0000000000e-03   9.9968592060e-02  ) (8.0062500000e+00   5.0000000000e-03   1.0011789251e-01  ) (9.0000010000e+00   5.0000000000e-03   1.0005151487e-01  ) (1.0200001000e+01   5.0000000000e-03   9.9791901600e-02  ) 
8.84	(5.0000010000e+00   5.0000000000e-03   9.9132114606e-02  ) (5.5000010000e+00   5.0000000000e-03   9.9188553879e-02  ) (6.0000010000e+00   5.0000000000e-03   9.9877563915e-02  ) (6.5000010000e+00   5.0000000000e-03   9.9930605384e-02  ) (6.9937500000e+00   5.0000000000e-03   9.9967271051e-02  ) (8.0062500000e+00   5.0000000000e-03   1.0011392090e-01  ) (9.0000010000e+00   5.0000000000e-03   1.0005214541e-01  ) (1.0200001000e+01   5.0000000000e-03   9.9805493372e-02  ) 
8.85	(5.0000010000e+00   5.0000000000e-03   9.9117480852e-02  ) (5.5000010000e+00   5.0000000000e-03   9.9213429915e-02  ) (6.0000010000e+00   5.0000000000e-03   9.9870526035e-02  ) (6.5000010000e+00   5.0000000000e-03   9.9929916204e-02  ) (6.9937500000e+00   5.0000000000e-03   9.9966293896e-02  ) (8.0062500000e+00   5.0000000000e-03   1.0011003630e-01  ) (9.0000010000e+00   5.0000000000e-03   1.0005332982e-01  ) (1.0200001000e+01   5.0000000000e-03   9.9821069040e-02  ) 
8.86	(5.0000010000e+00   5.0000000000e-03   9.9102812847e-02  ) (5.5000010000e+00   5.0000000000e-03   9.9239115250e-02  ) (6.0000010000e+00   5.0000000000e-03   9.9863905138e-02  ) (6.5000010000e+00   5.0000000000e-03   9.9930224772e-02  ) (6.9937500000e+00   5.0000000000e-03   9.9965687313e-02  ) (8.0062500000e+00   5.0000000000e-03   1.0010625035e-01  ) (9.0000010000e+00   5.0000000000e-03   1.0005507404e-01  ) (1.0200001000e+01   5.0000000000e-03   9.9838401979e-02  ) 
8.87	(5.0000010000e+00   5.0000000000e-03   9.9088136523e-02  ) (5.5000010000e+00   5.0000000000e-03   9.9265570277e-02  ) (6.0000010000e+00   5.0000000000e-03   9.9857800616e-02  ) (6.5000010000e+00   5.0000000000e-03   9.9931526835e-02  ) (6.9937500000e+00   5.0000000000e-03   9.9965464362e-02  ) (8.0062500000e+00   5.0000000000e-03   1.0010257078e-01  ) (9.0000010000e+00   5.0000000000e-03   1.0005736400e-01  ) (1.0200001000e+01   5.0000000000e-03   9.9857258929e-02  ) 
8.88	(5.0000010000e+00   5.0000000000e-03   9.9073485997e-02  ) (5.5000010000e+00   5.0000000000e-03   9.9292745056e-02  ) (6.0000010000e+00   5.0000000000e-03   9.9852308291e-02  ) (6.5000010000e+00   5.0000000000e-03   9.9933835492e-02  ) (6.9937500000e+00   5.0000000000e-03   9.9965625952e-02  ) (8.0062500000e+00   5.0000000000e-03   1.0009900399e-01  ) (9.0000010000e+00   5.0000000000e-03   1.0006015350e-01  ) (1.0200001000e+01   5.0000000000e-03   9.9877393857e-02  ) 
8.89	(5.0000010000e+00   5.0000000000e-03   9.9058903109e-02  ) (5.5000010000e+00   5.0000000000e-03   9.9320579371e-02  ) (6.0000010000e+00   5.0000000000e-03   9.9847517735e-02  ) (6.5000010000e+00   5.0000000000e-03   9.9937098294e-02  ) (6.9937500000e+00   5.0000000000e-03   9.9966158809e-02  ) (8.0062500000e+00   5.0000000000e-03   1.0009555197e-01  ) (9.0000010000e+00   5.0000000000e-03   1.0006337683e-01  ) (1.0200001000e+01   5.0000000000e-03   9.9898552951e-02  ) 
8.9	(5.0000010000e+00   5.0000000000e-03   9.9044427921e-02  ) (5.5000010000e+00   5.0000000000e-03   9.9349002660e-02  ) (6.0000010000e+00   5.0000000000e-03   9.9843512428e-02  ) (6.5000010000e+00   5.0000000000e-03   9.9941226280e-02  ) (6.9937500000e+00   5.0000000000e-03   9.9967038199e-02  ) (8.0062500000e+00   5.0000000000e-03   1.0009222123e-01  ) (9.0000010000e+00   5.0000000000e-03   1.0006696001e-01  ) (1.0200001000e+01   5.0000000000e-03   9.9920478605e-02  ) 
8.91	(5.0000010000e+00   5.0000000000e-03   9.9030120273e-02  ) (5.5000010000e+00   5.0000000000e-03   9.9377932802e-02  ) (6.0000010000e+00   5.0000000000e-03   9.9840365996e-02  ) (6.5000010000e+00   5.0000000000e-03   9.9946126669e-02  ) (6.9937500000e+00   5.0000000000e-03   9.9968230140e-02  ) (8.0062500000e+00   5.0000000000e-03   1.0008901656e-01  ) (9.0000010000e+00   5.0000000000e-03   1.0007081478e-01  ) (1.0200001000e+01   5.0000000000e-03   9.9942904615e-02  ) 
8.92	(5.0000010000e+00   5.0000000000e-03   9.9016071595e-02  ) (5.5000010000e+00   5.0000000000e-03   9.9407281703e-02  ) (6.0000010000e+00   5.0000000000e-03   9.9838133447e-02  ) (6.5000010000e+00   5.0000000000e-03   9.9951694312e-02  ) (6.9937500000e+00   5.0000000000e-03   9.9969692248e-02  ) (8.0062500000e+00   5.0000000000e-03   1.0008593537e-01  ) (9.0000010000e+00   5.0000000000e-03   1.0007484749e-01  ) (1.0200001000e+01   5.0000000000e-03   9.9965574296e-02  ) 
8.93	(5.0000010000e+00   5.0000000000e-03   9.9002360766e-02  ) (5.5000010000e+00   5.0000000000e-03   9.9436948319e-02  ) (6.0000010000e+00   5.0000000000e-03   9.9836845055e-02  ) (6.5000010000e+00   5.0000000000e-03   9.9957814885e-02  ) (6.9937500000e+00   5.0000000000e-03   9.9971376452e-02  ) (8.0062500000e+00   5.0000000000e-03   1.0008297620e-01  ) (9.0000010000e+00   5.0000000000e-03   1.0007895956e-01  ) (1.0200001000e+01   5.0000000000e-03   9.9988224623e-02  ) 
8.94	(5.0000010000e+00   5.0000000000e-03   9.8989013804e-02  ) (5.5000010000e+00   5.0000000000e-03   9.9466825402e-02  ) (6.0000010000e+00   5.0000000000e-03   9.9836496960e-02  ) (6.5000010000e+00   5.0000000000e-03   9.9964365292e-02  ) (6.9937500000e+00   5.0000000000e-03   9.9973232757e-02  ) (8.0062500000e+00   5.0000000000e-03   1.0008013697e-01  ) (9.0000010000e+00   5.0000000000e-03   1.0008305526e-01  ) (1.0200001000e+01   5.0000000000e-03   1.0001060076e-01  ) 
8.95	(5.0000010000e+00   5.0000000000e-03   9.8976104597e-02  ) (5.5000010000e+00   5.0000000000e-03   9.9496798887e-02  ) (6.0000010000e+00   5.0000000000e-03   9.9837145194e-02  ) (6.5000010000e+00   5.0000000000e-03   9.9971215294e-02  ) (6.9937500000e+00   5.0000000000e-03   9.9975207960e-02  ) (8.0062500000e+00   5.0000000000e-03   1.0007741628e-01  ) (9.0000010000e+00   5.0000000000e-03   1.0008704489e-01  ) (1.0200001000e+01   5.0000000000e-03   1.0003245588e-01  ) 
8.96	(5.0000010000e+00   5.0000000000e-03   9.8963701918e-02  ) (5.5000010000e+00   5.0000000000e-03   9.9526750942e-02  ) (6.0000010000e+00   5.0000000000e-03   9.9838850473e-02  ) (6.5000010000e+00   5.0000000000e-03   9.9978231209e-02  ) (6.9937500000e+00   5.0000000000e-03   9.9977242769e-02  ) (8.0062500000e+00   5.0000000000e-03   1.0007480797e-01  ) (9.0000010000e+00   5.0000000000e-03   1.0009084649e-01  ) (1.0200001000e+01   5.0000000000e-03   1.0005355717e-01  ) 
8.97	(5.0000010000e+00   5.0000000000e-03   9.8951871396e-02  ) (5.5000010000e+00   5.0000000000e-03   9.9556559428e-02  ) (6.0000010000e+00   5.0000000000e-03   9.9841643026e-02  ) (6.5000010000e+00   5.0000000000e-03   9.9985276263e-02  ) (6.9937500000e+00   5.0000000000e-03   9.9979278753e-02  ) (8.0062500000e+00   5.0000000000e-03   1.0007230559e-01  ) (9.0000010000e+00   5.0000000000e-03   1.0009439126e-01  ) (1.0200001000e+01   5.0000000000e-03   1.0007368076e-01  ) 
8.98	(5.0000010000e+00   5.0000000000e-03   9.8940676590e-02  ) (5.5000010000e+00   5.0000000000e-03   9.9586099526e-02  ) (6.0000010000e+00   5.0000000000e-03   9.9845498552e-02  ) (6.5000010000e+00   5.0000000000e-03   9.9992214883e-02  ) (6.9937500000e+00   5.0000000000e-03   9.9981257876e-02  ) (8.0062500000e+00   5.0000000000e-03   1.0006990379e-01  ) (9.0000010000e+00   5.0000000000e-03   1.0009762652e-01  ) (1.0200001000e+01   5.0000000000e-03   1.0009260984e-01  ) 
8.99	(5.0000010000e+00   5.0000000000e-03   9.8930177530e-02  ) (5.5000010000e+00   5.0000000000e-03   9.9615246200e-02  ) (6.0000010000e+00   5.0000000000e-03   9.9850393062e-02  ) (6.5000010000e+00   5.0000000000e-03   9.9998913923e-02  ) (6.9937500000e+00   5.0000000000e-03   9.9983125875e-02  ) (8.0062500000e+00   5.0000000000e-03   1.0006759755e-01  ) (9.0000010000e+00   5.0000000000e-03   1.0010051926e-01  ) (1.0200001000e+01   5.0000000000e-03   1.0011014017e-01  ) 
9	(5.0000010000e+00   5.0000000000e-03   9.8920429367e-02  ) (5.5000010000e+00   5.0000000000e-03   9.9643876625e-02  ) (6.0000010000e+00   5.0000000000e-03   9.9856292583e-02  ) (6.5000010000e+00   5.0000000000e-03   1.0000524759e-01  ) (6.9937500000e+00   5.0000000000e-03   9.9984836605e-02  ) (8.0062500000e+00   5.0000000000e-03   1.0006538354e-01  ) (9.0000010000e+00   5.0000000000e-03   1.0010305709e-01  ) (1.0200001000e+01   5.0000000000e-03   1.0012608265e-01  ) 
9.01	(5.0000010000e+00   5.0000000000e-03   9.8911481458e-02  ) (5.5000010000e+00   5.0000000000e-03   9.9671871648e-02  ) (6.0000010000e+00   5.0000000000e-03   9.9863150995e-02  ) (6.5000010000e+00   5.0000000000e-03   1.0001109478e-01  ) (6.9937500000e+00   5.0000000000e-03   9.9986345237e-02  ) (8.0062500000e+00   5.0000000000e-03   1.0006326040e-01  ) (9.0000010000e+00   5.0000000000e-03   1.0010524914e-01  ) (1.0200001000e+01   5.0000000000e-03   1.0014026554e-01  ) 
9.02	(5.0000010000e+00   5.0000000000e-03   9.8903376395e-02  ) (5.5000010000e+00   5.0000000000e-03   9.9699117546e-02  ) (6.0000010000e+00   5.0000000000e-03   9.9870910246e-02  ) (6.5000010000e+00   5.0000000000e-03   1.0001634283e-01  ) (6.9937500000e+00   5.0000000000e-03   9.9987615086e-02  ) (8.0062500000e+00   5.0000000000e-03   1.0006122762e-01  ) (9.0000010000e+00   5.0000000000e-03   1.0010712703e-01  ) (1.0200001000e+01   5.0000000000e-03   1.0015254377e-01  ) 
9.03	(5.0000010000e+00   5.0000000000e-03   9.8896149297e-02  ) (5.5000010000e+00   5.0000000000e-03   9.9725507572e-02  ) (6.0000010000e+00   5.0000000000e-03   9.9879501993e-02  ) (6.5000010000e+00   5.0000000000e-03   1.0002088937e-01  ) (6.9937500000e+00   5.0000000000e-03   9.9988619388e-02  ) (8.0062500000e+00   5.0000000000e-03   1.0005928305e-01  ) (9.0000010000e+00   5.0000000000e-03   1.0010873938e-01  ) (1.0200001000e+01   5.0000000000e-03   1.0016280289e-01  ) 
9.04	(5.0000010000e+00   5.0000000000e-03   9.8889828081e-02  ) (5.5000010000e+00   5.0000000000e-03   9.9750943544e-02  ) (6.0000010000e+00   5.0000000000e-03   9.9888846786e-02  ) (6.5000010000e+00   5.0000000000e-03   1.0002464762e-01  ) (6.9937500000e+00   5.0000000000e-03   9.9989340453e-02  ) (8.0062500000e+00   5.0000000000e-03   1.0005742659e-01  ) (9.0000010000e+00   5.0000000000e-03   1.0011014597e-01  ) (1.0200001000e+01   5.0000000000e-03   1.0017096389e-01  ) 
9.05	(5.0000010000e+00   5.0000000000e-03   9.8884433212e-02  ) (5.5000010000e+00   5.0000000000e-03   9.9775336652e-02  ) (6.0000010000e+00   5.0000000000e-03   9.9898857086e-02  ) (6.5000010000e+00   5.0000000000e-03   1.0002754978e-01  ) (6.9937500000e+00   5.0000000000e-03   9.9989769615e-02  ) (8.0062500000e+00   5.0000000000e-03   1.0005566001e-01  ) (9.0000010000e+00   5.0000000000e-03   1.0011141980e-01  ) (1.0200001000e+01   5.0000000000e-03   1.0017698400e-01  ) 
9.06	(5.0000010000e+00   5.0000000000e-03   9.8879978569e-02  ) (5.5000010000e+00   5.0000000000e-03   9.9798608560e-02  ) (6.0000010000e+00   5.0000000000e-03   9.9909435524e-02  ) (6.5000010000e+00   5.0000000000e-03   1.0002955532e-01  ) (6.9937500000e+00   5.0000000000e-03   9.9989907600e-02  ) (8.0062500000e+00   5.0000000000e-03   1.0005398913e-01  ) (9.0000010000e+00   5.0000000000e-03   1.0011264010e-01  ) (1.0200001000e+01   5.0000000000e-03   1.0018085794e-01  ) 
9.07	(5.0000010000e+00   5.0000000000e-03   9.8876471617e-02  ) (5.5000010000e+00   5.0000000000e-03   9.9820693035e-02  ) (6.0000010000e+00   5.0000000000e-03   9.9920477511e-02  ) (6.5000010000e+00   5.0000000000e-03   1.0003067845e-01  ) (6.9937500000e+00   5.0000000000e-03   9.9989763730e-02  ) (8.0062500000e+00   5.0000000000e-03   1.0005242204e-01  ) (9.0000010000e+00   5.0000000000e-03   1.0011388406e-01  ) (1.0200001000e+01   5.0000000000e-03   1.0018266899e-01  ) 
9.08	(5.0000010000e+00   5.0000000000e-03   9.8873914174e-02  ) (5.5000010000e+00   5.0000000000e-03   9.9841536820e-02  ) (6.0000010000e+00   5.0000000000e-03   9.9931871510e-02  ) (6.5000010000e+00   5.0000000000e-03   1.0003091839e-01  ) (6.9937500000e+00   5.0000000000e-03   9.9989356261e-02  ) (8.0062500000e+00   5.0000000000e-03   1.0005096576e-01  ) (9.0000010000e+00   5.0000000000e-03   1.0011523024e-01  ) (1.0200001000e+01   5.0000000000e-03   1.0018240214e-01  ) 
9.09	(5.0000010000e+00   5.0000000000e-03   9.8872300758e-02  ) (5.5000010000e+00   5.0000000000e-03   9.9861099799e-02  ) (6.0000010000e+00   5.0000000000e-03   9.9943502605e-02  ) (6.5000010000e+00   5.0000000000e-03   1.0003025831e-01  ) (6.9937500000e+00   5.0000000000e-03   9.9988710792e-02  ) (8.0062500000e+00   5.0000000000e-03   1.0004963077e-01  ) (9.0000010000e+00   5.0000000000e-03   1.0011675552e-01  ) (1.0200001000e+01   5.0000000000e-03   1.0018003057e-01  ) 
9.1	(5.0000010000e+00   5.0000000000e-03   9.8871598588e-02  ) (5.5000010000e+00   5.0000000000e-03   9.9879354857e-02  ) (6.0000010000e+00   5.0000000000e-03   9.9955252714e-02  ) (6.5000010000e+00   5.0000000000e-03   1.0002869197e-01  ) (6.9937500000e+00   5.0000000000e-03   9.9987859852e-02  ) (8.0062500000e+00   5.0000000000e-03   1.0004842618e-01  ) (9.0000010000e+00   5.0000000000e-03   1.0011852924e-01  ) (1.0200001000e+01   5.0000000000e-03   1.0017549176e-01  ) 
9.11	(5.0000010000e+00   5.0000000000e-03   9.8871793974e-02  ) (5.5000010000e+00   5.0000000000e-03   9.9896287525e-02  ) (6.0000010000e+00   5.0000000000e-03   9.9967001482e-02  ) (6.5000010000e+00   5.0000000000e-03   1.0002621821e-01  ) (6.9937500000e+00   5.0000000000e-03   9.9986842772e-02  ) (8.0062500000e+00   5.0000000000e-03   1.0004735969e-01  ) (9.0000010000e+00   5.0000000000e-03   1.0012060950e-01  ) (1.0200001000e+01   5.0000000000e-03   1.0016886421e-01  ) 
9.12	(5.0000010000e+00   5.0000000000e-03   9.8872908674e-02  ) (5.5000010000e+00   5.0000000000e-03   9.9911894917e-02  ) (6.0000010000e+00   5.0000000000e-03   9.9978628203e-02  ) (6.5000010000e+00   5.0000000000e-03   1.0002290198e-01  ) (6.9937500000e+00   5.0000000000e-03   9.9985702577e-02  ) (8.0062500000e+00   5.0000000000e-03   1.0004643567e-01  ) (9.0000010000e+00   5.0000000000e-03   1.0012304076e-01  ) (1.0200001000e+01   5.0000000000e-03   1.0016029050e-01  ) 
9.13	(5.0000010000e+00   5.0000000000e-03   9.8874963004e-02  ) (5.5000010000e+00   5.0000000000e-03   9.9926184662e-02  ) (6.0000010000e+00   5.0000000000e-03   9.9990013032e-02  ) (6.5000010000e+00   5.0000000000e-03   1.0001882863e-01  ) (6.9937500000e+00   5.0000000000e-03   9.9984484817e-02  ) (8.0062500000e+00   5.0000000000e-03   1.0004565325e-01  ) (9.0000010000e+00   5.0000000000e-03   1.0012584896e-01  ) (1.0200001000e+01   5.0000000000e-03   1.0014991374e-01  ) 
9.14	(5.0000010000e+00   5.0000000000e-03   9.8877944698e-02  ) (5.5000010000e+00   5.0000000000e-03   9.9939173370e-02  ) (6.0000010000e+00   5.0000000000e-03   1.0000104010e-01  ) (6.5000010000e+00   5.0000000000e-03   1.0001409095e-01  ) (6.9937500000e+00   5.0000000000e-03   9.9983235870e-02  ) (8.0062500000e+00   5.0000000000e-03   1.0004500947e-01  ) (9.0000010000e+00   5.0000000000e-03   1.0012904327e-01  ) (1.0200001000e+01   5.0000000000e-03   1.0013789228e-01  ) 
9.15	(5.0000010000e+00   5.0000000000e-03   9.8881832236e-02  ) (5.5000010000e+00   5.0000000000e-03   9.9950885239e-02  ) (6.0000010000e+00   5.0000000000e-03   1.0001159739e-01  ) (6.5000010000e+00   5.0000000000e-03   1.0000879299e-01  ) (6.9937500000e+00   5.0000000000e-03   9.9982001811e-02  ) (8.0062500000e+00   5.0000000000e-03   1.0004449950e-01  ) (9.0000010000e+00   5.0000000000e-03   1.0013261484e-01  ) (1.0200001000e+01   5.0000000000e-03   1.0012440307e-01  ) 
9.16	(5.0000010000e+00   5.0000000000e-03   9.8886607769e-02  ) (5.5000010000e+00   5.0000000000e-03   9.9961350345e-02  ) (6.0000010000e+00   5.0000000000e-03   1.0002157785e-01  ) (6.5000010000e+00   5.0000000000e-03   1.0000304923e-01  ) (6.9937500000e+00   5.0000000000e-03   9.9980827786e-02  ) (8.0062500000e+00   5.0000000000e-03   1.0004411635e-01  ) (9.0000010000e+00   5.0000000000e-03   1.0013653799e-01  ) (1.0200001000e+01   5.0000000000e-03   1.0010963849e-01  ) 
9.17	(5.0000010000e+00   5.0000000000e-03   9.8892258621e-02  ) (5.5000010000e+00   5.0000000000e-03   9.9970602430e-02  ) (6.0000010000e+00   5.0000000000e-03   1.0003088173e-01  ) (6.5000010000e+00   5.0000000000e-03   9.9996981380e-02  ) (6.9937500000e+00   5.0000000000e-03   9.9979755939e-02  ) (8.0062500000e+00   5.0000000000e-03   1.0004385097e-01  ) (9.0000010000e+00   5.0000000000e-03   1.0014077354e-01  ) (1.0200001000e+01   5.0000000000e-03   1.0009380620e-01  ) 
9.18	(5.0000010000e+00   5.0000000000e-03   9.8898773245e-02  ) (5.5000010000e+00   5.0000000000e-03   9.9978681979e-02  ) (6.0000010000e+00   5.0000000000e-03   1.0003941567e-01  ) (6.5000010000e+00   5.0000000000e-03   9.9990717235e-02  ) (6.9937500000e+00   5.0000000000e-03   9.9978823647e-02  ) (8.0062500000e+00   5.0000000000e-03   1.0004369257e-01  ) (9.0000010000e+00   5.0000000000e-03   1.0014526878e-01  ) (1.0200001000e+01   5.0000000000e-03   1.0007712601e-01  ) 
9.19	(5.0000010000e+00   5.0000000000e-03   9.8906143573e-02  ) (5.5000010000e+00   5.0000000000e-03   9.9985635089e-02  ) (6.0000010000e+00   5.0000000000e-03   1.0004709586e-01  ) (6.5000010000e+00   5.0000000000e-03   9.9984386579e-02  ) (6.9937500000e+00   5.0000000000e-03   9.9978062427e-02  ) (8.0062500000e+00   5.0000000000e-03   1.0004362914e-01  ) (9.0000010000e+00   5.0000000000e-03   1.0014996160e-01  ) (1.0200001000e+01   5.0000000000e-03   1.0005982587e-01  ) 
9.2	(5.0000010000e+00   5.0000000000e-03   9.8914366449e-02  ) (5.5000010000e+00   5.0000000000e-03   9.9991504851e-02  ) (6.0000010000e+00   5.0000000000e-03   1.0005384929e-01  ) (6.5000010000e+00   5.0000000000e-03   9.9978118375e-02  ) (6.9937500000e+00   5.0000000000e-03   9.9977496941e-02  ) (8.0062500000e+00   5.0000000000e-03   1.0004364800e-01  ) (9.0000010000e+00   5.0000000000e-03   1.0015478314e-01  ) (1.0200001000e+01   5.0000000000e-03   1.0004214053e-01  ) 
9.21	(5.0000010000e+00   5.0000000000e-03   9.8923442007e-02  ) (5.5000010000e+00   5.0000000000e-03   9.9996335176e-02  ) (6.0000010000e+00   5.0000000000e-03   1.0005961679e-01  ) (6.5000010000e+00   5.0000000000e-03   9.9972036968e-02  ) (6.9937500000e+00   5.0000000000e-03   9.9977143782e-02  ) (8.0062500000e+00   5.0000000000e-03   1.0004373614e-01  ) (9.0000010000e+00   5.0000000000e-03   1.0015966076e-01  ) (1.0200001000e+01   5.0000000000e-03   1.0002430778e-01  ) 
9.22	(5.0000010000e+00   5.0000000000e-03   9.8933375101e-02  ) (5.5000010000e+00   5.0000000000e-03   1.0000016599e-01  ) (6.0000010000e+00   5.0000000000e-03   1.0006435544e-01  ) (6.5000010000e+00   5.0000000000e-03   9.9966262240e-02  ) (6.9937500000e+00   5.0000000000e-03   9.9977011598e-02  ) (8.0062500000e+00   5.0000000000e-03   1.0004388036e-01  ) (9.0000010000e+00   5.0000000000e-03   1.0016452149e-01  ) (1.0200001000e+01   5.0000000000e-03   1.0000656618e-01  ) 
9.23	(5.0000010000e+00   5.0000000000e-03   9.8944174612e-02  ) (5.5000010000e+00   5.0000000000e-03   1.0000303596e-01  ) (6.0000010000e+00   5.0000000000e-03   1.0006803851e-01  ) (6.5000010000e+00   5.0000000000e-03   9.9960906170e-02  ) (6.9937500000e+00   5.0000000000e-03   9.9977100247e-02  ) (8.0062500000e+00   5.0000000000e-03   1.0004406758e-01  ) (9.0000010000e+00   5.0000000000e-03   1.0016929460e-01  ) (1.0200001000e+01   5.0000000000e-03   9.9989150112e-02  ) 
9.24	(5.0000010000e+00   5.0000000000e-03   9.8955852670e-02  ) (5.5000010000e+00   5.0000000000e-03   1.0000498727e-01  ) (6.0000010000e+00   5.0000000000e-03   1.0007065721e-01  ) (6.5000010000e+00   5.0000000000e-03   9.9956072576e-02  ) (6.9937500000e+00   5.0000000000e-03   9.9977401480e-02  ) (8.0062500000e+00   5.0000000000e-03   1.0004428559e-01  ) (9.0000010000e+00   5.0000000000e-03   1.0017391497e-01  ) (1.0200001000e+01   5.0000000000e-03   9.9972289548e-02  ) 
9.25	(5.0000010000e+00   5.0000000000e-03   9.8968423736e-02  ) (5.5000010000e+00   5.0000000000e-03   1.0000605811e-01  ) (6.0000010000e+00   5.0000000000e-03   1.0007222665e-01  ) (6.5000010000e+00   5.0000000000e-03   9.9951854421e-02  ) (6.9937500000e+00   5.0000000000e-03   9.9977898373e-02  ) (8.0062500000e+00   5.0000000000e-03   1.0004452307e-01  ) (9.0000010000e+00   5.0000000000e-03   1.0017832557e-01  ) (1.0200001000e+01   5.0000000000e-03   9.9956206806e-02  ) 
9.26	(5.0000010000e+00   5.0000000000e-03   9.8981903581e-02  ) (5.5000010000e+00   5.0000000000e-03   1.0000627369e-01  ) (6.0000010000e+00   5.0000000000e-03   1.0007279175e-01  ) (6.5000010000e+00   5.0000000000e-03   9.9948329006e-02  ) (6.9937500000e+00   5.0000000000e-03   9.9978563969e-02  ) (8.0062500000e+00   5.0000000000e-03   1.0004477008e-01  ) (9.0000010000e+00   5.0000000000e-03   1.0018247916e-01  ) (1.0200001000e+01   5.0000000000e-03   9.9941115646e-02  ) 
9.27	(5.0000010000e+00   5.0000000000e-03   9.8996308111e-02  ) (5.5000010000e+00   5.0000000000e-03   1.0000563676e-01  ) (6.0000010000e+00   5.0000000000e-03   1.0007233563e-01  ) (6.5000010000e+00   5.0000000000e-03   9.9945554473e-02  ) (6.9937500000e+00   5.0000000000e-03   9.9979364874e-02  ) (8.0062500000e+00   5.0000000000e-03   1.0004501747e-01  ) (9.0000010000e+00   5.0000000000e-03   1.0018633899e-01  ) (1.0200001000e+01   5.0000000000e-03   9.9927217366e-02  ) 
9.28	(5.0000010000e+00   5.0000000000e-03   9.9011652083e-02  ) (5.5000010000e+00   5.0000000000e-03   1.0000416441e-01  ) (6.0000010000e+00   5.0000000000e-03   1.0007085034e-01  ) (6.5000010000e+00   5.0000000000e-03   9.9943563996e-02  ) (6.9937500000e+00   5.0000000000e-03   9.9980267078e-02  ) (8.0062500000e+00   5.0000000000e-03   1.0004525660e-01  ) (9.0000010000e+00   5.0000000000e-03   1.0018987906e-01  ) (1.0200001000e+01   5.0000000000e-03   9.9914699131e-02  ) 
9.29	(5.0000010000e+00   5.0000000000e-03   9.9027948001e-02  ) (5.5000010000e+00   5.0000000000e-03   1.0000185895e-01  ) (6.0000010000e+00   5.0000000000e-03   1.0006832555e-01  ) (6.5000010000e+00   5.0000000000e-03   9.9942353226e-02  ) (6.9937500000e+00   5.0000000000e-03   9.9981234021e-02  ) (8.0062500000e+00   5.0000000000e-03   1.0004547962e-01  ) (9.0000010000e+00   5.0000000000e-03   1.0019308777e-01  ) (1.0200001000e+01   5.0000000000e-03   9.9903736786e-02  ) 
9.3	(5.0000010000e+00   5.0000000000e-03   9.9045204847e-02  ) (5.5000010000e+00   5.0000000000e-03   9.9998761053e-02  ) (6.0000010000e+00   5.0000000000e-03   1.0006481954e-01  ) (6.5000010000e+00   5.0000000000e-03   9.9941896081e-02  ) (6.9937500000e+00   5.0000000000e-03   9.9982227488e-02  ) (8.0062500000e+00   5.0000000000e-03   1.0004567976e-01  ) (9.0000010000e+00   5.0000000000e-03   1.0019596248e-01  ) (1.0200001000e+01   5.0000000000e-03   9.9894480789e-02  ) 
9.31	(5.0000010000e+00   5.0000000000e-03   9.9063426880e-02  ) (5.5000010000e+00   5.0000000000e-03   9.9994918967e-02  ) (6.0000010000e+00   5.0000000000e-03   1.0006040392e-01  ) (6.5000010000e+00   5.0000000000e-03   9.9942199646e-02  ) (6.9937500000e+00   5.0000000000e-03   9.9983207414e-02  ) (8.0062500000e+00   5.0000000000e-03   1.0004585091e-01  ) (9.0000010000e+00   5.0000000000e-03   1.0019851168e-01  ) (1.0200001000e+01   5.0000000000e-03   9.9887051626e-02  ) 
9.32	(5.0000010000e+00   5.0000000000e-03   9.9082612626e-02  ) (5.5000010000e+00   5.0000000000e-03   9.9990375654e-02  ) (6.0000010000e+00   5.0000000000e-03   1.0005515222e-01  ) (6.5000010000e+00   5.0000000000e-03   9.9943247421e-02  ) (6.9937500000e+00   5.0000000000e-03   9.9984133102e-02  ) (8.0062500000e+00   5.0000000000e-03   1.0004598774e-01  ) (9.0000010000e+00   5.0000000000e-03   1.0020075389e-01  ) (1.0200001000e+01   5.0000000000e-03   9.9881531510e-02  ) 
9.33	(5.0000010000e+00   5.0000000000e-03   9.9102753980e-02  ) (5.5000010000e+00   5.0000000000e-03   9.9985173649e-02  ) (6.0000010000e+00   5.0000000000e-03   1.0004914558e-01  ) (6.5000010000e+00   5.0000000000e-03   9.9945038887e-02  ) (6.9937500000e+00   5.0000000000e-03   9.9984963938e-02  ) (8.0062500000e+00   5.0000000000e-03   1.0004608580e-01  ) (9.0000010000e+00   5.0000000000e-03   1.0020271340e-01  ) (1.0200001000e+01   5.0000000000e-03   9.9877958712e-02  ) 
9.34	(5.0000010000e+00   5.0000000000e-03   9.9123835449e-02  ) (5.5000010000e+00   5.0000000000e-03   9.9979357678e-02  ) (6.0000010000e+00   5.0000000000e-03   1.0004247175e-01  ) (6.5000010000e+00   5.0000000000e-03   9.9947526517e-02  ) (6.9937500000e+00   5.0000000000e-03   9.9985663370e-02  ) (8.0062500000e+00   5.0000000000e-03   1.0004614130e-01  ) (9.0000010000e+00   5.0000000000e-03   1.0020441767e-01  ) (1.0200001000e+01   5.0000000000e-03   9.9876287752e-02  ) 
9.35	(5.0000010000e+00   5.0000000000e-03   9.9145833648e-02  ) (5.5000010000e+00   5.0000000000e-03   9.9972979108e-02  ) (6.0000010000e+00   5.0000000000e-03   1.0003522418e-01  ) (6.5000010000e+00   5.0000000000e-03   9.9950626729e-02  ) (6.9937500000e+00   5.0000000000e-03   9.9986200658e-02  ) (8.0062500000e+00   5.0000000000e-03   1.0004615021e-01  ) (9.0000010000e+00   5.0000000000e-03   1.0020589216e-01  ) (1.0200001000e+01   5.0000000000e-03   9.9876563256e-02  ) 
9.36	(5.0000010000e+00   5.0000000000e-03   9.9168717009e-02  ) (5.5000010000e+00   5.0000000000e-03   9.9966095918e-02  ) (6.0000010000e+00   5.0000000000e-03   1.0002750139e-01  ) (6.5000010000e+00   5.0000000000e-03   9.9954257437e-02  ) (6.9937500000e+00   5.0000000000e-03   9.9986550267e-02  ) (8.0062500000e+00   5.0000000000e-03   1.0004610924e-01  ) (9.0000010000e+00   5.0000000000e-03   1.0020716037e-01  ) (1.0200001000e+01   5.0000000000e-03   9.9878847339e-02  ) 
9.37	(5.0000010000e+00   5.0000000000e-03   9.9192445577e-02  ) (5.5000010000e+00   5.0000000000e-03   9.9958771293e-02  ) (6.0000010000e+00   5.0000000000e-03   1.0001940567e-01  ) (6.5000010000e+00   5.0000000000e-03   9.9958325179e-02  ) (6.9937500000e+00   5.0000000000e-03   9.9986692121e-02  ) (8.0062500000e+00   5.0000000000e-03   1.0004601625e-01  ) (9.0000010000e+00   5.0000000000e-03   1.0020824496e-01  ) (1.0200001000e+01   5.0000000000e-03   9.9883232802e-02  ) 
9.38	(5.0000010000e+00   5.0000000000e-03   9.9216971209e-02  ) (5.5000010000e+00   5.0000000000e-03   9.9951073751e-02  ) (6.0000010000e+00   5.0000000000e-03   1.0001104224e-01  ) (6.5000010000e+00   5.0000000000e-03   9.9962732836e-02  ) (6.9937500000e+00   5.0000000000e-03   9.9986612273e-02  ) (8.0062500000e+00   5.0000000000e-03   1.0004587034e-01  ) (9.0000010000e+00   5.0000000000e-03   1.0020916592e-01  ) (1.0200001000e+01   5.0000000000e-03   9.9889692124e-02  ) 
9.39	(5.0000010000e+00   5.0000000000e-03   9.9242237935e-02  ) (5.5000010000e+00   5.0000000000e-03   9.9943077644e-02  ) (6.0000010000e+00   5.0000000000e-03   1.0000251818e-01  ) (6.5000010000e+00   5.0000000000e-03   9.9967377070e-02  ) (6.9937500000e+00   5.0000000000e-03   9.9986302741e-02  ) (8.0062500000e+00   5.0000000000e-03   1.0004567084e-01  ) (9.0000010000e+00   5.0000000000e-03   1.0020994132e-01  ) (1.0200001000e+01   5.0000000000e-03   9.9898128253e-02  ) 
9.4	(5.0000010000e+00   5.0000000000e-03   9.9268182447e-02  ) (5.5000010000e+00   5.0000000000e-03   9.9934862868e-02  ) (6.0000010000e+00   5.0000000000e-03   9.9993941504e-02  ) (6.5000010000e+00   5.0000000000e-03   9.9972153749e-02  ) (6.9937500000e+00   5.0000000000e-03   9.9985762101e-02  ) (8.0062500000e+00   5.0000000000e-03   1.0004541717e-01  ) (9.0000010000e+00   5.0000000000e-03   1.0021058572e-01  ) (1.0200001000e+01   5.0000000000e-03   9.9908441087e-02  ) 
9.41	(5.0000010000e+00   5.0000000000e-03   9.9294734953e-02  ) (5.5000010000e+00   5.0000000000e-03   9.9926515242e-02  ) (6.0000010000e+00   5.0000000000e-03   9.9985419367e-02  ) (6.5000010000e+00   5.0000000000e-03   9.9976956617e-02  ) (6.9937500000e+00   5.0000000000e-03   9.9984997101e-02  ) (8.0062500000e+00   5.0000000000e-03   1.0004510899e-01  ) (9.0000010000e+00   5.0000000000e-03   1.0021110929e-01  ) (1.0200001000e+01   5.0000000000e-03   9.9920511934e-02  ) 
9.42	(5.0000010000e+00   5.0000000000e-03   9.9321819875e-02  ) (5.5000010000e+00   5.0000000000e-03   9.9918125761e-02  ) (6.0000010000e+00   5.0000000000e-03   9.9977056806e-02  ) (6.5000010000e+00   5.0000000000e-03   9.9981684847e-02  ) (6.9937500000e+00   5.0000000000e-03   9.9984021303e-02  ) (8.0062500000e+00   5.0000000000e-03   1.0004474634e-01  ) (9.0000010000e+00   5.0000000000e-03   1.0021151935e-01  ) (1.0200001000e+01   5.0000000000e-03   9.9934201005e-02  ) 
9.43	(5.0000010000e+00   5.0000000000e-03   9.9349356996e-02  ) (5.5000010000e+00   5.0000000000e-03   9.9909790167e-02  ) (6.0000010000e+00   5.0000000000e-03   9.9968955637e-02  ) (6.5000010000e+00   5.0000000000e-03   9.9986239357e-02  ) (6.9937500000e+00   5.0000000000e-03   9.9982855219e-02  ) (8.0062500000e+00   5.0000000000e-03   1.0004432981e-01  ) (9.0000010000e+00   5.0000000000e-03   1.0021181637e-01  ) (1.0200001000e+01   5.0000000000e-03   9.9949350679e-02  ) 
9.44	(5.0000010000e+00   5.0000000000e-03   9.9377262514e-02  ) (5.5000010000e+00   5.0000000000e-03   9.9901606989e-02  ) (6.0000010000e+00   5.0000000000e-03   9.9961213562e-02  ) (6.5000010000e+00   5.0000000000e-03   9.9990528310e-02  ) (6.9937500000e+00   5.0000000000e-03   9.9981525377e-02  ) (8.0062500000e+00   5.0000000000e-03   1.0004385944e-01  ) (9.0000010000e+00   5.0000000000e-03   1.0021200631e-01  ) (1.0200001000e+01   5.0000000000e-03   9.9965784987e-02  ) 
9.45	(5.0000010000e+00   5.0000000000e-03   9.9405450053e-02  ) (5.5000010000e+00   5.0000000000e-03   9.9893677603e-02  ) (6.0000010000e+00   5.0000000000e-03   9.9953924098e-02  ) (6.5000010000e+00   5.0000000000e-03   9.9994466702e-02  ) (6.9937500000e+00   5.0000000000e-03   9.9980063628e-02  ) (8.0062500000e+00   5.0000000000e-03   1.0004333541e-01  ) (9.0000010000e+00   5.0000000000e-03   1.0021209303e-01  ) (1.0200001000e+01   5.0000000000e-03   9.9983311661e-02  ) 
9.46	(5.0000010000e+00   5.0000000000e-03   9.9433831826e-02  ) (5.5000010000e+00   5.0000000000e-03   9.9886104994e-02  ) (6.0000010000e+00   5.0000000000e-03   9.9947175442e-02  ) (6.5000010000e+00   5.0000000000e-03   9.9997977318e-02  ) (6.9937500000e+00   5.0000000000e-03   9.9978506258e-02  ) (8.0062500000e+00   5.0000000000e-03   1.0004275932e-01  ) (9.0000010000e+00   5.0000000000e-03   1.0021208035e-01  ) (1.0200001000e+01   5.0000000000e-03   1.0000172480e-01  ) 
9.47	(5.0000010000e+00   5.0000000000e-03   9.9462319218e-02  ) (5.5000010000e+00   5.0000000000e-03   9.9878992454e-02  ) (6.0000010000e+00   5.0000000000e-03   9.9941049267e-02  ) (6.5000010000e+00   5.0000000000e-03   1.0000099168e-01  ) (6.9937500000e+00   5.0000000000e-03   9.9976892498e-02  ) (8.0062500000e+00   5.0000000000e-03   1.0004213337e-01  ) (9.0000010000e+00   5.0000000000e-03   1.0021197328e-01  ) (1.0200001000e+01   5.0000000000e-03   1.0002080644e-01  ) 
9.48	(5.0000010000e+00   5.0000000000e-03   9.9490825700e-02  ) (5.5000010000e+00   5.0000000000e-03   9.9872443118e-02  ) (6.0000010000e+00   5.0000000000e-03   9.9935619789e-02  ) (6.5000010000e+00   5.0000000000e-03   1.0000345352e-01  ) (6.9937500000e+00   5.0000000000e-03   9.9975263492e-02  ) (8.0062500000e+00   5.0000000000e-03   1.0004146008e-01  ) (9.0000010000e+00   5.0000000000e-03   1.0021177523e-01  ) (1.0200001000e+01   5.0000000000e-03   1.0004032983e-01  ) 
9.49	(5.0000010000e+00   5.0000000000e-03   9.9519265344e-02  ) (5.5000010000e+00   5.0000000000e-03   9.9866555672e-02  ) (6.0000010000e+00   5.0000000000e-03   9.9930950536e-02  ) (6.5000010000e+00   5.0000000000e-03   1.0000532461e-01  ) (6.9937500000e+00   5.0000000000e-03   9.9973661189e-02  ) (8.0062500000e+00   5.0000000000e-03   1.0004074279e-01  ) (9.0000010000e+00   5.0000000000e-03   1.0021148986e-01  ) (1.0200001000e+01   5.0000000000e-03   1.0006006166e-01  ) 
9.5	(5.0000010000e+00   5.0000000000e-03   9.9547554615e-02  ) (5.5000010000e+00   5.0000000000e-03   9.9861425890e-02  ) (6.0000010000e+00   5.0000000000e-03   9.9927091521e-02  ) (6.5000010000e+00   5.0000000000e-03   1.0000658747e-01  ) (6.9937500000e+00   5.0000000000e-03   9.9972126159e-02  ) (8.0062500000e+00   5.0000000000e-03   1.0003998568e-01  ) (9.0000010000e+00   5.0000000000e-03   1.0021112422e-01  ) (1.0200001000e+01   5.0000000000e-03   1.0007976555e-01  ) 
9.51	(5.0000010000e+00   5.0000000000e-03   9.9575613654e-02  ) (5.5000010000e+00   5.0000000000e-03   9.9857140286e-02  ) (6.0000010000e+00   5.0000000000e-03   9.9924074868e-02  ) (6.5000010000e+00   5.0000000000e-03   1.0000726127e-01  ) (6.9937500000e+00   5.0000000000e-03   9.9970696692e-02  ) (8.0062500000e+00   5.0000000000e-03   1.0003919387e-01  ) (9.0000010000e+00   5.0000000000e-03   1.0021068816e-01  ) (1.0200001000e+01   5.0000000000e-03   1.0009920487e-01  ) 
9.52	(5.0000010000e+00   5.0000000000e-03   9.9603364070e-02  ) (5.5000010000e+00   5.0000000000e-03   9.9853775309e-02  ) (6.0000010000e+00   5.0000000000e-03   9.9921915713e-02  ) (6.5000010000e+00   5.0000000000e-03   1.0000735010e-01  ) (6.9937500000e+00   5.0000000000e-03   9.9969406685e-02  ) (8.0062500000e+00   5.0000000000e-03   1.0003837171e-01  ) (9.0000010000e+00   5.0000000000e-03   1.0021019302e-01  ) (1.0200001000e+01   5.0000000000e-03   1.0011814571e-01  ) 
9.53	(5.0000010000e+00   5.0000000000e-03   9.9630732629e-02  ) (5.5000010000e+00   5.0000000000e-03   9.9851392570e-02  ) (6.0000010000e+00   5.0000000000e-03   9.9920590747e-02  ) (6.5000010000e+00   5.0000000000e-03   1.0000685523e-01  ) (6.9937500000e+00   5.0000000000e-03   9.9968285587e-02  ) (8.0062500000e+00   5.0000000000e-03   1.0003752401e-01  ) (9.0000010000e+00   5.0000000000e-03   1.0020965127e-01  ) (1.0200001000e+01   5.0000000000e-03   1.0013636010e-01  ) 
9.54	(5.0000010000e+00   5.0000000000e-03   9.9657650492e-02  ) (5.5000010000e+00   5.0000000000e-03   9.9850032878e-02  ) (6.0000010000e+00   5.0000000000e-03   9.9920090889e-02  ) (6.5000010000e+00   5.0000000000e-03   1.0000578356e-01  ) (6.9937500000e+00   5.0000000000e-03   9.9967356290e-02  ) (8.0062500000e+00   5.0000000000e-03   1.0003665581e-01  ) (9.0000010000e+00   5.0000000000e-03   1.0020907533e-01  ) (1.0200001000e+01   5.0000000000e-03   1.0015362835e-01  ) 
9.55	(5.0000010000e+00   5.0000000000e-03   9.9684053380e-02  ) (5.5000010000e+00   5.0000000000e-03   9.9849692891e-02  ) (6.0000010000e+00   5.0000000000e-03   9.9920443663e-02  ) (6.5000010000e+00   5.0000000000e-03   1.0000414861e-01  ) (6.9937500000e+00   5.0000000000e-03   9.9966634810e-02  ) (8.0062500000e+00   5.0000000000e-03   1.0003577235e-01  ) (9.0000010000e+00   5.0000000000e-03   1.0020847754e-01  ) (1.0200001000e+01   5.0000000000e-03   1.0016974217e-01  ) 
9.56	(5.0000010000e+00   5.0000000000e-03   9.9709881431e-02  ) (5.5000010000e+00   5.0000000000e-03   9.9850411165e-02  ) (6.0000010000e+00   5.0000000000e-03   9.9921639311e-02  ) (6.5000010000e+00   5.0000000000e-03   1.0000200798e-01  ) (6.9937500000e+00   5.0000000000e-03   9.9966125250e-02  ) (8.0062500000e+00   5.0000000000e-03   1.0003487948e-01  ) (9.0000010000e+00   5.0000000000e-03   1.0020786787e-01  ) (1.0200001000e+01   5.0000000000e-03   1.0018450482e-01  ) 
9.57	(5.0000010000e+00   5.0000000000e-03   9.9735079352e-02  ) (5.5000010000e+00   5.0000000000e-03   9.9852265833e-02  ) (6.0000010000e+00   5.0000000000e-03   9.9923693573e-02  ) (6.5000010000e+00   5.0000000000e-03   9.9999428836e-02  ) (6.9937500000e+00   5.0000000000e-03   9.9965819386e-02  ) (8.0062500000e+00   5.0000000000e-03   1.0003398273e-01  ) (9.0000010000e+00   5.0000000000e-03   1.0020725414e-01  ) (1.0200001000e+01   5.0000000000e-03   1.0019773426e-01  ) 
9.58	(5.0000010000e+00   5.0000000000e-03   9.9759595950e-02  ) (5.5000010000e+00   5.0000000000e-03   9.9855238265e-02  ) (6.0000010000e+00   5.0000000000e-03   9.9926584435e-02  ) (6.5000010000e+00   5.0000000000e-03   9.9996483228e-02  ) (6.9937500000e+00   5.0000000000e-03   9.9965707526e-02  ) (8.0062500000e+00   5.0000000000e-03   1.0003308931e-01  ) (9.0000010000e+00   5.0000000000e-03   1.0020663957e-01  ) (1.0200001000e+01   5.0000000000e-03   1.0020927060e-01  ) 
9.59	(5.0000010000e+00   5.0000000000e-03   9.9783383831e-02  ) (5.5000010000e+00   5.0000000000e-03   9.9859300809e-02  ) (6.0000010000e+00   5.0000000000e-03   9.9930247458e-02  ) (6.5000010000e+00   5.0000000000e-03   9.9993250561e-02  ) (6.9937500000e+00   5.0000000000e-03   9.9965772752e-02  ) (8.0062500000e+00   5.0000000000e-03   1.0003221112e-01  ) (9.0000010000e+00   5.0000000000e-03   1.0020602230e-01  ) (1.0200001000e+01   5.0000000000e-03   1.0021898259e-01  ) 
9.6	(5.0000010000e+00   5.0000000000e-03   9.9806398647e-02  ) (5.5000010000e+00   5.0000000000e-03   9.9864416961e-02  ) (6.0000010000e+00   5.0000000000e-03   9.9934617826e-02  ) (6.5000010000e+00   5.0000000000e-03   9.9989814886e-02  ) (6.9937500000e+00   5.0000000000e-03   9.9965992227e-02  ) (8.0062500000e+00   5.0000000000e-03   1.0003135544e-01  ) (9.0000010000e+00   5.0000000000e-03   1.0020539505e-01  ) (1.0200001000e+01   5.0000000000e-03   1.0022677439e-01  ) 
9.61	(5.0000010000e+00   5.0000000000e-03   9.9828599312e-02  ) (5.5000010000e+00   5.0000000000e-03   9.9870537888e-02  ) (6.0000010000e+00   5.0000000000e-03   9.9939619905e-02  ) (6.5000010000e+00   5.0000000000e-03   9.9986263454e-02  ) (6.9937500000e+00   5.0000000000e-03   9.9966338583e-02  ) (8.0062500000e+00   5.0000000000e-03   1.0003054190e-01  ) (9.0000010000e+00   5.0000000000e-03   1.0020474447e-01  ) (1.0200001000e+01   5.0000000000e-03   1.0023258979e-01  ) 
9.62	(5.0000010000e+00   5.0000000000e-03   9.9849947776e-02  ) (5.5000010000e+00   5.0000000000e-03   9.9877600082e-02  ) (6.0000010000e+00   5.0000000000e-03   9.9945173128e-02  ) (6.5000010000e+00   5.0000000000e-03   9.9982684110e-02  ) (6.9937500000e+00   5.0000000000e-03   9.9966780359e-02  ) (8.0062500000e+00   5.0000000000e-03   1.0002978106e-01  ) (9.0000010000e+00   5.0000000000e-03   1.0020405119e-01  ) (1.0200001000e+01   5.0000000000e-03   1.0023641037e-01  ) 
9.63	(5.0000010000e+00   5.0000000000e-03   9.9870409076e-02  ) (5.5000010000e+00   5.0000000000e-03   9.9885529086e-02  ) (6.0000010000e+00   5.0000000000e-03   9.9951188942e-02  ) (6.5000010000e+00   5.0000000000e-03   9.9979164880e-02  ) (6.9937500000e+00   5.0000000000e-03   9.9967283900e-02  ) (8.0062500000e+00   5.0000000000e-03   1.0002907264e-01  ) (9.0000010000e+00   5.0000000000e-03   1.0020329111e-01  ) (1.0200001000e+01   5.0000000000e-03   1.0023831102e-01  ) 
9.64	(5.0000010000e+00   5.0000000000e-03   9.9889950859e-02  ) (5.5000010000e+00   5.0000000000e-03   9.9894238545e-02  ) (6.0000010000e+00   5.0000000000e-03   9.9957572837e-02  ) (6.5000010000e+00   5.0000000000e-03   9.9975788663e-02  ) (6.9937500000e+00   5.0000000000e-03   9.9967814645e-02  ) (8.0062500000e+00   5.0000000000e-03   1.0002841706e-01  ) (9.0000010000e+00   5.0000000000e-03   1.0020243567e-01  ) (1.0200001000e+01   5.0000000000e-03   1.0023827357e-01  ) 
9.65	(5.0000010000e+00   5.0000000000e-03   9.9908543600e-02  ) (5.5000010000e+00   5.0000000000e-03   9.9903633364e-02  ) (6.0000010000e+00   5.0000000000e-03   9.9964226926e-02  ) (6.5000010000e+00   5.0000000000e-03   9.9972635899e-02  ) (6.9937500000e+00   5.0000000000e-03   9.9968338164e-02  ) (8.0062500000e+00   5.0000000000e-03   1.0002781476e-01  ) (9.0000010000e+00   5.0000000000e-03   1.0020145415e-01  ) (1.0200001000e+01   5.0000000000e-03   1.0023627486e-01  ) 
9.66	(5.0000010000e+00   5.0000000000e-03   9.9926158298e-02  ) (5.5000010000e+00   5.0000000000e-03   9.9913609038e-02  ) (6.0000010000e+00   5.0000000000e-03   9.9971048269e-02  ) (6.5000010000e+00   5.0000000000e-03   9.9969779521e-02  ) (6.9937500000e+00   5.0000000000e-03   9.9968822046e-02  ) (8.0062500000e+00   5.0000000000e-03   1.0002727177e-01  ) (9.0000010000e+00   5.0000000000e-03   1.0020031421e-01  ) (1.0200001000e+01   5.0000000000e-03   1.0023227111e-01  ) 
9.67	(5.0000010000e+00   5.0000000000e-03   9.9942768154e-02  ) (5.5000010000e+00   5.0000000000e-03   9.9924055234e-02  ) (6.0000010000e+00   5.0000000000e-03   9.9977933708e-02  ) (6.5000010000e+00   5.0000000000e-03   9.9967287924e-02  ) (6.9937500000e+00   5.0000000000e-03   9.9969235937e-02  ) (8.0062500000e+00   5.0000000000e-03   1.0002678987e-01  ) (9.0000010000e+00   5.0000000000e-03   1.0019898418e-01  ) (1.0200001000e+01   5.0000000000e-03   1.0022629714e-01  ) 
9.68	(5.0000010000e+00   5.0000000000e-03   9.9958346459e-02  ) (5.5000010000e+00   5.0000000000e-03   9.9934855790e-02  ) (6.0000010000e+00   5.0000000000e-03   9.9984778507e-02  ) (6.5000010000e+00   5.0000000000e-03   9.9965220266e-02  ) (6.9937500000e+00   5.0000000000e-03   9.9969553528e-02  ) (8.0062500000e+00   5.0000000000e-03   1.0002637080e-01  ) (9.0000010000e+00   5.0000000000e-03   1.0019743423e-01  ) (1.0200001000e+01   5.0000000000e-03   1.0021849883e-01  ) 
9.69	(5.0000010000e+00   5.0000000000e-03   9.9972865711e-02  ) (5.5000010000e+00   5.0000000000e-03   9.9945892102e-02  ) (6.0000010000e+00   5.0000000000e-03   9.9991481144e-02  ) (6.5000010000e+00   5.0000000000e-03   9.9963623094e-02  ) (6.9937500000e+00   5.0000000000e-03   9.9969753199e-02  ) (8.0062500000e+00   5.0000000000e-03   1.0002601653e-01  ) (9.0000010000e+00   5.0000000000e-03   1.0019563858e-01  ) (1.0200001000e+01   5.0000000000e-03   1.0020901714e-01  ) 
9.7	(5.0000010000e+00   5.0000000000e-03   9.9986304072e-02  ) (5.5000010000e+00   5.0000000000e-03   9.9957044123e-02  ) (6.0000010000e+00   5.0000000000e-03   9.9997943447e-02  ) (6.5000010000e+00   5.0000000000e-03   9.9962526130e-02  ) (6.9937500000e+00   5.0000000000e-03   9.9969818498e-02  ) (8.0062500000e+00   5.0000000000e-03   1.0002572955e-01  ) (9.0000010000e+00   5.0000000000e-03   1.0019357647e-01  ) (1.0200001000e+01   5.0000000000e-03   1.0019800812e-01  ) 
9.71	(5.0000010000e+00   5.0000000000e-03   9.9998641034e-02  ) (5.5000010000e+00   5.0000000000e-03   9.9968192693e-02  ) (6.0000010000e+00   5.0000000000e-03   1.0000407166e-01  ) (6.5000010000e+00   5.0000000000e-03   9.9961925087e-02  ) (6.9937500000e+00   5.0000000000e-03   9.9969738688e-02  ) (8.0062500000e+00   5.0000000000e-03   1.0002551256e-01  ) (9.0000010000e+00   5.0000000000e-03   1.0019123375e-01  ) (1.0200001000e+01   5.0000000000e-03   1.0018564460e-01  ) 
9.72	(5.0000010000e+00   5.0000000000e-03   1.0000985703e-01  ) (5.5000010000e+00   5.0000000000e-03   9.9979220731e-02  ) (6.0000010000e+00   5.0000000000e-03   1.0000977316e-01  ) (6.5000010000e+00   5.0000000000e-03   9.9961819776e-02  ) (6.9937500000e+00   5.0000000000e-03   9.9969508814e-02  ) (8.0062500000e+00   5.0000000000e-03   1.0002536793e-01  ) (9.0000010000e+00   5.0000000000e-03   1.0018860365e-01  ) (1.0200001000e+01   5.0000000000e-03   1.0017211391e-01  ) 
9.73	(5.0000010000e+00   5.0000000000e-03   1.0001993054e-01  ) (5.5000010000e+00   5.0000000000e-03   9.9990014484e-02  ) (6.0000010000e+00   5.0000000000e-03   1.0001496263e-01  ) (6.5000010000e+00   5.0000000000e-03   9.9962215723e-02  ) (6.9937500000e+00   5.0000000000e-03   9.9969130137e-02  ) (8.0062500000e+00   5.0000000000e-03   1.0002529733e-01  ) (9.0000010000e+00   5.0000000000e-03   1.0018568726e-01  ) (1.0200001000e+01   5.0000000000e-03   1.0015761883e-01  ) 
9.74	(5.0000010000e+00   5.0000000000e-03   1.0002884470e-01  ) (5.5000010000e+00   5.0000000000e-03   1.0000046769e-01  ) (6.0000010000e+00   5.0000000000e-03   1.0001956388e-01  ) (6.5000010000e+00   5.0000000000e-03   9.9963109191e-02  ) (6.9937500000e+00   5.0000000000e-03   9.9968609463e-02  ) (8.0062500000e+00   5.0000000000e-03   1.0002530116e-01  ) (9.0000010000e+00   5.0000000000e-03   1.0018249430e-01  ) (1.0200001000e+01   5.0000000000e-03   1.0014236927e-01  ) 
9.75	(5.0000010000e+00   5.0000000000e-03   1.0003658379e-01  ) (5.5000010000e+00   5.0000000000e-03   1.0001048017e-01  ) (6.0000010000e+00   5.0000000000e-03   1.0002350885e-01  ) (6.5000010000e+00   5.0000000000e-03   9.9964495145e-02  ) (6.9937500000e+00   5.0000000000e-03   9.9967959051e-02  ) (8.0062500000e+00   5.0000000000e-03   1.0002537845e-01  ) (9.0000010000e+00   5.0000000000e-03   1.0017904224e-01  ) (1.0200001000e+01   5.0000000000e-03   1.0012658393e-01  ) 
9.76	(5.0000010000e+00   5.0000000000e-03   1.0004313559e-01  ) (5.5000010000e+00   5.0000000000e-03   1.0001996067e-01  ) (6.0000010000e+00   5.0000000000e-03   1.0002674665e-01  ) (6.5000010000e+00   5.0000000000e-03   9.9966329594e-02  ) (6.9937500000e+00   5.0000000000e-03   9.9967196053e-02  ) (8.0062500000e+00   5.0000000000e-03   1.0002552654e-01  ) (9.0000010000e+00   5.0000000000e-03   1.0017535566e-01  ) (1.0200001000e+01   5.0000000000e-03   1.0011048662e-01  ) 
9.77	(5.0000010000e+00   5.0000000000e-03   1.0004849144e-01  ) (5.5000010000e+00   5.0000000000e-03   1.0002882723e-01  ) (6.0000010000e+00   5.0000000000e-03   1.0002923877e-01  ) (6.5000010000e+00   5.0000000000e-03   9.9968556795e-02  ) (6.9937500000e+00   5.0000000000e-03   9.9966342061e-02  ) (8.0062500000e+00   5.0000000000e-03   1.0002574079e-01  ) (9.0000010000e+00   5.0000000000e-03   1.0017146499e-01  ) (1.0200001000e+01   5.0000000000e-03   1.0009430216e-01  ) 
9.78	(5.0000010000e+00   5.0000000000e-03   1.0005264803e-01  ) (5.5000010000e+00   5.0000000000e-03   1.0003700690e-01  ) (6.0000010000e+00   5.0000000000e-03   1.0003097689e-01  ) (6.5000010000e+00   5.0000000000e-03   9.9971116514e-02  ) (6.9937500000e+00   5.0000000000e-03   9.9965421976e-02  ) (8.0062500000e+00   5.0000000000e-03   1.0002601466e-01  ) (9.0000010000e+00   5.0000000000e-03   1.0016740571e-01  ) (1.0200001000e+01   5.0000000000e-03   1.0007825419e-01  ) 
9.79	(5.0000010000e+00   5.0000000000e-03   1.0005560683e-01  ) (5.5000010000e+00   5.0000000000e-03   1.0004443736e-01  ) (6.0000010000e+00   5.0000000000e-03   1.0003196838e-01  ) (6.5000010000e+00   5.0000000000e-03   9.9973939850e-02  ) (6.9937500000e+00   5.0000000000e-03   9.9964462743e-02  ) (8.0062500000e+00   5.0000000000e-03   1.0002633921e-01  ) (9.0000010000e+00   5.0000000000e-03   1.0016321682e-01  ) (1.0200001000e+01   5.0000000000e-03   1.0006256187e-01  ) 
9.8	(5.0000010000e+00   5.0000000000e-03   1.0005738188e-01  ) (5.5000010000e+00   5.0000000000e-03   1.0005106712e-01  ) (6.0000010000e+00   5.0000000000e-03   1.0003219610e-01  ) (6.5000010000e+00   5.0000000000e-03   9.9976953484e-02  ) (6.9937500000e+00   5.0000000000e-03   9.9963492651e-02  ) (8.0062500000e+00   5.0000000000e-03   1.0002670433e-01  ) (9.0000010000e+00   5.0000000000e-03   1.0015893883e-01  ) (1.0200001000e+01   5.0000000000e-03   1.0004743894e-01  ) 
9.81	(5.0000010000e+00   5.0000000000e-03   1.0005800349e-01  ) (5.5000010000e+00   5.0000000000e-03   1.0005685683e-01  ) (6.0000010000e+00   5.0000000000e-03   1.0003163993e-01  ) (6.5000010000e+00   5.0000000000e-03   9.9980078705e-02  ) (6.9937500000e+00   5.0000000000e-03   9.9962540020e-02  ) (8.0062500000e+00   5.0000000000e-03   1.0002709818e-01  ) (9.0000010000e+00   5.0000000000e-03   1.0015461194e-01  ) (1.0200001000e+01   5.0000000000e-03   1.0003308320e-01  ) 
9.82	(5.0000010000e+00   5.0000000000e-03   1.0005748144e-01  ) (5.5000010000e+00   5.0000000000e-03   1.0006177956e-01  ) (6.0000010000e+00   5.0000000000e-03   1.0003029388e-01  ) (6.5000010000e+00   5.0000000000e-03   9.9983235618e-02  ) (6.9937500000e+00   5.0000000000e-03   9.9961632086e-02  ) (8.0062500000e+00   5.0000000000e-03   1.0002750864e-01  ) (9.0000010000e+00   5.0000000000e-03   1.0015027409e-01  ) (1.0200001000e+01   5.0000000000e-03   1.0001968200e-01  ) 
9.83	(5.0000010000e+00   5.0000000000e-03   1.0005580962e-01  ) (5.5000010000e+00   5.0000000000e-03   1.0006582129e-01  ) (6.0000010000e+00   5.0000000000e-03   1.0002813636e-01  ) (6.5000010000e+00   5.0000000000e-03   9.9986343012e-02  ) (6.9937500000e+00   5.0000000000e-03   9.9960793772e-02  ) (8.0062500000e+00   5.0000000000e-03   1.0002792362e-01  ) (9.0000010000e+00   5.0000000000e-03   1.0014595958e-01  ) (1.0200001000e+01   5.0000000000e-03   1.0000740353e-01  ) 
9.84	(5.0000010000e+00   5.0000000000e-03   1.0005301421e-01  ) (5.5000010000e+00   5.0000000000e-03   1.0006897958e-01  ) (6.0000010000e+00   5.0000000000e-03   1.0002520134e-01  ) (6.5000010000e+00   5.0000000000e-03   9.9989321763e-02  ) (6.9937500000e+00   5.0000000000e-03   9.9960046725e-02  ) (8.0062500000e+00   5.0000000000e-03   1.0002833122e-01  ) (9.0000010000e+00   5.0000000000e-03   1.0014169750e-01  ) (1.0200001000e+01   5.0000000000e-03   9.9996405862e-02  ) 
9.85	(5.0000010000e+00   5.0000000000e-03   1.0004916496e-01  ) (5.5000010000e+00   5.0000000000e-03   1.0007126656e-01  ) (6.0000010000e+00   5.0000000000e-03   1.0002154563e-01  ) (6.5000010000e+00   5.0000000000e-03   9.9992095536e-02  ) (6.9937500000e+00   5.0000000000e-03   9.9959408480e-02  ) (8.0062500000e+00   5.0000000000e-03   1.0002872016e-01  ) (9.0000010000e+00   5.0000000000e-03   1.0013751051e-01  ) (1.0200001000e+01   5.0000000000e-03   9.9986827218e-02  ) 
9.86	(5.0000010000e+00   5.0000000000e-03   1.0004432989e-01  ) (5.5000010000e+00   5.0000000000e-03   1.0007271532e-01  ) (6.0000010000e+00   5.0000000000e-03   1.0001723015e-01  ) (6.5000010000e+00   5.0000000000e-03   9.9994592328e-02  ) (6.9937500000e+00   5.0000000000e-03   9.9958890931e-02  ) (8.0062500000e+00   5.0000000000e-03   1.0002908036e-01  ) (9.0000010000e+00   5.0000000000e-03   1.0013341480e-01  ) (1.0200001000e+01   5.0000000000e-03   9.9978778780e-02  ) 
9.87	(5.0000010000e+00   5.0000000000e-03   1.0003858444e-01  ) (5.5000010000e+00   5.0000000000e-03   1.0007337377e-01  ) (6.0000010000e+00   5.0000000000e-03   1.0001232356e-01  ) (6.5000010000e+00   5.0000000000e-03   9.9996745372e-02  ) (6.9937500000e+00   5.0000000000e-03   9.9958500413e-02  ) (8.0062500000e+00   5.0000000000e-03   1.0002940317e-01  ) (9.0000010000e+00   5.0000000000e-03   1.0012941973e-01  ) (1.0200001000e+01   5.0000000000e-03   9.9972341841e-02  ) 
9.88	(5.0000010000e+00   5.0000000000e-03   1.0003200804e-01  ) (5.5000010000e+00   5.0000000000e-03   1.0007323230e-01  ) (6.0000010000e+00   5.0000000000e-03   1.0000690482e-01  ) (6.5000010000e+00   5.0000000000e-03   9.9998495696e-02  ) (6.9937500000e+00   5.0000000000e-03   9.9958236829e-02  ) (8.0062500000e+00   5.0000000000e-03   1.0002968180e-01  ) (9.0000010000e+00   5.0000000000e-03   1.0012552747e-01  ) (1.0200001000e+01   5.0000000000e-03   9.9967559451e-02  ) 
9.89	(5.0000010000e+00   5.0000000000e-03   1.0002468838e-01  ) (5.5000010000e+00   5.0000000000e-03   1.0007230147e-01  ) (6.0000010000e+00   5.0000000000e-03   1.0000106072e-01  ) (6.5000010000e+00   5.0000000000e-03   9.9999796941e-02  ) (6.9937500000e+00   5.0000000000e-03   9.9958095930e-02  ) (8.0062500000e+00   5.0000000000e-03   1.0002991148e-01  ) (9.0000010000e+00   5.0000000000e-03   1.0012173419e-01  ) (1.0200001000e+01   5.0000000000e-03   9.9964433844e-02  ) 
9.9	(5.0000010000e+00   5.0000000000e-03   1.0001671842e-01  ) (5.5000010000e+00   5.0000000000e-03   1.0007057914e-01  ) (6.0000010000e+00   5.0000000000e-03   9.9994886074e-02  ) (6.5000010000e+00   5.0000000000e-03   1.0000062543e-01  ) (6.9937500000e+00   5.0000000000e-03   9.9958069741e-02  ) (8.0062500000e+00   5.0000000000e-03   1.0003008933e-01  ) (9.0000010000e+00   5.0000000000e-03   1.0011803055e-01  ) (1.0200001000e+01   5.0000000000e-03   9.9962905814e-02  ) 
9.91	(5.0000010000e+00   5.0000000000e-03   1.0000819543e-01  ) (5.5000010000e+00   5.0000000000e-03   1.0006807980e-01  ) (6.0000010000e+00   5.0000000000e-03   9.9988479478e-02  ) (6.5000010000e+00   5.0000000000e-03   1.0000098241e-01  ) (6.9937500000e+00   5.0000000000e-03   9.9958144988e-02  ) (8.0062500000e+00   5.0000000000e-03   1.0003021434e-01  ) (9.0000010000e+00   5.0000000000e-03   1.0011440346e-01  ) (1.0200001000e+01   5.0000000000e-03   9.9962989421e-02  ) 
9.92	(5.0000010000e+00   5.0000000000e-03   9.9999221104e-02  ) (5.5000010000e+00   5.0000000000e-03   1.0006484199e-01  ) (6.0000010000e+00   5.0000000000e-03   9.9981944016e-02  ) (6.5000010000e+00   5.0000000000e-03   1.0000085350e-01  ) (6.9937500000e+00   5.0000000000e-03   9.9958304237e-02  ) (8.0062500000e+00   5.0000000000e-03   1.0003028862e-01  ) (9.0000010000e+00   5.0000000000e-03   1.0011083696e-01  ) (1.0200001000e+01   5.0000000000e-03   9.9964699436e-02  ) 
9.93	(5.0000010000e+00   5.0000000000e-03   9.9989896209e-02  ) (5.5000010000e+00   5.0000000000e-03   1.0006092682e-01  ) (6.0000010000e+00   5.0000000000e-03   9.9975386193e-02  ) (6.5000010000e+00   5.0000000000e-03   1.0000023481e-01  ) (6.9937500000e+00   5.0000000000e-03   9.9958526886e-02  ) (8.0062500000e+00   5.0000000000e-03   1.0003031494e-01  ) (9.0000010000e+00   5.0000000000e-03   1.0010731423e-01  ) (1.0200001000e+01   5.0000000000e-03   9.9968065804e-02  ) 
9.94	(5.0000010000e+00   5.0000000000e-03   9.9980322207e-02  ) (5.5000010000e+00   5.0000000000e-03   1.0005638214e-01  ) (6.0000010000e+00   5.0000000000e-03   9.9968914209e-02  ) (6.5000010000e+00   5.0000000000e-03   9.9999112706e-02  ) (6.9937500000e+00   5.0000000000e-03   9.9958786963e-02  ) (8.0062500000e+00   5.0000000000e-03   1.0003029715e-01  ) (9.0000010000e+00   5.0000000000e-03   1.0010381884e-01  ) (1.0200001000e+01   5.0000000000e-03   9.9973049817e-02  ) 
9.95	(5.0000010000e+00   5.0000000000e-03   9.9970601053e-02  ) (5.5000010000e+00   5.0000000000e-03   1.0005126210e-01  ) (6.0000010000e+00   5.0000000000e-03   9.9962635286e-02  ) (6.5000010000e+00   5.0000000000e-03   9.9997508007e-02  ) (6.9937500000e+00   5.0000000000e-03   9.9959060153e-02  ) (8.0062500000e+00   5.0000000000e-03   1.0003024071e-01  ) (9.0000010000e+00   5.0000000000e-03   1.0010033803e-01  ) (1.0200001000e+01   5.0000000000e-03   9.9979521476e-02  ) 
9.96	(5.0000010000e+00   5.0000000000e-03   9.9960832962e-02  ) (5.5000010000e+00   5.0000000000e-03   1.0004561980e-01  ) (6.0000010000e+00   5.0000000000e-03   9.9956654991e-02  ) (6.5000010000e+00   5.0000000000e-03   9.9995465235e-02  ) (6.9937500000e+00   5.0000000000e-03   9.9959325062e-02  ) (8.0062500000e+00   5.0000000000e-03   1.0003015195e-01  ) (9.0000010000e+00   5.0000000000e-03   1.0009686274e-01  ) (1.0200001000e+01   5.0000000000e-03   9.9987353261e-02  ) 
9.97	(5.0000010000e+00   5.0000000000e-03   9.9951115228e-02  ) (5.5000010000e+00   5.0000000000e-03   1.0003951104e-01  ) (6.0000010000e+00   5.0000000000e-03   9.9951074877e-02  ) (6.5000010000e+00   5.0000000000e-03   9.9993032565e-02  ) (6.9937500000e+00   5.0000000000e-03   9.9959562113e-02  ) (8.0062500000e+00   5.0000000000e-03   1.0003003824e-01  ) (9.0000010000e+00   5.0000000000e-03   1.0009338844e-01  ) (1.0200001000e+01   5.0000000000e-03   9.9996403700e-02  ) 
9.98	(5.0000010000e+00   5.0000000000e-03   9.9941541156e-02  ) (5.5000010000e+00   5.0000000000e-03   1.0003299318e-01  ) (6.0000010000e+00   5.0000000000e-03   9.9945991673e-02  ) (6.5000010000e+00   5.0000000000e-03   9.9990268166e-02  ) (6.9937500000e+00   5.0000000000e-03   9.9959754195e-02  ) (8.0062500000e+00   5.0000000000e-03   1.0002990608e-01  ) (9.0000010000e+00   5.0000000000e-03   1.0008991702e-01  ) (1.0200001000e+01   5.0000000000e-03   1.0000651538e-01  ) 
9.99	(5.0000010000e+00   5.0000000000e-03   9.9932199185e-02  ) (5.5000010000e+00   5.0000000000e-03   1.0002612450e-01  ) (6.0000010000e+00   5.0000000000e-03   9.9941494983e-02  ) (6.5000010000e+00   5.0000000000e-03   9.9987237135e-02  ) (6.9937500000e+00   5.0000000000e-03   9.9959888388e-02  ) (8.0062500000e+00   5.0000000000e-03   1.0002976203e-01  ) (9.0000010000e+00   5.0000000000e-03   1.0008645507e-01  ) (1.0200001000e+01   5.0000000000e-03   1.0001751906e-01  ) 
10	(5.0000010000e+00   5.0000000000e-03   9.9923172041e-02  ) (5.5000010000e+00   5.0000000000e-03   1.0001896324e-01  ) (6.0000010000e+00   5.0000000000e-03   9.9937665997e-02  ) (6.5000010000e+00   5.0000000000e-03   9.9984010474e-02  ) (6.9937500000e+00   5.0000000000e-03   9.9959956128e-02  ) (8.0062500000e+00   5.0000000000e-03   1.0002961239e-01  ) (9.0000010000e+00   5.0000000000e-03   1.0008301476e-01  ) (1.0200001000e+01   5.0000000000e-03   1.0002923241e-01  ) 
10.01	(5.0000010000e+00   5.0000000000e-03   9.9914536764e-02  ) (5.5000010000e+00   5.0000000000e-03   1.0001156799e-01  ) (6.0000010000e+00   5.0000000000e-03   9.9934567146e-02  ) (6.5000010000e+00   5.0000000000e-03   9.9980663294e-02  ) (6.9937500000e+00   5.0000000000e-03   9.9959953473e-02  ) (8.0062500000e+00   5.0000000000e-03   1.0002946302e-01  ) (9.0000010000e+00   5.0000000000e-03   1.0007961341e-01  ) (1.0200001000e+01   5.0000000000e-03   1.0004146609e-01  ) 
10.02	(5.0000010000e+00   5.0000000000e-03   9.9906364057e-02  ) (5.5000010000e+00   5.0000000000e-03   1.0000399742e-01  ) (6.0000010000e+00   5.0000000000e-03   9.9932248667e-02  ) (6.5000010000e+00   5.0000000000e-03   9.9977272853e-02  ) (6.9937500000e+00   5.0000000000e-03   9.9959881186e-02  ) (8.0062500000e+00   5.0000000000e-03   1.0002931921e-01  ) (9.0000010000e+00   5.0000000000e-03   1.0007627237e-01  ) (1.0200001000e+01   5.0000000000e-03   1.0005402421e-01  ) 
10.03	(5.0000010000e+00   5.0000000000e-03   9.9898718313e-02  ) (5.5000010000e+00   5.0000000000e-03   9.9996311291e-02  ) (6.0000010000e+00   5.0000000000e-03   9.9930723307e-02  ) (6.5000010000e+00   5.0000000000e-03   9.9973915998e-02  ) (6.9937500000e+00   5.0000000000e-03   9.9959744696e-02  ) (8.0062500000e+00   5.0000000000e-03   1.0002918572e-01  ) (9.0000010000e+00   5.0000000000e-03   1.0007301427e-01  ) (1.0200001000e+01   5.0000000000e-03   1.0006670510e-01  ) 
10.04	(5.0000010000e+00   5.0000000000e-03   9.9891656496e-02  ) (5.5000010000e+00   5.0000000000e-03   9.9988570211e-02  ) (6.0000010000e+00   5.0000000000e-03   9.9929990068e-02  ) (6.5000010000e+00   5.0000000000e-03   9.9970668348e-02  ) (6.9937500000e+00   5.0000000000e-03   9.9959553714e-02  ) (8.0062500000e+00   5.0000000000e-03   1.0002906640e-01  ) (9.0000010000e+00   5.0000000000e-03   1.0006986303e-01  ) (1.0200001000e+01   5.0000000000e-03   1.0007930771e-01  ) 
10.05	(5.0000010000e+00   5.0000000000e-03   9.9885231103e-02  ) (5.5000010000e+00   5.0000000000e-03   9.9980834249e-02  ) (6.0000010000e+00   5.0000000000e-03   9.9930071469e-02  ) (6.5000010000e+00   5.0000000000e-03   9.9967601765e-02  ) (6.9937500000e+00   5.0000000000e-03   9.9959321668e-02  ) (8.0062500000e+00   5.0000000000e-03   1.0002896455e-01  ) (9.0000010000e+00   5.0000000000e-03   1.0006684213e-01  ) (1.0200001000e+01   5.0000000000e-03   1.0009163342e-01  ) 
10.06	(5.0000010000e+00   5.0000000000e-03   9.9879488656e-02  ) (5.5000010000e+00   5.0000000000e-03   9.9973163793e-02  ) (6.0000010000e+00   5.0000000000e-03   9.9930986841e-02  ) (6.5000010000e+00   5.0000000000e-03   9.9964782796e-02  ) (6.9937500000e+00   5.0000000000e-03   9.9959065161e-02  ) (8.0062500000e+00   5.0000000000e-03   1.0002888268e-01  ) (9.0000010000e+00   5.0000000000e-03   1.0006397289e-01  ) (1.0200001000e+01   5.0000000000e-03   1.0010349078e-01  ) 
10.07	(5.0000010000e+00   5.0000000000e-03   9.9874468153e-02  ) (5.5000010000e+00   5.0000000000e-03   9.9965621383e-02  ) (6.0000010000e+00   5.0000000000e-03   9.9932772479e-02  ) (6.5000010000e+00   5.0000000000e-03   9.9962272815e-02  ) (6.9937500000e+00   5.0000000000e-03   9.9958803738e-02  ) (8.0062500000e+00   5.0000000000e-03   1.0002882291e-01  ) (9.0000010000e+00   5.0000000000e-03   1.0006127296e-01  ) (1.0200001000e+01   5.0000000000e-03   1.0011469697e-01  ) 
10.08	(5.0000010000e+00   5.0000000000e-03   9.9870200660e-02  ) (5.5000010000e+00   5.0000000000e-03   9.9958271360e-02  ) (6.0000010000e+00   5.0000000000e-03   9.9935405188e-02  ) (6.5000010000e+00   5.0000000000e-03   9.9960123679e-02  ) (6.9937500000e+00   5.0000000000e-03   9.9958558181e-02  ) (8.0062500000e+00   5.0000000000e-03   1.0002878696e-01  ) (9.0000010000e+00   5.0000000000e-03   1.0005875522e-01  ) (1.0200001000e+01   5.0000000000e-03   1.0012508013e-01  ) 
10.09	(5.0000010000e+00   5.0000000000e-03   9.9866708873e-02  ) (5.5000010000e+00   5.0000000000e-03   9.9951178933e-02  ) (6.0000010000e+00   5.0000000000e-03   9.9938828782e-02  ) (6.5000010000e+00   5.0000000000e-03   9.9958378019e-02  ) (6.9937500000e+00   5.0000000000e-03   9.9958349910e-02  ) (8.0062500000e+00   5.0000000000e-03   1.0002877627e-01  ) (9.0000010000e+00   5.0000000000e-03   1.0005642690e-01  ) (1.0200001000e+01   5.0000000000e-03   1.0013448253e-01  ) 
10.1	(5.0000010000e+00   5.0000000000e-03   9.9864007610e-02  ) (5.5000010000e+00   5.0000000000e-03   9.9944409831e-02  ) (6.0000010000e+00   5.0000000000e-03   9.9942981135e-02  ) (6.5000010000e+00   5.0000000000e-03   9.9957062261e-02  ) (6.9937500000e+00   5.0000000000e-03   9.9958199595e-02  ) (8.0062500000e+00   5.0000000000e-03   1.0002879200e-01  ) (9.0000010000e+00   5.0000000000e-03   1.0005428958e-01  ) (1.0200001000e+01   5.0000000000e-03   1.0014276161e-01  ) 
10.11	(5.0000010000e+00   5.0000000000e-03   9.9862101175e-02  ) (5.5000010000e+00   5.0000000000e-03   9.9938030259e-02  ) (6.0000010000e+00   5.0000000000e-03   9.9947788751e-02  ) (6.5000010000e+00   5.0000000000e-03   9.9956187067e-02  ) (6.9937500000e+00   5.0000000000e-03   9.9958126538e-02  ) (8.0062500000e+00   5.0000000000e-03   1.0002883399e-01  ) (9.0000010000e+00   5.0000000000e-03   1.0005233897e-01  ) (1.0200001000e+01   5.0000000000e-03   1.0014979833e-01  ) 
10.12	(5.0000010000e+00   5.0000000000e-03   9.9860974772e-02  ) (5.5000010000e+00   5.0000000000e-03   9.9932106398e-02  ) (6.0000010000e+00   5.0000000000e-03   9.9953166465e-02  ) (6.5000010000e+00   5.0000000000e-03   9.9955735543e-02  ) (6.9937500000e+00   5.0000000000e-03   9.9958147769e-02  ) (8.0062500000e+00   5.0000000000e-03   1.0002890174e-01  ) (9.0000010000e+00   5.0000000000e-03   1.0005056550e-01  ) (1.0200001000e+01   5.0000000000e-03   1.0015550020e-01  ) 
10.13	(5.0000010000e+00   5.0000000000e-03   9.9860613112e-02  ) (5.5000010000e+00   5.0000000000e-03   9.9926703764e-02  ) (6.0000010000e+00   5.0000000000e-03   9.9959017657e-02  ) (6.5000010000e+00   5.0000000000e-03   9.9955697900e-02  ) (6.9937500000e+00   5.0000000000e-03   9.9958277125e-02  ) (8.0062500000e+00   5.0000000000e-03   1.0002899490e-01  ) (9.0000010000e+00   5.0000000000e-03   1.0004895493e-01  ) (1.0200001000e+01   5.0000000000e-03   1.0015981273e-01  ) 
10.14	(5.0000010000e+00   5.0000000000e-03   9.9861046404e-02  ) (5.5000010000e+00   5.0000000000e-03   9.9921883682e-02  ) (6.0000010000e+00   5.0000000000e-03   9.9965235965e-02  ) (6.5000010000e+00   5.0000000000e-03   9.9956066184e-02  ) (6.9937500000e+00   5.0000000000e-03   9.9958524675e-02  ) (8.0062500000e+00   5.0000000000e-03   1.0002911305e-01  ) (9.0000010000e+00   5.0000000000e-03   1.0004749030e-01  ) (1.0200001000e+01   5.0000000000e-03   1.0016272084e-01  ) 
10.15	(5.0000010000e+00   5.0000000000e-03   9.9862292585e-02  ) (5.5000010000e+00   5.0000000000e-03   9.9917704713e-02  ) (6.0000010000e+00   5.0000000000e-03   9.9971706652e-02  ) (6.5000010000e+00   5.0000000000e-03   9.9956829059e-02  ) (6.9937500000e+00   5.0000000000e-03   9.9958896199e-02  ) (8.0062500000e+00   5.0000000000e-03   1.0002925523e-01  ) (9.0000010000e+00   5.0000000000e-03   1.0004615285e-01  ) (1.0200001000e+01   5.0000000000e-03   1.0016427746e-01  ) 
10.16	(5.0000010000e+00   5.0000000000e-03   9.9864380098e-02  ) (5.5000010000e+00   5.0000000000e-03   9.9914216126e-02  ) (6.0000010000e+00   5.0000000000e-03   9.9978308897e-02  ) (6.5000010000e+00   5.0000000000e-03   9.9957963458e-02  ) (6.9937500000e+00   5.0000000000e-03   9.9959392938e-02  ) (8.0062500000e+00   5.0000000000e-03   1.0002942008e-01  ) (9.0000010000e+00   5.0000000000e-03   1.0004492266e-01  ) (1.0200001000e+01   5.0000000000e-03   1.0016450073e-01  ) 
10.17	(5.0000010000e+00   5.0000000000e-03   9.9867287804e-02  ) (5.5000010000e+00   5.0000000000e-03   9.9911459264e-02  ) (6.0000010000e+00   5.0000000000e-03   9.9984919660e-02  ) (6.5000010000e+00   5.0000000000e-03   9.9959413429e-02  ) (6.9937500000e+00   5.0000000000e-03   9.9960011717e-02  ) (8.0062500000e+00   5.0000000000e-03   1.0002960578e-01  ) (9.0000010000e+00   5.0000000000e-03   1.0004377949e-01  ) (1.0200001000e+01   5.0000000000e-03   1.0016338931e-01  ) 
10.18	(5.0000010000e+00   5.0000000000e-03   9.9870987248e-02  ) (5.5000010000e+00   5.0000000000e-03   9.9909469625e-02  ) (6.0000010000e+00   5.0000000000e-03   9.9991415042e-02  ) (6.5000010000e+00   5.0000000000e-03   9.9961123291e-02  ) (6.9937500000e+00   5.0000000000e-03   9.9960744275e-02  ) (8.0062500000e+00   5.0000000000e-03   1.0002980982e-01  ) (9.0000010000e+00   5.0000000000e-03   1.0004270363e-01  ) (1.0200001000e+01   5.0000000000e-03   1.0016094704e-01  ) 
10.19	(5.0000010000e+00   5.0000000000e-03   9.9875450097e-02  ) (5.5000010000e+00   5.0000000000e-03   9.9908254818e-02  ) (6.0000010000e+00   5.0000000000e-03   9.9997670658e-02  ) (6.5000010000e+00   5.0000000000e-03   9.9963029826e-02  ) (6.9937500000e+00   5.0000000000e-03   9.9961577739e-02  ) (8.0062500000e+00   5.0000000000e-03   1.0003002943e-01  ) (9.0000010000e+00   5.0000000000e-03   1.0004167719e-01  ) (1.0200001000e+01   5.0000000000e-03   1.0015720183e-01  ) 
10.2	(5.0000010000e+00   5.0000000000e-03   9.9880643979e-02  ) (5.5000010000e+00   5.0000000000e-03   9.9907828727e-02  ) (6.0000010000e+00   5.0000000000e-03   1.0000356650e-01  ) (6.5000010000e+00   5.0000000000e-03   9.9965067393e-02  ) (6.9937500000e+00   5.0000000000e-03   9.9962495414e-02  ) (8.0062500000e+00   5.0000000000e-03   1.0003026151e-01  ) (9.0000010000e+00   5.0000000000e-03   1.0004068453e-01  ) (1.0200001000e+01   5.0000000000e-03   1.0015228348e-01  ) 
10.21	(5.0000010000e+00   5.0000000000e-03   9.9886532198e-02  ) (5.5000010000e+00   5.0000000000e-03   9.9908237397e-02  ) (6.0000010000e+00   5.0000000000e-03   1.0000898752e-01  ) (6.5000010000e+00   5.0000000000e-03   9.9967167879e-02  ) (6.9937500000e+00   5.0000000000e-03   9.9963476544e-02  ) (8.0062500000e+00   5.0000000000e-03   1.0003050254e-01  ) (9.0000010000e+00   5.0000000000e-03   1.0003971266e-01  ) (1.0200001000e+01   5.0000000000e-03   1.0014632702e-01  ) 
10.22	(5.0000010000e+00   5.0000000000e-03   9.9893072723e-02  ) (5.5000010000e+00   5.0000000000e-03   9.9909528935e-02  ) (6.0000010000e+00   5.0000000000e-03   1.0001382575e-01  ) (6.5000010000e+00   5.0000000000e-03   9.9969263297e-02  ) (6.9937500000e+00   5.0000000000e-03   9.9964499882e-02  ) (8.0062500000e+00   5.0000000000e-03   1.0003074887e-01  ) (9.0000010000e+00   5.0000000000e-03   1.0003875193e-01  ) (1.0200001000e+01   5.0000000000e-03   1.0013948538e-01  ) 
10.23	(5.0000010000e+00   5.0000000000e-03   9.9900218463e-02  ) (5.5000010000e+00   5.0000000000e-03   9.9911727361e-02  ) (6.0000010000e+00   5.0000000000e-03   1.0001798523e-01  ) (6.5000010000e+00   5.0000000000e-03   9.9971286191e-02  ) (6.9937500000e+00   5.0000000000e-03   9.9965542612e-02  ) (8.0062500000e+00   5.0000000000e-03   1.0003099706e-01  ) (9.0000010000e+00   5.0000000000e-03   1.0003779670e-01  ) (1.0200001000e+01   5.0000000000e-03   1.0013192208e-01  ) 
10.24	(5.0000010000e+00   5.0000000000e-03   9.9907917412e-02  ) (5.5000010000e+00   5.0000000000e-03   9.9914802666e-02  ) (6.0000010000e+00   5.0000000000e-03   1.0002138330e-01  ) (6.5000010000e+00   5.0000000000e-03   9.9973172418e-02  ) (6.9937500000e+00   5.0000000000e-03   9.9966581512e-02  ) (8.0062500000e+00   5.0000000000e-03   1.0003124293e-01  ) (9.0000010000e+00   5.0000000000e-03   1.0003684509e-01  ) (1.0200001000e+01   5.0000000000e-03   1.0012381322e-01  ) 
10.25	(5.0000010000e+00   5.0000000000e-03   9.9916112739e-02  ) (5.5000010000e+00   5.0000000000e-03   9.9918722848e-02  ) (6.0000010000e+00   5.0000000000e-03   1.0002396077e-01  ) (6.5000010000e+00   5.0000000000e-03   9.9974861499e-02  ) (6.9937500000e+00   5.0000000000e-03   9.9967593652e-02  ) (8.0062500000e+00   5.0000000000e-03   1.0003148191e-01  ) (9.0000010000e+00   5.0000000000e-03   1.0003589876e-01  ) (1.0200001000e+01   5.0000000000e-03   1.0011534402e-01  ) 
10.26	(5.0000010000e+00   5.0000000000e-03   9.9924743135e-02  ) (5.5000010000e+00   5.0000000000e-03   9.9923445690e-02  ) (6.0000010000e+00   5.0000000000e-03   1.0002568012e-01  ) (6.5000010000e+00   5.0000000000e-03   9.9976299978e-02  ) (6.9937500000e+00   5.0000000000e-03   9.9968558219e-02  ) (8.0062500000e+00   5.0000000000e-03   1.0003170935e-01  ) (9.0000010000e+00   5.0000000000e-03   1.0003496269e-01  ) (1.0200001000e+01   5.0000000000e-03   1.0010670594e-01  ) 
10.27	(5.0000010000e+00   5.0000000000e-03   9.9933743284e-02  ) (5.5000010000e+00   5.0000000000e-03   9.9928916389e-02  ) (6.0000010000e+00   5.0000000000e-03   1.0002655392e-01  ) (6.5000010000e+00   5.0000000000e-03   9.9977440835e-02  ) (6.9937500000e+00   5.0000000000e-03   9.9969457002e-02  ) (8.0062500000e+00   5.0000000000e-03   1.0003192004e-01  ) (9.0000010000e+00   5.0000000000e-03   1.0003404520e-01  ) (1.0200001000e+01   5.0000000000e-03   1.0009809385e-01  ) 
10.28	(5.0000010000e+00   5.0000000000e-03   9.9943044058e-02  ) (5.5000010000e+00   5.0000000000e-03   9.9935066384e-02  ) (6.0000010000e+00   5.0000000000e-03   1.0002657996e-01  ) (6.5000010000e+00   5.0000000000e-03   9.9978249273e-02  ) (6.9937500000e+00   5.0000000000e-03   9.9970275417e-02  ) (8.0062500000e+00   5.0000000000e-03   1.0003210865e-01  ) (9.0000010000e+00   5.0000000000e-03   1.0003315728e-01  ) (1.0200001000e+01   5.0000000000e-03   1.0008970088e-01  ) 
10.29	(5.0000010000e+00   5.0000000000e-03   9.9952573384e-02  ) (5.5000010000e+00   5.0000000000e-03   9.9941814582e-02  ) (6.0000010000e+00   5.0000000000e-03   1.0002574110e-01  ) (6.5000010000e+00   5.0000000000e-03   9.9978714101e-02  ) (6.9937500000e+00   5.0000000000e-03   9.9971002821e-02  ) (8.0062500000e+00   5.0000000000e-03   1.0003226994e-01  ) (9.0000010000e+00   5.0000000000e-03   1.0003231183e-01  ) (1.0200001000e+01   5.0000000000e-03   1.0008171831e-01  ) 
10.3	(5.0000010000e+00   5.0000000000e-03   9.9962256272e-02  ) (5.5000010000e+00   5.0000000000e-03   9.9949067369e-02  ) (6.0000010000e+00   5.0000000000e-03   1.0002400822e-01  ) (6.5000010000e+00   5.0000000000e-03   9.9978828599e-02  ) (6.9937500000e+00   5.0000000000e-03   9.9971632952e-02  ) (8.0062500000e+00   5.0000000000e-03   1.0003239864e-01  ) (9.0000010000e+00   5.0000000000e-03   1.0003152290e-01  ) (1.0200001000e+01   5.0000000000e-03   1.0007432851e-01  ) 
10.31	(5.0000010000e+00   5.0000000000e-03   9.9972015640e-02  ) (5.5000010000e+00   5.0000000000e-03   9.9956720381e-02  ) (6.0000010000e+00   5.0000000000e-03   1.0002142106e-01  ) (6.5000010000e+00   5.0000000000e-03   9.9978581471e-02  ) (6.9937500000e+00   5.0000000000e-03   9.9972164292e-02  ) (8.0062500000e+00   5.0000000000e-03   1.0003248984e-01  ) (9.0000010000e+00   5.0000000000e-03   1.0003080485e-01  ) (1.0200001000e+01   5.0000000000e-03   1.0006770742e-01  ) 
10.32	(5.0000010000e+00   5.0000000000e-03   9.9981773085e-02  ) (5.5000010000e+00   5.0000000000e-03   9.9964661256e-02  ) (6.0000010000e+00   5.0000000000e-03   1.0001805116e-01  ) (6.5000010000e+00   5.0000000000e-03   9.9977969495e-02  ) (6.9937500000e+00   5.0000000000e-03   9.9972600576e-02  ) (8.0062500000e+00   5.0000000000e-03   1.0003253910e-01  ) (9.0000010000e+00   5.0000000000e-03   1.0003017148e-01  ) (1.0200001000e+01   5.0000000000e-03   1.0006201803e-01  ) 
10.33	(5.0000010000e+00   5.0000000000e-03   9.9991449709e-02  ) (5.5000010000e+00   5.0000000000e-03   9.9972771316e-02  ) (6.0000010000e+00   5.0000000000e-03   1.0001397440e-01  ) (6.5000010000e+00   5.0000000000e-03   9.9976990501e-02  ) (6.9937500000e+00   5.0000000000e-03   9.9972948564e-02  ) (8.0062500000e+00   5.0000000000e-03   1.0003254243e-01  ) (9.0000010000e+00   5.0000000000e-03   1.0002963590e-01  ) (1.0200001000e+01   5.0000000000e-03   1.0005740694e-01  ) 
10.34	(5.0000010000e+00   5.0000000000e-03   1.0000096620e-01  ) (5.5000010000e+00   5.0000000000e-03   9.9980928973e-02  ) (6.0000010000e+00   5.0000000000e-03   1.0000927921e-01  ) (6.5000010000e+00   5.0000000000e-03   9.9975675357e-02  ) (6.9937500000e+00   5.0000000000e-03   9.9973217893e-02  ) (8.0062500000e+00   5.0000000000e-03   1.0003249685e-01  ) (9.0000010000e+00   5.0000000000e-03   1.0002920803e-01  ) (1.0200001000e+01   5.0000000000e-03   1.0005399533e-01  ) 
10.35	(5.0000010000e+00   5.0000000000e-03   1.0001024363e-01  ) (5.5000010000e+00   5.0000000000e-03   9.9989012817e-02  ) (6.0000010000e+00   5.0000000000e-03   1.0000406504e-01  ) (6.5000010000e+00   5.0000000000e-03   9.9974060215e-02  ) (6.9937500000e+00   5.0000000000e-03   9.9973425513e-02  ) (8.0062500000e+00   5.0000000000e-03   1.0003240026e-01  ) (9.0000010000e+00   5.0000000000e-03   1.0002889425e-01  ) (1.0200001000e+01   5.0000000000e-03   1.0005184572e-01  ) 
10.36	(5.0000010000e+00   5.0000000000e-03   1.0001920437e-01  ) (5.5000010000e+00   5.0000000000e-03   9.9996901175e-02  ) (6.0000010000e+00   5.0000000000e-03   9.9998441300e-02  ) (6.5000010000e+00   5.0000000000e-03   9.9972189370e-02  ) (6.9937500000e+00   5.0000000000e-03   9.9973592569e-02  ) (8.0062500000e+00   5.0000000000e-03   1.0003225211e-01  ) (9.0000010000e+00   5.0000000000e-03   1.0002869880e-01  ) (1.0200001000e+01   5.0000000000e-03   1.0005096649e-01  ) 
10.37	(5.0000010000e+00   5.0000000000e-03   1.0002777219e-01  ) (5.5000010000e+00   5.0000000000e-03   1.0000447488e-01  ) (6.0000010000e+00   5.0000000000e-03   9.9992525174e-02  ) (6.5000010000e+00   5.0000000000e-03   9.9970113308e-02  ) (6.9937500000e+00   5.0000000000e-03   9.9973742656e-02  ) (8.0062500000e+00   5.0000000000e-03   1.0003205270e-01  ) (9.0000010000e+00   5.0000000000e-03   1.0002862485e-01  ) (1.0200001000e+01   5.0000000000e-03   1.0005143224e-01  ) 
10.38	(5.0000010000e+00   5.0000000000e-03   1.0003587493e-01  ) (5.5000010000e+00   5.0000000000e-03   1.0001161946e-01  ) (6.0000010000e+00   5.0000000000e-03   9.9986437481e-02  ) (6.5000010000e+00   5.0000000000e-03   9.9967888124e-02  ) (6.9937500000e+00   5.0000000000e-03   9.9973900609e-02  ) (8.0062500000e+00   5.0000000000e-03   1.0003180412e-01  ) (9.0000010000e+00   5.0000000000e-03   1.0002867198e-01  ) (1.0200001000e+01   5.0000000000e-03   1.0005327921e-01  ) 
10.39	(5.0000010000e+00   5.0000000000e-03   1.0004344288e-01  ) (5.5000010000e+00   5.0000000000e-03   1.0001822656e-01  ) (6.0000010000e+00   5.0000000000e-03   9.9980303265e-02  ) (6.5000010000e+00   5.0000000000e-03   9.9965573393e-02  ) (6.9937500000e+00   5.0000000000e-03   9.9974091637e-02  ) (8.0062500000e+00   5.0000000000e-03   1.0003150948e-01  ) (9.0000010000e+00   5.0000000000e-03   1.0002883529e-01  ) (1.0200001000e+01   5.0000000000e-03   1.0005658569e-01  ) 
10.4	(5.0000010000e+00   5.0000000000e-03   1.0005041026e-01  ) (5.5000010000e+00   5.0000000000e-03   1.0002419551e-01  ) (6.0000010000e+00   5.0000000000e-03   9.9974248407e-02  ) (6.5000010000e+00   5.0000000000e-03   9.9963231222e-02  ) (6.9937500000e+00   5.0000000000e-03   9.9974339854e-02  ) (8.0062500000e+00   5.0000000000e-03   1.0003117323e-01  ) (9.0000010000e+00   5.0000000000e-03   1.0002910274e-01  ) (1.0200001000e+01   5.0000000000e-03   1.0006134203e-01  ) 
10.41	(5.0000010000e+00   5.0000000000e-03   1.0005671609e-01  ) (5.5000010000e+00   5.0000000000e-03   1.0002943517e-01  ) (6.0000010000e+00   5.0000000000e-03   9.9968396207e-02  ) (6.5000010000e+00   5.0000000000e-03   9.9960924031e-02  ) (6.9937500000e+00   5.0000000000e-03   9.9974666746e-02  ) (8.0062500000e+00   5.0000000000e-03   1.0003080108e-01  ) (9.0000010000e+00   5.0000000000e-03   1.0002946090e-01  ) (1.0200001000e+01   5.0000000000e-03   1.0006748273e-01  ) 
10.42	(5.0000010000e+00   5.0000000000e-03   1.0006230698e-01  ) (5.5000010000e+00   5.0000000000e-03   1.0003386683e-01  ) (6.0000010000e+00   5.0000000000e-03   9.9962866219e-02  ) (6.5000010000e+00   5.0000000000e-03   9.9958712186e-02  ) (6.9937500000e+00   5.0000000000e-03   9.9975093005e-02  ) (8.0062500000e+00   5.0000000000e-03   1.0003039975e-01  ) (9.0000010000e+00   5.0000000000e-03   1.0002989556e-01  ) (1.0200001000e+01   5.0000000000e-03   1.0007493472e-01  ) 
10.43	(5.0000010000e+00   5.0000000000e-03   1.0006713808e-01  ) (5.5000010000e+00   5.0000000000e-03   1.0003742672e-01  ) (6.0000010000e+00   5.0000000000e-03   9.9957770179e-02  ) (6.5000010000e+00   5.0000000000e-03   9.9956653304e-02  ) (6.9937500000e+00   5.0000000000e-03   9.9975633874e-02  ) (8.0062500000e+00   5.0000000000e-03   1.0002997659e-01  ) (9.0000010000e+00   5.0000000000e-03   1.0003039136e-01  ) (1.0200001000e+01   5.0000000000e-03   1.0008360262e-01  ) 
10.44	(5.0000010000e+00   5.0000000000e-03   1.0007117359e-01  ) (5.5000010000e+00   5.0000000000e-03   1.0004006812e-01  ) (6.0000010000e+00   5.0000000000e-03   9.9953210434e-02  ) (6.5000010000e+00   5.0000000000e-03   9.9954800847e-02  ) (6.9937500000e+00   5.0000000000e-03   9.9976297951e-02  ) (8.0062500000e+00   5.0000000000e-03   1.0002953938e-01  ) (9.0000010000e+00   5.0000000000e-03   1.0003093023e-01  ) (1.0200001000e+01   5.0000000000e-03   1.0009337068e-01  ) 
10.45	(5.0000010000e+00   5.0000000000e-03   1.0007438806e-01  ) (5.5000010000e+00   5.0000000000e-03   1.0004176413e-01  ) (6.0000010000e+00   5.0000000000e-03   9.9949279230e-02  ) (6.5000010000e+00   5.0000000000e-03   9.9953201139e-02  ) (6.9937500000e+00   5.0000000000e-03   9.9977087499e-02  ) (8.0062500000e+00   5.0000000000e-03   1.0002909605e-01  ) (9.0000010000e+00   5.0000000000e-03   1.0003149188e-01  ) (1.0200001000e+01   5.0000000000e-03   1.0010410655e-01  ) 
10.46	(5.0000010000e+00   5.0000000000e-03   1.0007676564e-01  ) (5.5000010000e+00   5.0000000000e-03   1.0004252301e-01  ) (6.0000010000e+00   5.0000000000e-03   9.9946052976e-02  ) (6.5000010000e+00   5.0000000000e-03   9.9951893091e-02  ) (6.9937500000e+00   5.0000000000e-03   9.9977998591e-02  ) (8.0062500000e+00   5.0000000000e-03   1.0002865424e-01  ) (9.0000010000e+00   5.0000000000e-03   1.0003205143e-01  ) (1.0200001000e+01   5.0000000000e-03   1.0011565910e-01  ) 
10.47	(5.0000010000e+00   5.0000000000e-03   1.0007830357e-01  ) (5.5000010000e+00   5.0000000000e-03   1.0004236455e-01  ) (6.0000010000e+00   5.0000000000e-03   9.9943590034e-02  ) (6.5000010000e+00   5.0000000000e-03   9.9950904779e-02  ) (6.9937500000e+00   5.0000000000e-03   9.9979020787e-02  ) (8.0062500000e+00   5.0000000000e-03   1.0002822150e-01  ) (9.0000010000e+00   5.0000000000e-03   1.0003258359e-01  ) (1.0200001000e+01   5.0000000000e-03   1.0012786473e-01  ) 
10.48	(5.0000010000e+00   5.0000000000e-03   1.0007902956e-01  ) (5.5000010000e+00   5.0000000000e-03   1.0004125012e-01  ) (6.0000010000e+00   5.0000000000e-03   9.9941923408e-02  ) (6.5000010000e+00   5.0000000000e-03   9.9950243113e-02  ) (6.9937500000e+00   5.0000000000e-03   9.9980137884e-02  ) (8.0062500000e+00   5.0000000000e-03   1.0002780483e-01  ) (9.0000010000e+00   5.0000000000e-03   1.0003306506e-01  ) (1.0200001000e+01   5.0000000000e-03   1.0014054789e-01  ) 
10.49	(5.0000010000e+00   5.0000000000e-03   1.0007893566e-01  ) (5.5000010000e+00   5.0000000000e-03   1.0003916147e-01  ) (6.0000010000e+00   5.0000000000e-03   9.9941051080e-02  ) (6.5000010000e+00   5.0000000000e-03   9.9949905319e-02  ) (6.9937500000e+00   5.0000000000e-03   9.9981328596e-02  ) (8.0062500000e+00   5.0000000000e-03   1.0002741012e-01  ) (9.0000010000e+00   5.0000000000e-03   1.0003347448e-01  ) (1.0200001000e+01   5.0000000000e-03   1.0015352522e-01  ) 
10.5	(5.0000010000e+00   5.0000000000e-03   1.0007800578e-01  ) (5.5000010000e+00   5.0000000000e-03   1.0003615342e-01  ) (6.0000010000e+00   5.0000000000e-03   9.9940940999e-02  ) (6.5000010000e+00   5.0000000000e-03   9.9949890270e-02  ) (6.9937500000e+00   5.0000000000e-03   9.9982567456e-02  ) (8.0062500000e+00   5.0000000000e-03   1.0002704284e-01  ) (9.0000010000e+00   5.0000000000e-03   1.0003379312e-01  ) (1.0200001000e+01   5.0000000000e-03   1.0016660879e-01  ) 
10.51	(5.0000010000e+00   5.0000000000e-03   1.0007620974e-01  ) (5.5000010000e+00   5.0000000000e-03   1.0003228695e-01  ) (6.0000010000e+00   5.0000000000e-03   9.9941599148e-02  ) (6.5000010000e+00   5.0000000000e-03   9.9950192606e-02  ) (6.9937500000e+00   5.0000000000e-03   9.9983826333e-02  ) (8.0062500000e+00   5.0000000000e-03   1.0002670744e-01  ) (9.0000010000e+00   5.0000000000e-03   1.0003400580e-01  ) (1.0200001000e+01   5.0000000000e-03   1.0017960854e-01  ) 
10.52	(5.0000010000e+00   5.0000000000e-03   1.0007357685e-01  ) (5.5000010000e+00   5.0000000000e-03   1.0002763133e-01  ) (6.0000010000e+00   5.0000000000e-03   9.9943036548e-02  ) (6.5000010000e+00   5.0000000000e-03   9.9950806272e-02  ) (6.9937500000e+00   5.0000000000e-03   9.9985075663e-02  ) (8.0062500000e+00   5.0000000000e-03   1.0002640713e-01  ) (9.0000010000e+00   5.0000000000e-03   1.0003410299e-01  ) (1.0200001000e+01   5.0000000000e-03   1.0019233761e-01  ) 
10.53	(5.0000010000e+00   5.0000000000e-03   1.0007014922e-01  ) (5.5000010000e+00   5.0000000000e-03   1.0002226838e-01  ) (6.0000010000e+00   5.0000000000e-03   9.9945202575e-02  ) (6.5000010000e+00   5.0000000000e-03   9.9951717066e-02  ) (6.9937500000e+00   5.0000000000e-03   9.9986286064e-02  ) (8.0062500000e+00   5.0000000000e-03   1.0002614476e-01  ) (9.0000010000e+00   5.0000000000e-03   1.0003408040e-01  ) (1.0200001000e+01   5.0000000000e-03   1.0020461314e-01  ) 
10.54	(5.0000010000e+00   5.0000000000e-03   1.0006596992e-01  ) (5.5000010000e+00   5.0000000000e-03   1.0001629036e-01  ) (6.0000010000e+00   5.0000000000e-03   9.9948016851e-02  ) (6.5000010000e+00   5.0000000000e-03   9.9952883712e-02  ) (6.9937500000e+00   5.0000000000e-03   9.9987429784e-02  ) (8.0062500000e+00   5.0000000000e-03   1.0002592259e-01  ) (9.0000010000e+00   5.0000000000e-03   1.0003393726e-01  ) (1.0200001000e+01   5.0000000000e-03   1.0021626143e-01  ) 
10.55	(5.0000010000e+00   5.0000000000e-03   1.0006108484e-01  ) (5.5000010000e+00   5.0000000000e-03   1.0000979855e-01  ) (6.0000010000e+00   5.0000000000e-03   9.9951392911e-02  ) (6.5000010000e+00   5.0000000000e-03   9.9954262909e-02  ) (6.9937500000e+00   5.0000000000e-03   9.9988481830e-02  ) (8.0062500000e+00   5.0000000000e-03   1.0002574192e-01  ) (9.0000010000e+00   5.0000000000e-03   1.0003367638e-01  ) (1.0200001000e+01   5.0000000000e-03   1.0022711895e-01  ) 
10.56	(5.0000010000e+00   5.0000000000e-03   1.0005554430e-01  ) (5.5000010000e+00   5.0000000000e-03   1.0000290217e-01  ) (6.0000010000e+00   5.0000000000e-03   9.9955235609e-02  ) (6.5000010000e+00   5.0000000000e-03   9.9955807778e-02  ) (6.9937500000e+00   5.0000000000e-03   9.9989421148e-02  ) (8.0062500000e+00   5.0000000000e-03   1.0002560235e-01  ) (9.0000010000e+00   5.0000000000e-03   1.0003330455e-01  ) (1.0200001000e+01   5.0000000000e-03   1.0023703442e-01  ) 
10.57	(5.0000010000e+00   5.0000000000e-03   1.0004940350e-01  ) (5.5000010000e+00   5.0000000000e-03   9.9995715968e-02  ) (6.0000010000e+00   5.0000000000e-03   9.9959440985e-02  ) (6.5000010000e+00   5.0000000000e-03   9.9957468015e-02  ) (6.9937500000e+00   5.0000000000e-03   9.9990231615e-02  ) (8.0062500000e+00   5.0000000000e-03   1.0002550452e-01  ) (9.0000010000e+00   5.0000000000e-03   1.0003283128e-01  ) (1.0200001000e+01   5.0000000000e-03   1.0024587200e-01  ) 
10.58	(5.0000010000e+00   5.0000000000e-03   1.0004272138e-01  ) (5.5000010000e+00   5.0000000000e-03   9.9988358712e-02  ) (6.0000010000e+00   5.0000000000e-03   9.9963896601e-02  ) (6.5000010000e+00   5.0000000000e-03   9.9959192245e-02  ) (6.9937500000e+00   5.0000000000e-03   9.9990902424e-02  ) (8.0062500000e+00   5.0000000000e-03   1.0002545006e-01  ) (9.0000010000e+00   5.0000000000e-03   1.0003227182e-01  ) (1.0200001000e+01   5.0000000000e-03   1.0025351461e-01  ) 
10.59	(5.0000010000e+00   5.0000000000e-03   1.0003556035e-01  ) (5.5000010000e+00   5.0000000000e-03   9.9980950178e-02  ) (6.0000010000e+00   5.0000000000e-03   9.9968487851e-02  ) (6.5000010000e+00   5.0000000000e-03   9.9960929408e-02  ) (6.9937500000e+00   5.0000000000e-03   9.9991427432e-02  ) (8.0062500000e+00   5.0000000000e-03   1.0002542983e-01  ) (9.0000010000e+00   5.0000000000e-03   1.0003164350e-01  ) (1.0200001000e+01   5.0000000000e-03   1.0025987359e-01  ) 
10.6	(5.0000010000e+00   5.0000000000e-03   1.0002798620e-01  ) (5.5000010000e+00   5.0000000000e-03   9.9973610377e-02  ) (6.0000010000e+00   5.0000000000e-03   9.9973099053e-02  ) (6.5000010000e+00   5.0000000000e-03   9.9962629212e-02  ) (6.9937500000e+00   5.0000000000e-03   9.9991805924e-02  ) (8.0062500000e+00   5.0000000000e-03   1.0002543529e-01  ) (9.0000010000e+00   5.0000000000e-03   1.0003096473e-01  ) (1.0200001000e+01   5.0000000000e-03   1.0026488721e-01  ) 
10.61	(5.0000010000e+00   5.0000000000e-03   1.0002006753e-01  ) (5.5000010000e+00   5.0000000000e-03   9.9966456636e-02  ) (6.0000010000e+00   5.0000000000e-03   9.9977614864e-02  ) (6.5000010000e+00   5.0000000000e-03   9.9964244327e-02  ) (6.9937500000e+00   5.0000000000e-03   9.9992044281e-02  ) (8.0062500000e+00   5.0000000000e-03   1.0002546713e-01  ) (9.0000010000e+00   5.0000000000e-03   1.0003025424e-01  ) (1.0200001000e+01   5.0000000000e-03   1.0026853049e-01  ) 
10.62	(5.0000010000e+00   5.0000000000e-03   1.0001187538e-01  ) (5.5000010000e+00   5.0000000000e-03   9.9959601837e-02  ) (6.0000010000e+00   5.0000000000e-03   9.9981924540e-02  ) (6.5000010000e+00   5.0000000000e-03   9.9965732884e-02  ) (6.9937500000e+00   5.0000000000e-03   9.9992155200e-02  ) (8.0062500000e+00   5.0000000000e-03   1.0002552700e-01  ) (9.0000010000e+00   5.0000000000e-03   1.0002952986e-01  ) (1.0200001000e+01   5.0000000000e-03   1.0027082962e-01  ) 
10.63	(5.0000010000e+00   5.0000000000e-03   1.0000348297e-01  ) (5.5000010000e+00   5.0000000000e-03   9.9953152283e-02  ) (6.0000010000e+00   5.0000000000e-03   9.9985923133e-02  ) (6.5000010000e+00   5.0000000000e-03   9.9967058072e-02  ) (6.9937500000e+00   5.0000000000e-03   9.9992155876e-02  ) (8.0062500000e+00   5.0000000000e-03   1.0002561568e-01  ) (9.0000010000e+00   5.0000000000e-03   1.0002880806e-01  ) (1.0200001000e+01   5.0000000000e-03   1.0027184281e-01  ) 
10.64	(5.0000010000e+00   5.0000000000e-03   9.9994965363e-02  ) (5.5000010000e+00   5.0000000000e-03   9.9947205499e-02  ) (6.0000010000e+00   5.0000000000e-03   9.9989515260e-02  ) (6.5000010000e+00   5.0000000000e-03   9.9968188454e-02  ) (6.9937500000e+00   5.0000000000e-03   9.9992067097e-02  ) (8.0062500000e+00   5.0000000000e-03   1.0002573364e-01  ) (9.0000010000e+00   5.0000000000e-03   1.0002810305e-01  ) (1.0200001000e+01   5.0000000000e-03   1.0027157164e-01  ) 
10.65	(5.0000010000e+00   5.0000000000e-03   9.9986398564e-02  ) (5.5000010000e+00   5.0000000000e-03   9.9941850067e-02  ) (6.0000010000e+00   5.0000000000e-03   9.9992613275e-02  ) (6.5000010000e+00   5.0000000000e-03   9.9969100940e-02  ) (6.9937500000e+00   5.0000000000e-03   9.9991912178e-02  ) (8.0062500000e+00   5.0000000000e-03   1.0002588055e-01  ) (9.0000010000e+00   5.0000000000e-03   1.0002742620e-01  ) (1.0200001000e+01   5.0000000000e-03   1.0027003179e-01  ) 
10.66	(5.0000010000e+00   5.0000000000e-03   9.9977858724e-02  ) (5.5000010000e+00   5.0000000000e-03   9.9937163780e-02  ) (6.0000010000e+00   5.0000000000e-03   9.9995140492e-02  ) (6.5000010000e+00   5.0000000000e-03   9.9969785738e-02  ) (6.9937500000e+00   5.0000000000e-03   9.9991716561e-02  ) (8.0062500000e+00   5.0000000000e-03   1.0002605524e-01  ) (9.0000010000e+00   5.0000000000e-03   1.0002678572e-01  ) (1.0200001000e+01   5.0000000000e-03   1.0026722096e-01  ) 
10.67	(5.0000010000e+00   5.0000000000e-03   9.9969422535e-02  ) (5.5000010000e+00   5.0000000000e-03   9.9933212564e-02  ) (6.0000010000e+00   5.0000000000e-03   9.9997036235e-02  ) (6.5000010000e+00   5.0000000000e-03   9.9970243143e-02  ) (6.9937500000e+00   5.0000000000e-03   9.9991505648e-02  ) (8.0062500000e+00   5.0000000000e-03   1.0002625587e-01  ) (9.0000010000e+00   5.0000000000e-03   1.0002618649e-01  ) (1.0200001000e+01   5.0000000000e-03   1.0026320663e-01  ) 
10.68	(5.0000010000e+00   5.0000000000e-03   9.9961166357e-02  ) (5.5000010000e+00   5.0000000000e-03   9.9930046305e-02  ) (6.0000010000e+00   5.0000000000e-03   9.9998259449e-02  ) (6.5000010000e+00   5.0000000000e-03   9.9970480461e-02  ) (6.9937500000e+00   5.0000000000e-03   9.9991303388e-02  ) (8.0062500000e+00   5.0000000000e-03   1.0002648035e-01  ) (9.0000010000e+00   5.0000000000e-03   1.0002563050e-01  ) (1.0200001000e+01   5.0000000000e-03   1.0025812492e-01  ) 
10.69	(5.0000010000e+00   5.0000000000e-03   9.9953166035e-02  ) (5.5000010000e+00   5.0000000000e-03   9.9927695697e-02  ) (6.0000010000e+00   5.0000000000e-03   9.9998808479e-02  ) (6.5000010000e+00   5.0000000000e-03   9.9970505776e-02  ) (6.9937500000e+00   5.0000000000e-03   9.9991131586e-02  ) (8.0062500000e+00   5.0000000000e-03   1.0002672503e-01  ) (9.0000010000e+00   5.0000000000e-03   1.0002511650e-01  ) (1.0200001000e+01   5.0000000000e-03   1.0025210823e-01  ) 
10.7	(5.0000010000e+00   5.0000000000e-03   9.9945495941e-02  ) (5.5000010000e+00   5.0000000000e-03   9.9926167400e-02  ) (6.0000010000e+00   5.0000000000e-03   9.9998697312e-02  ) (6.5000010000e+00   5.0000000000e-03   9.9970330336e-02  ) (6.9937500000e+00   5.0000000000e-03   9.9991008720e-02  ) (8.0062500000e+00   5.0000000000e-03   1.0002698556e-01  ) (9.0000010000e+00   5.0000000000e-03   1.0002464036e-01  ) (1.0200001000e+01   5.0000000000e-03   1.0024529983e-01  ) 
10.71	(5.0000010000e+00   5.0000000000e-03   9.9938228030e-02  ) (5.5000010000e+00   5.0000000000e-03   9.9925425677e-02  ) (6.0000010000e+00   5.0000000000e-03   9.9997907724e-02  ) (6.5000010000e+00   5.0000000000e-03   9.9969966316e-02  ) (6.9937500000e+00   5.0000000000e-03   9.9990949306e-02  ) (8.0062500000e+00   5.0000000000e-03   1.0002725711e-01  ) (9.0000010000e+00   5.0000000000e-03   1.0002419572e-01  ) (1.0200001000e+01   5.0000000000e-03   1.0023785195e-01  ) 
10.72	(5.0000010000e+00   5.0000000000e-03   9.9931431598e-02  ) (5.5000010000e+00   5.0000000000e-03   9.9925459618e-02  ) (6.0000010000e+00   5.0000000000e-03   9.9996427780e-02  ) (6.5000010000e+00   5.0000000000e-03   9.9969432925e-02  ) (6.9937500000e+00   5.0000000000e-03   9.9990963391e-02  ) (8.0062500000e+00   5.0000000000e-03   1.0002753456e-01  ) (9.0000010000e+00   5.0000000000e-03   1.0002377446e-01  ) (1.0200001000e+01   5.0000000000e-03   1.0022992354e-01  ) 
10.73	(5.0000010000e+00   5.0000000000e-03   9.9925172477e-02  ) (5.5000010000e+00   5.0000000000e-03   9.9926270141e-02  ) (6.0000010000e+00   5.0000000000e-03   9.9994299257e-02  ) (6.5000010000e+00   5.0000000000e-03   9.9968767291e-02  ) (6.9937500000e+00   5.0000000000e-03   9.9991056297e-02  ) (8.0062500000e+00   5.0000000000e-03   1.0002781265e-01  ) (9.0000010000e+00   5.0000000000e-03   1.0002336725e-01  ) (1.0200001000e+01   5.0000000000e-03   1.0022167927e-01  ) 
10.74	(5.0000010000e+00   5.0000000000e-03   9.9919511868e-02  ) (5.5000010000e+00   5.0000000000e-03   9.9927853907e-02  ) (6.0000010000e+00   5.0000000000e-03   9.9991583059e-02  ) (6.5000010000e+00   5.0000000000e-03   9.9968008505e-02  ) (6.9937500000e+00   5.0000000000e-03   9.9991228446e-02  ) (8.0062500000e+00   5.0000000000e-03   1.0002808616e-01  ) (9.0000010000e+00   5.0000000000e-03   1.0002296417e-01  ) (1.0200001000e+01   5.0000000000e-03   1.0021328382e-01  ) 
10.75	(5.0000010000e+00   5.0000000000e-03   9.9914504489e-02  ) (5.5000010000e+00   5.0000000000e-03   9.9930186188e-02  ) (6.0000010000e+00   5.0000000000e-03   9.9988346430e-02  ) (6.5000010000e+00   5.0000000000e-03   9.9967195164e-02  ) (6.9937500000e+00   5.0000000000e-03   9.9991475607e-02  ) (8.0062500000e+00   5.0000000000e-03   1.0002835125e-01  ) (9.0000010000e+00   5.0000000000e-03   1.0002255505e-01  ) (1.0200001000e+01   5.0000000000e-03   1.0020490137e-01  ) 
10.76	(5.0000010000e+00   5.0000000000e-03   9.9910196642e-02  ) (5.5000010000e+00   5.0000000000e-03   9.9933204948e-02  ) (6.0000010000e+00   5.0000000000e-03   9.9984670964e-02  ) (6.5000010000e+00   5.0000000000e-03   9.9966367695e-02  ) (6.9937500000e+00   5.0000000000e-03   9.9991789293e-02  ) (8.0062500000e+00   5.0000000000e-03   1.0002860375e-01  ) (9.0000010000e+00   5.0000000000e-03   1.0002213024e-01  ) (1.0200001000e+01   5.0000000000e-03   1.0019669121e-01  ) 
10.77	(5.0000010000e+00   5.0000000000e-03   9.9906624786e-02  ) (5.5000010000e+00   5.0000000000e-03   9.9936835555e-02  ) (6.0000010000e+00   5.0000000000e-03   9.9980645604e-02  ) (6.5000010000e+00   5.0000000000e-03   9.9965568359e-02  ) (6.9937500000e+00   5.0000000000e-03   9.9992157653e-02  ) (8.0062500000e+00   5.0000000000e-03   1.0002883986e-01  ) (9.0000010000e+00   5.0000000000e-03   1.0002168080e-01  ) (1.0200001000e+01   5.0000000000e-03   1.0018880597e-01  ) 
10.78	(5.0000010000e+00   5.0000000000e-03   9.9903815078e-02  ) (5.5000010000e+00   5.0000000000e-03   9.9941007439e-02  ) (6.0000010000e+00   5.0000000000e-03   9.9976366171e-02  ) (6.5000010000e+00   5.0000000000e-03   9.9964833644e-02  ) (6.9937500000e+00   5.0000000000e-03   9.9992566574e-02  ) (8.0062500000e+00   5.0000000000e-03   1.0002905632e-01  ) (9.0000010000e+00   5.0000000000e-03   1.0002119927e-01  ) (1.0200001000e+01   5.0000000000e-03   1.0018138874e-01  ) 
10.79	(5.0000010000e+00   5.0000000000e-03   9.9901782405e-02  ) (5.5000010000e+00   5.0000000000e-03   9.9945640556e-02  ) (6.0000010000e+00   5.0000000000e-03   9.9971933855e-02  ) (6.5000010000e+00   5.0000000000e-03   9.9964198011e-02  ) (6.9937500000e+00   5.0000000000e-03   9.9993000745e-02  ) (8.0062500000e+00   5.0000000000e-03   1.0002925037e-01  ) (9.0000010000e+00   5.0000000000e-03   1.0002067992e-01  ) (1.0200001000e+01   5.0000000000e-03   1.0017457006e-01  ) 
10.8	(5.0000010000e+00   5.0000000000e-03   9.9900521978e-02  ) (5.5000010000e+00   5.0000000000e-03   9.9950655051e-02  ) (6.0000010000e+00   5.0000000000e-03   9.9967452046e-02  ) (6.5000010000e+00   5.0000000000e-03   9.9963692733e-02  ) (6.9937500000e+00   5.0000000000e-03   9.9993443717e-02  ) (8.0062500000e+00   5.0000000000e-03   1.0002941977e-01  ) (9.0000010000e+00   5.0000000000e-03   1.0002011933e-01  ) (1.0200001000e+01   5.0000000000e-03   1.0016846822e-01  ) 
10.81	(5.0000010000e+00   5.0000000000e-03   9.9900019685e-02  ) (5.5000010000e+00   5.0000000000e-03   9.9955968070e-02  ) (6.0000010000e+00   5.0000000000e-03   9.9963022441e-02  ) (6.5000010000e+00   5.0000000000e-03   9.9963340939e-02  ) (6.9937500000e+00   5.0000000000e-03   9.9993879726e-02  ) (8.0062500000e+00   5.0000000000e-03   1.0002956262e-01  ) (9.0000010000e+00   5.0000000000e-03   1.0001951654e-01  ) (1.0200001000e+01   5.0000000000e-03   1.0016318353e-01  ) 
10.82	(5.0000010000e+00   5.0000000000e-03   9.9900296946e-02  ) (5.5000010000e+00   5.0000000000e-03   9.9961497399e-02  ) (6.0000010000e+00   5.0000000000e-03   9.9958743403e-02  ) (6.5000010000e+00   5.0000000000e-03   9.9963164890e-02  ) (6.9937500000e+00   5.0000000000e-03   9.9994294679e-02  ) (8.0062500000e+00   5.0000000000e-03   1.0002967750e-01  ) (9.0000010000e+00   5.0000000000e-03   1.0001887328e-01  ) (1.0200001000e+01   5.0000000000e-03   1.0015879667e-01  ) 
10.83	(5.0000010000e+00   5.0000000000e-03   9.9901373713e-02  ) (5.5000010000e+00   5.0000000000e-03   9.9967161597e-02  ) (6.0000010000e+00   5.0000000000e-03   9.9954708026e-02  ) (6.5000010000e+00   5.0000000000e-03   9.9963183435e-02  ) (6.9937500000e+00   5.0000000000e-03   9.9994676660e-02  ) (8.0062500000e+00   5.0000000000e-03   1.0002976321e-01  ) (9.0000010000e+00   5.0000000000e-03   1.0001819423e-01  ) (1.0200001000e+01   5.0000000000e-03   1.0015535952e-01  ) 
10.84	(5.0000010000e+00   5.0000000000e-03   9.9903271066e-02  ) (5.5000010000e+00   5.0000000000e-03   9.9972880510e-02  ) (6.0000010000e+00   5.0000000000e-03   9.9951001832e-02  ) (6.5000010000e+00   5.0000000000e-03   9.9963402657e-02  ) (6.9937500000e+00   5.0000000000e-03   9.9995016521e-02  ) (8.0062500000e+00   5.0000000000e-03   1.0002981961e-01  ) (9.0000010000e+00   5.0000000000e-03   1.0001748650e-01  ) (1.0200001000e+01   5.0000000000e-03   1.0015289454e-01  ) 
10.85	(5.0000010000e+00   5.0000000000e-03   9.9905960051e-02  ) (5.5000010000e+00   5.0000000000e-03   9.9978577030e-02  ) (6.0000010000e+00   5.0000000000e-03   9.9947700513e-02  ) (6.5000010000e+00   5.0000000000e-03   9.9963821224e-02  ) (6.9937500000e+00   5.0000000000e-03   9.9995308301e-02  ) (8.0062500000e+00   5.0000000000e-03   1.0002984740e-01  ) (9.0000010000e+00   5.0000000000e-03   1.0001675941e-01  ) (1.0200001000e+01   5.0000000000e-03   1.0015137261e-01  ) 
10.86	(5.0000010000e+00   5.0000000000e-03   9.9909399842e-02  ) (5.5000010000e+00   5.0000000000e-03   9.9984176865e-02  ) (6.0000010000e+00   5.0000000000e-03   9.9944870262e-02  ) (6.5000010000e+00   5.0000000000e-03   9.9964444980e-02  ) (6.9937500000e+00   5.0000000000e-03   9.9995549463e-02  ) (8.0062500000e+00   5.0000000000e-03   1.0002984694e-01  ) (9.0000010000e+00   5.0000000000e-03   1.0001602458e-01  ) (1.0200001000e+01   5.0000000000e-03   1.0015075465e-01  ) 
10.87	(5.0000010000e+00   5.0000000000e-03   9.9913546973e-02  ) (5.5000010000e+00   5.0000000000e-03   9.9989609215e-02  ) (6.0000010000e+00   5.0000000000e-03   9.9942564912e-02  ) (6.5000010000e+00   5.0000000000e-03   9.9965269249e-02  ) (6.9937500000e+00   5.0000000000e-03   9.9995740532e-02  ) (8.0062500000e+00   5.0000000000e-03   1.0002981886e-01  ) (9.0000010000e+00   5.0000000000e-03   1.0001529535e-01  ) (1.0200001000e+01   5.0000000000e-03   1.0015103508e-01  ) 
10.88	(5.0000010000e+00   5.0000000000e-03   9.9918351432e-02  ) (5.5000010000e+00   5.0000000000e-03   9.9994807039e-02  ) (6.0000010000e+00   5.0000000000e-03   9.9940823212e-02  ) (6.5000010000e+00   5.0000000000e-03   9.9966274606e-02  ) (6.9937500000e+00   5.0000000000e-03   9.9995885102e-02  ) (8.0062500000e+00   5.0000000000e-03   1.0002976484e-01  ) (9.0000010000e+00   5.0000000000e-03   1.0001458630e-01  ) (1.0200001000e+01   5.0000000000e-03   1.0015217665e-01  ) 
10.89	(5.0000010000e+00   5.0000000000e-03   9.9923756234e-02  ) (5.5000010000e+00   5.0000000000e-03   9.9999706870e-02  ) (6.0000010000e+00   5.0000000000e-03   9.9939664656e-02  ) (6.5000010000e+00   5.0000000000e-03   9.9967439131e-02  ) (6.9937500000e+00   5.0000000000e-03   9.9995989336e-02  ) (8.0062500000e+00   5.0000000000e-03   1.0002968742e-01  ) (9.0000010000e+00   5.0000000000e-03   1.0001391282e-01  ) (1.0200001000e+01   5.0000000000e-03   1.0015416150e-01  ) 
10.9	(5.0000010000e+00   5.0000000000e-03   9.9929697209e-02  ) (5.5000010000e+00   5.0000000000e-03   1.0000424763e-01  ) (6.0000010000e+00   5.0000000000e-03   9.9939075307e-02  ) (6.5000010000e+00   5.0000000000e-03   9.9968737001e-02  ) (6.9937500000e+00   5.0000000000e-03   9.9996061382e-02  ) (8.0062500000e+00   5.0000000000e-03   1.0002958952e-01  ) (9.0000010000e+00   5.0000000000e-03   1.0001329038e-01  ) (1.0200001000e+01   5.0000000000e-03   1.0015691405e-01  ) 
10.91	(5.0000010000e+00   5.0000000000e-03   9.9936103988e-02  ) (5.5000010000e+00   5.0000000000e-03   1.0000836961e-01  ) (6.0000010000e+00   5.0000000000e-03   9.9939024423e-02  ) (6.5000010000e+00   5.0000000000e-03   9.9970140208e-02  ) (6.9937500000e+00   5.0000000000e-03   9.9996110966e-02  ) (8.0062500000e+00   5.0000000000e-03   1.0002947442e-01  ) (9.0000010000e+00   5.0000000000e-03   1.0001273360e-01  ) (1.0200001000e+01   5.0000000000e-03   1.0016030972e-01  ) 
10.92	(5.0000010000e+00   5.0000000000e-03   9.9942900502e-02  ) (5.5000010000e+00   5.0000000000e-03   1.0001201716e-01  ) (6.0000010000e+00   5.0000000000e-03   9.9939507020e-02  ) (6.5000010000e+00   5.0000000000e-03   9.9971618425e-02  ) (6.9937500000e+00   5.0000000000e-03   9.9996148719e-02  ) (8.0062500000e+00   5.0000000000e-03   1.0002934611e-01  ) (9.0000010000e+00   5.0000000000e-03   1.0001225588e-01  ) (1.0200001000e+01   5.0000000000e-03   1.0016422496e-01  ) 
10.93	(5.0000010000e+00   5.0000000000e-03   9.9950005380e-02  ) (5.5000010000e+00   5.0000000000e-03   1.0001514141e-01  ) (6.0000010000e+00   5.0000000000e-03   9.9940508543e-02  ) (6.5000010000e+00   5.0000000000e-03   9.9973142141e-02  ) (6.9937500000e+00   5.0000000000e-03   9.9996185223e-02  ) (8.0062500000e+00   5.0000000000e-03   1.0002920912e-01  ) (9.0000010000e+00   5.0000000000e-03   1.0001186673e-01  ) (1.0200001000e+01   5.0000000000e-03   1.0016852407e-01  ) 
10.94	(5.0000010000e+00   5.0000000000e-03   9.9957333406e-02  ) (5.5000010000e+00   5.0000000000e-03   1.0001770317e-01  ) (6.0000010000e+00   5.0000000000e-03   9.9942002333e-02  ) (6.5000010000e+00   5.0000000000e-03   9.9974683263e-02  ) (6.9937500000e+00   5.0000000000e-03   9.9996230240e-02  ) (8.0062500000e+00   5.0000000000e-03   1.0002906835e-01  ) (9.0000010000e+00   5.0000000000e-03   1.0001157306e-01  ) (1.0200001000e+01   5.0000000000e-03   1.0017306564e-01  ) 
10.95	(5.0000010000e+00   5.0000000000e-03   9.9964796847e-02  ) (5.5000010000e+00   5.0000000000e-03   1.0001967382e-01  ) (6.0000010000e+00   5.0000000000e-03   9.9943936029e-02  ) (6.5000010000e+00   5.0000000000e-03   9.9976214287e-02  ) (6.9937500000e+00   5.0000000000e-03   9.9996292109e-02  ) (8.0062500000e+00   5.0000000000e-03   1.0002892888e-01  ) (9.0000010000e+00   5.0000000000e-03   1.0001138089e-01  ) (1.0200001000e+01   5.0000000000e-03   1.0017770201e-01  ) 
10.96	(5.0000010000e+00   5.0000000000e-03   9.9972306264e-02  ) (5.5000010000e+00   5.0000000000e-03   1.0002105308e-01  ) (6.0000010000e+00   5.0000000000e-03   9.9946239234e-02  ) (6.5000010000e+00   5.0000000000e-03   9.9977710338e-02  ) (6.9937500000e+00   5.0000000000e-03   9.9996377615e-02  ) (8.0062500000e+00   5.0000000000e-03   1.0002879569e-01  ) (9.0000010000e+00   5.0000000000e-03   1.0001129389e-01  ) (1.0200001000e+01   5.0000000000e-03   1.0018228408e-01  ) 
10.97	(5.0000010000e+00   5.0000000000e-03   9.9979771738e-02  ) (5.5000010000e+00   5.0000000000e-03   1.0002183914e-01  ) (6.0000010000e+00   5.0000000000e-03   9.9948834761e-02  ) (6.5000010000e+00   5.0000000000e-03   9.9979149546e-02  ) (6.9937500000e+00   5.0000000000e-03   9.9996491242e-02  ) (8.0062500000e+00   5.0000000000e-03   1.0002867456e-01  ) (9.0000010000e+00   5.0000000000e-03   1.0001131318e-01  ) (1.0200001000e+01   5.0000000000e-03   1.0018666281e-01  ) 
10.98	(5.0000010000e+00   5.0000000000e-03   9.9987105548e-02  ) (5.5000010000e+00   5.0000000000e-03   1.0002200643e-01  ) (6.0000010000e+00   5.0000000000e-03   9.9951646354e-02  ) (6.5000010000e+00   5.0000000000e-03   9.9980512245e-02  ) (6.9937500000e+00   5.0000000000e-03   9.9996634538e-02  ) (8.0062500000e+00   5.0000000000e-03   1.0002857076e-01  ) (9.0000010000e+00   5.0000000000e-03   1.0001143814e-01  ) (1.0200001000e+01   5.0000000000e-03   1.0019069334e-01  ) 
10.99	(5.0000010000e+00   5.0000000000e-03   9.9994221840e-02  ) (5.5000010000e+00   5.0000000000e-03   1.0002153243e-01  ) (6.0000010000e+00   5.0000000000e-03   9.9954595326e-02  ) (6.5000010000e+00   5.0000000000e-03   9.9981782604e-02  ) (6.9937500000e+00   5.0000000000e-03   9.9996806255e-02  ) (8.0062500000e+00   5.0000000000e-03   1.0002848897e-01  ) (9.0000010000e+00   5.0000000000e-03   1.0001166203e-01  ) (1.0200001000e+01   5.0000000000e-03   1.0019423479e-01  ) 
11	(5.0000010000e+00   5.0000000000e-03   1.0000103840e-01  ) (5.5000010000e+00   5.0000000000e-03   1.0002041527e-01  ) (6.0000010000e+00   5.0000000000e-03   9.9957600948e-02  ) (6.5000010000e+00   5.0000000000e-03   9.9982949836e-02  ) (6.9937500000e+00   5.0000000000e-03   9.9997002444e-02  ) (8.0062500000e+00   5.0000000000e-03   1.0002843328e-01  ) (9.0000010000e+00   5.0000000000e-03   1.0001197557e-01  ) (1.0200001000e+01   5.0000000000e-03   1.0019715676e-01  ) 
11.01	(5.0000010000e+00   5.0000000000e-03   1.0000747710e-01  ) (5.5000010000e+00   5.0000000000e-03   1.0001862924e-01  ) (6.0000010000e+00   5.0000000000e-03   9.9960584181e-02  ) (6.5000010000e+00   5.0000000000e-03   9.9984007230e-02  ) (6.9937500000e+00   5.0000000000e-03   9.9997216514e-02  ) (8.0062500000e+00   5.0000000000e-03   1.0002840741e-01  ) (9.0000010000e+00   5.0000000000e-03   1.0001236969e-01  ) (1.0200001000e+01   5.0000000000e-03   1.0019933687e-01  ) 
11.02	(5.0000010000e+00   5.0000000000e-03   1.0001346510e-01  ) (5.5000010000e+00   5.0000000000e-03   1.0001618170e-01  ) (6.0000010000e+00   5.0000000000e-03   9.9963471732e-02  ) (6.5000010000e+00   5.0000000000e-03   9.9984952254e-02  ) (6.9937500000e+00   5.0000000000e-03   9.9997439595e-02  ) (8.0062500000e+00   5.0000000000e-03   1.0002841443e-01  ) (9.0000010000e+00   5.0000000000e-03   1.0001283585e-01  ) (1.0200001000e+01   5.0000000000e-03   1.0020070070e-01  ) 
11.03	(5.0000010000e+00   5.0000000000e-03   1.0001893474e-01  ) (5.5000010000e+00   5.0000000000e-03   1.0001311638e-01  ) (6.0000010000e+00   5.0000000000e-03   9.9966195273e-02  ) (6.5000010000e+00   5.0000000000e-03   9.9985786129e-02  ) (6.9937500000e+00   5.0000000000e-03   9.9997661155e-02  ) (8.0062500000e+00   5.0000000000e-03   1.0002845620e-01  ) (9.0000010000e+00   5.0000000000e-03   1.0001336520e-01  ) (1.0200001000e+01   5.0000000000e-03   1.0020120557e-01  ) 
11.04	(5.0000010000e+00   5.0000000000e-03   1.0002382427e-01  ) (5.5000010000e+00   5.0000000000e-03   1.0000947774e-01  ) (6.0000010000e+00   5.0000000000e-03   9.9968693139e-02  ) (6.5000010000e+00   5.0000000000e-03   9.9986513928e-02  ) (6.9937500000e+00   5.0000000000e-03   9.9997869644e-02  ) (8.0062500000e+00   5.0000000000e-03   1.0002853352e-01  ) (9.0000010000e+00   5.0000000000e-03   1.0001394758e-01  ) (1.0200001000e+01   5.0000000000e-03   1.0020077214e-01  ) 
11.05	(5.0000010000e+00   5.0000000000e-03   1.0002808035e-01  ) (5.5000010000e+00   5.0000000000e-03   1.0000531887e-01  ) (6.0000010000e+00   5.0000000000e-03   9.9970910846e-02  ) (6.5000010000e+00   5.0000000000e-03   9.9987143307e-02  ) (6.9937500000e+00   5.0000000000e-03   9.9998052923e-02  ) (8.0062500000e+00   5.0000000000e-03   1.0002864633e-01  ) (9.0000010000e+00   5.0000000000e-03   1.0001457211e-01  ) (1.0200001000e+01   5.0000000000e-03   1.0019936518e-01  ) 
11.06	(5.0000010000e+00   5.0000000000e-03   1.0003166004e-01  ) (5.5000010000e+00   5.0000000000e-03   1.0000070069e-01  ) (6.0000010000e+00   5.0000000000e-03   9.9972801715e-02  ) (6.5000010000e+00   5.0000000000e-03   9.9987683133e-02  ) (6.9937500000e+00   5.0000000000e-03   9.9998199259e-02  ) (8.0062500000e+00   5.0000000000e-03   1.0002879368e-01  ) (9.0000010000e+00   5.0000000000e-03   1.0001522387e-01  ) (1.0200001000e+01   5.0000000000e-03   1.0019691744e-01  ) 
11.07	(5.0000010000e+00   5.0000000000e-03   1.0003453376e-01  ) (5.5000010000e+00   5.0000000000e-03   9.9995691684e-02  ) (6.0000010000e+00   5.0000000000e-03   9.9974327782e-02  ) (6.5000010000e+00   5.0000000000e-03   9.9988143577e-02  ) (6.9937500000e+00   5.0000000000e-03   9.9998297844e-02  ) (8.0062500000e+00   5.0000000000e-03   1.0002897354e-01  ) (9.0000010000e+00   5.0000000000e-03   1.0001588767e-01  ) (1.0200001000e+01   5.0000000000e-03   1.0019341507e-01  ) 
11.08	(5.0000010000e+00   5.0000000000e-03   1.0003668498e-01  ) (5.5000010000e+00   5.0000000000e-03   9.9990366345e-02  ) (6.0000010000e+00   5.0000000000e-03   9.9975463139e-02  ) (6.5000010000e+00   5.0000000000e-03   9.9988535334e-02  ) (6.9937500000e+00   5.0000000000e-03   9.9998339566e-02  ) (8.0062500000e+00   5.0000000000e-03   1.0002918319e-01  ) (9.0000010000e+00   5.0000000000e-03   1.0001654920e-01  ) (1.0200001000e+01   5.0000000000e-03   1.0018889145e-01  ) 
11.09	(5.0000010000e+00   5.0000000000e-03   1.0003810906e-01  ) (5.5000010000e+00   5.0000000000e-03   9.9984803963e-02  ) (6.0000010000e+00   5.0000000000e-03   9.9976199799e-02  ) (6.5000010000e+00   5.0000000000e-03   9.9988869186e-02  ) (6.9937500000e+00   5.0000000000e-03   9.9998317642e-02  ) (8.0062500000e+00   5.0000000000e-03   1.0002941914e-01  ) (9.0000010000e+00   5.0000000000e-03   1.0001719520e-01  ) (1.0200001000e+01   5.0000000000e-03   1.0018338782e-01  ) 
11.1	(5.0000010000e+00   5.0000000000e-03   1.0003883005e-01  ) (5.5000010000e+00   5.0000000000e-03   9.9979087643e-02  ) (6.0000010000e+00   5.0000000000e-03   9.9976562633e-02  ) (6.5000010000e+00   5.0000000000e-03   9.9989155962e-02  ) (6.9937500000e+00   5.0000000000e-03   9.9998227961e-02  ) (8.0062500000e+00   5.0000000000e-03   1.0002967713e-01  ) (9.0000010000e+00   5.0000000000e-03   1.0001781387e-01  ) (1.0200001000e+01   5.0000000000e-03   1.0017696672e-01  ) 
11.11	(5.0000010000e+00   5.0000000000e-03   1.0003884418e-01  ) (5.5000010000e+00   5.0000000000e-03   9.9973302241e-02  ) (6.0000010000e+00   5.0000000000e-03   9.9976559212e-02  ) (6.5000010000e+00   5.0000000000e-03   9.9989406346e-02  ) (6.9937500000e+00   5.0000000000e-03   9.9998069368e-02  ) (8.0062500000e+00   5.0000000000e-03   1.0002995223e-01  ) (9.0000010000e+00   5.0000000000e-03   1.0001839521e-01  ) (1.0200001000e+01   5.0000000000e-03   1.0016970643e-01  ) 
11.12	(5.0000010000e+00   5.0000000000e-03   1.0003813857e-01  ) (5.5000010000e+00   5.0000000000e-03   9.9967533831e-02  ) (6.0000010000e+00   5.0000000000e-03   9.9976199888e-02  ) (6.5000010000e+00   5.0000000000e-03   9.9989631137e-02  ) (6.9937500000e+00   5.0000000000e-03   9.9997843870e-02  ) (8.0062500000e+00   5.0000000000e-03   1.0003023926e-01  ) (9.0000010000e+00   5.0000000000e-03   1.0001893110e-01  ) (1.0200001000e+01   5.0000000000e-03   1.0016170148e-01  ) 
11.13	(5.0000010000e+00   5.0000000000e-03   1.0003669617e-01  ) (5.5000010000e+00   5.0000000000e-03   9.9961869114e-02  ) (6.0000010000e+00   5.0000000000e-03   9.9975511554e-02  ) (6.5000010000e+00   5.0000000000e-03   9.9989846111e-02  ) (6.9937500000e+00   5.0000000000e-03   9.9997556491e-02  ) (8.0062500000e+00   5.0000000000e-03   1.0003053262e-01  ) (9.0000010000e+00   5.0000000000e-03   1.0001941580e-01  ) (1.0200001000e+01   5.0000000000e-03   1.0015306039e-01  ) 
11.14	(5.0000010000e+00   5.0000000000e-03   1.0003452309e-01  ) (5.5000010000e+00   5.0000000000e-03   9.9956392604e-02  ) (6.0000010000e+00   5.0000000000e-03   9.9974513273e-02  ) (6.5000010000e+00   5.0000000000e-03   9.9990063448e-02  ) (6.9937500000e+00   5.0000000000e-03   9.9997215047e-02  ) (8.0062500000e+00   5.0000000000e-03   1.0003082784e-01  ) (9.0000010000e+00   5.0000000000e-03   1.0001984532e-01  ) (1.0200001000e+01   5.0000000000e-03   1.0014390273e-01  ) 
11.15	(5.0000010000e+00   5.0000000000e-03   1.0003166600e-01  ) (5.5000010000e+00   5.0000000000e-03   9.9951186576e-02  ) (6.0000010000e+00   5.0000000000e-03   9.9973240499e-02  ) (6.5000010000e+00   5.0000000000e-03   9.9990292228e-02  ) (6.9937500000e+00   5.0000000000e-03   9.9996829716e-02  ) (8.0062500000e+00   5.0000000000e-03   1.0003112026e-01  ) (9.0000010000e+00   5.0000000000e-03   1.0002021728e-01  ) (1.0200001000e+01   5.0000000000e-03   1.0013435795e-01  ) 
11.16	(5.0000010000e+00   5.0000000000e-03   1.0002816989e-01  ) (5.5000010000e+00   5.0000000000e-03   9.9946329355e-02  ) (6.0000010000e+00   5.0000000000e-03   9.9971737044e-02  ) (6.5000010000e+00   5.0000000000e-03   9.9990539989e-02  ) (6.9937500000e+00   5.0000000000e-03   9.9996412542e-02  ) (8.0062500000e+00   5.0000000000e-03   1.0003140514e-01  ) (9.0000010000e+00   5.0000000000e-03   1.0002053222e-01  ) (1.0200001000e+01   5.0000000000e-03   1.0012456078e-01  ) 
11.17	(5.0000010000e+00   5.0000000000e-03   1.0002408411e-01  ) (5.5000010000e+00   5.0000000000e-03   9.9941895904e-02  ) (6.0000010000e+00   5.0000000000e-03   9.9970051074e-02  ) (6.5000010000e+00   5.0000000000e-03   9.9990811991e-02  ) (6.9937500000e+00   5.0000000000e-03   9.9995976917e-02  ) (8.0062500000e+00   5.0000000000e-03   1.0003167820e-01  ) (9.0000010000e+00   5.0000000000e-03   1.0002079156e-01  ) (1.0200001000e+01   5.0000000000e-03   1.0011465063e-01  ) 
11.18	(5.0000010000e+00   5.0000000000e-03   1.0001946426e-01  ) (5.5000010000e+00   5.0000000000e-03   9.9937954636e-02  ) (6.0000010000e+00   5.0000000000e-03   9.9968234719e-02  ) (6.5000010000e+00   5.0000000000e-03   9.9991111373e-02  ) (6.9937500000e+00   5.0000000000e-03   9.9995536858e-02  ) (8.0062500000e+00   5.0000000000e-03   1.0003193570e-01  ) (9.0000010000e+00   5.0000000000e-03   1.0002099781e-01  ) (1.0200001000e+01   5.0000000000e-03   1.0010476670e-01  ) 
11.19	(5.0000010000e+00   5.0000000000e-03   1.0001437122e-01  ) (5.5000010000e+00   5.0000000000e-03   9.9934568123e-02  ) (6.0000010000e+00   5.0000000000e-03   9.9966348366e-02  ) (6.5000010000e+00   5.0000000000e-03   9.9991438858e-02  ) (6.9937500000e+00   5.0000000000e-03   9.9995106192e-02  ) (8.0062500000e+00   5.0000000000e-03   1.0003217460e-01  ) (9.0000010000e+00   5.0000000000e-03   1.0002115433e-01  ) (1.0200001000e+01   5.0000000000e-03   1.0009504687e-01  ) 
11.2	(5.0000010000e+00   5.0000000000e-03   1.0000887110e-01  ) (5.5000010000e+00   5.0000000000e-03   9.9931784453e-02  ) (6.0000010000e+00   5.0000000000e-03   9.9964447888e-02  ) (6.5000010000e+00   5.0000000000e-03   9.9991792848e-02  ) (6.9937500000e+00   5.0000000000e-03   9.9994698023e-02  ) (8.0062500000e+00   5.0000000000e-03   1.0003239259e-01  ) (9.0000010000e+00   5.0000000000e-03   1.0002126494e-01  ) (1.0200001000e+01   5.0000000000e-03   1.0008562363e-01  ) 
11.21	(5.0000010000e+00   5.0000000000e-03   1.0000303455e-01  ) (5.5000010000e+00   5.0000000000e-03   9.9929642731e-02  ) (6.0000010000e+00   5.0000000000e-03   9.9962585876e-02  ) (6.5000010000e+00   5.0000000000e-03   9.9992169202e-02  ) (6.9937500000e+00   5.0000000000e-03   9.9994324135e-02  ) (8.0062500000e+00   5.0000000000e-03   1.0003258813e-01  ) (9.0000010000e+00   5.0000000000e-03   1.0002133350e-01  ) (1.0200001000e+01   5.0000000000e-03   1.0007662279e-01  ) 
11.22	(5.0000010000e+00   5.0000000000e-03   9.9996935863e-02  ) (5.5000010000e+00   5.0000000000e-03   9.9928160618e-02  ) (6.0000010000e+00   5.0000000000e-03   9.9960813191e-02  ) (6.5000010000e+00   5.0000000000e-03   9.9992561631e-02  ) (6.9937500000e+00   5.0000000000e-03   9.9993994502e-02  ) (8.0062500000e+00   5.0000000000e-03   1.0003276037e-01  ) (9.0000010000e+00   5.0000000000e-03   1.0002136280e-01  ) (1.0200001000e+01   5.0000000000e-03   1.0006816032e-01  ) 
11.23	(5.0000010000e+00   5.0000000000e-03   9.9990652702e-02  ) (5.5000010000e+00   5.0000000000e-03   9.9927333676e-02  ) (6.0000010000e+00   5.0000000000e-03   9.9959176778e-02  ) (6.5000010000e+00   5.0000000000e-03   9.9992962441e-02  ) (6.9937500000e+00   5.0000000000e-03   9.9993716668e-02  ) (8.0062500000e+00   5.0000000000e-03   1.0003290908e-01  ) (9.0000010000e+00   5.0000000000e-03   1.0002135512e-01  ) (1.0200001000e+01   5.0000000000e-03   1.0006034146e-01  ) 
11.24	(5.0000010000e+00   5.0000000000e-03   9.9984264645e-02  ) (5.5000010000e+00   5.0000000000e-03   9.9927170475e-02  ) (6.0000010000e+00   5.0000000000e-03   9.9957719923e-02  ) (6.5000010000e+00   5.0000000000e-03   9.9993362919e-02  ) (6.9937500000e+00   5.0000000000e-03   9.9993495884e-02  ) (8.0062500000e+00   5.0000000000e-03   1.0003303463e-01  ) (9.0000010000e+00   5.0000000000e-03   1.0002131241e-01  ) (1.0200001000e+01   5.0000000000e-03   1.0005325823e-01  ) 
11.25	(5.0000010000e+00   5.0000000000e-03   9.9977851720e-02  ) (5.5000010000e+00   5.0000000000e-03   9.9927689774e-02  ) (6.0000010000e+00   5.0000000000e-03   9.9956482188e-02  ) (6.5000010000e+00   5.0000000000e-03   9.9993750553e-02  ) (6.9937500000e+00   5.0000000000e-03   9.9993334964e-02  ) (8.0062500000e+00   5.0000000000e-03   1.0003313787e-01  ) (9.0000010000e+00   5.0000000000e-03   1.0002123551e-01  ) (1.0200001000e+01   5.0000000000e-03   1.0004698651e-01  ) 
11.26	(5.0000010000e+00   5.0000000000e-03   9.9971494495e-02  ) (5.5000010000e+00   5.0000000000e-03   9.9928910766e-02  ) (6.0000010000e+00   5.0000000000e-03   9.9955498599e-02  ) (6.5000010000e+00   5.0000000000e-03   9.9994113158e-02  ) (6.9937500000e+00   5.0000000000e-03   9.9993234382e-02  ) (8.0062500000e+00   5.0000000000e-03   1.0003322080e-01  ) (9.0000010000e+00   5.0000000000e-03   1.0002112449e-01  ) (1.0200001000e+01   5.0000000000e-03   1.0004158292e-01  ) 
11.27	(5.0000010000e+00   5.0000000000e-03   9.9965272633e-02  ) (5.5000010000e+00   5.0000000000e-03   9.9930833837e-02  ) (6.0000010000e+00   5.0000000000e-03   9.9954793078e-02  ) (6.5000010000e+00   5.0000000000e-03   9.9994437855e-02  ) (6.9937500000e+00   5.0000000000e-03   9.9993192478e-02  ) (8.0062500000e+00   5.0000000000e-03   1.0003328846e-01  ) (9.0000010000e+00   5.0000000000e-03   1.0002097876e-01  ) (1.0200001000e+01   5.0000000000e-03   1.0003707790e-01  ) 
11.28	(5.0000010000e+00   5.0000000000e-03   9.9959264510e-02  ) (5.5000010000e+00   5.0000000000e-03   9.9933411716e-02  ) (6.0000010000e+00   5.0000000000e-03   9.9954364924e-02  ) (6.5000010000e+00   5.0000000000e-03   9.9994715117e-02  ) (6.9937500000e+00   5.0000000000e-03   9.9993205760e-02  ) (8.0062500000e+00   5.0000000000e-03   1.0003334285e-01  ) (9.0000010000e+00   5.0000000000e-03   1.0002079744e-01  ) (1.0200001000e+01   5.0000000000e-03   1.0003348113e-01  ) 
11.29	(5.0000010000e+00   5.0000000000e-03   9.9953545812e-02  ) (5.5000010000e+00   5.0000000000e-03   9.9936590704e-02  ) (6.0000010000e+00   5.0000000000e-03   9.9954210237e-02  ) (6.5000010000e+00   5.0000000000e-03   9.9994940889e-02  ) (6.9937500000e+00   5.0000000000e-03   9.9993269187e-02  ) (8.0062500000e+00   5.0000000000e-03   1.0003338736e-01  ) (9.0000010000e+00   5.0000000000e-03   1.0002058035e-01  ) (1.0200001000e+01   5.0000000000e-03   1.0003077390e-01  ) 
11.3	(5.0000010000e+00   5.0000000000e-03   9.9948188645e-02  ) (5.5000010000e+00   5.0000000000e-03   9.9940307737e-02  ) (6.0000010000e+00   5.0000000000e-03   9.9954341082e-02  ) (6.5000010000e+00   5.0000000000e-03   9.9995113789e-02  ) (6.9937500000e+00   5.0000000000e-03   9.9993376647e-02  ) (8.0062500000e+00   5.0000000000e-03   1.0003342755e-01  ) (9.0000010000e+00   5.0000000000e-03   1.0002032793e-01  ) (1.0200001000e+01   5.0000000000e-03   1.0002892275e-01  ) 
11.31	(5.0000010000e+00   5.0000000000e-03   9.9943260927e-02  ) (5.5000010000e+00   5.0000000000e-03   9.9944488283e-02  ) (6.0000010000e+00   5.0000000000e-03   9.9954750600e-02  ) (6.5000010000e+00   5.0000000000e-03   9.9995231377e-02  ) (6.9937500000e+00   5.0000000000e-03   9.9993521376e-02  ) (8.0062500000e+00   5.0000000000e-03   1.0003346150e-01  ) (9.0000010000e+00   5.0000000000e-03   1.0002004116e-01  ) (1.0200001000e+01   5.0000000000e-03   1.0002786041e-01  ) 
11.32	(5.0000010000e+00   5.0000000000e-03   9.9938825932e-02  ) (5.5000010000e+00   5.0000000000e-03   9.9949046931e-02  ) (6.0000010000e+00   5.0000000000e-03   9.9955424905e-02  ) (6.5000010000e+00   5.0000000000e-03   9.9995290156e-02  ) (6.9937500000e+00   5.0000000000e-03   9.9993696165e-02  ) (8.0062500000e+00   5.0000000000e-03   1.0003348759e-01  ) (9.0000010000e+00   5.0000000000e-03   1.0001972274e-01  ) (1.0200001000e+01   5.0000000000e-03   1.0002752844e-01  ) 
11.33	(5.0000010000e+00   5.0000000000e-03   9.9934940148e-02  ) (5.5000010000e+00   5.0000000000e-03   9.9953888620e-02  ) (6.0000010000e+00   5.0000000000e-03   9.9956357422e-02  ) (6.5000010000e+00   5.0000000000e-03   9.9995292309e-02  ) (6.9937500000e+00   5.0000000000e-03   9.9993894082e-02  ) (8.0062500000e+00   5.0000000000e-03   1.0003350462e-01  ) (9.0000010000e+00   5.0000000000e-03   1.0001937685e-01  ) (1.0200001000e+01   5.0000000000e-03   1.0002789332e-01  ) 
11.34	(5.0000010000e+00   5.0000000000e-03   9.9931651190e-02  ) (5.5000010000e+00   5.0000000000e-03   9.9958910198e-02  ) (6.0000010000e+00   5.0000000000e-03   9.9957529338e-02  ) (6.5000010000e+00   5.0000000000e-03   9.9995243421e-02  ) (6.9937500000e+00   5.0000000000e-03   9.9994108950e-02  ) (8.0062500000e+00   5.0000000000e-03   1.0003351164e-01  ) (9.0000010000e+00   5.0000000000e-03   1.0001900868e-01  ) (1.0200001000e+01   5.0000000000e-03   1.0002889596e-01  ) 
11.35	(5.0000010000e+00   5.0000000000e-03   9.9928996006e-02  ) (5.5000010000e+00   5.0000000000e-03   9.9964002981e-02  ) (6.0000010000e+00   5.0000000000e-03   9.9958916079e-02  ) (6.5000010000e+00   5.0000000000e-03   9.9995151970e-02  ) (6.9937500000e+00   5.0000000000e-03   9.9994335351e-02  ) (8.0062500000e+00   5.0000000000e-03   1.0003350816e-01  ) (9.0000010000e+00   5.0000000000e-03   1.0001862462e-01  ) (1.0200001000e+01   5.0000000000e-03   1.0003048339e-01  ) 
11.36	(5.0000010000e+00   5.0000000000e-03   9.9926997877e-02  ) (5.5000010000e+00   5.0000000000e-03   9.9969055407e-02  ) (6.0000010000e+00   5.0000000000e-03   9.9960490489e-02  ) (6.5000010000e+00   5.0000000000e-03   9.9995029067e-02  ) (6.9937500000e+00   5.0000000000e-03   9.9994568795e-02  ) (8.0062500000e+00   5.0000000000e-03   1.0003349398e-01  ) (9.0000010000e+00   5.0000000000e-03   1.0001823198e-01  ) (1.0200001000e+01   5.0000000000e-03   1.0003255027e-01  ) 
11.37	(5.0000010000e+00   5.0000000000e-03   9.9925667252e-02  ) (5.5000010000e+00   5.0000000000e-03   9.9973954937e-02  ) (6.0000010000e+00   5.0000000000e-03   9.9962222683e-02  ) (6.5000010000e+00   5.0000000000e-03   9.9994887686e-02  ) (6.9937500000e+00   5.0000000000e-03   9.9994805827e-02  ) (8.0062500000e+00   5.0000000000e-03   1.0003346950e-01  ) (9.0000010000e+00   5.0000000000e-03   1.0001783867e-01  ) (1.0200001000e+01   5.0000000000e-03   1.0003497658e-01  ) 
11.38	(5.0000010000e+00   5.0000000000e-03   9.9924986535e-02  ) (5.5000010000e+00   5.0000000000e-03   9.9978593217e-02  ) (6.0000010000e+00   5.0000000000e-03   9.9964072716e-02  ) (6.5000010000e+00   5.0000000000e-03   9.9994742229e-02  ) (6.9937500000e+00   5.0000000000e-03   9.9995044201e-02  ) (8.0062500000e+00   5.0000000000e-03   1.0003343545e-01  ) (9.0000010000e+00   5.0000000000e-03   1.0001745291e-01  ) (1.0200001000e+01   5.0000000000e-03   1.0003764448e-01  ) 
11.39	(5.0000010000e+00   5.0000000000e-03   9.9924964553e-02  ) (5.5000010000e+00   5.0000000000e-03   9.9982866669e-02  ) (6.0000010000e+00   5.0000000000e-03   9.9966004950e-02  ) (6.5000010000e+00   5.0000000000e-03   9.9994607459e-02  ) (6.9937500000e+00   5.0000000000e-03   9.9995282915e-02  ) (8.0062500000e+00   5.0000000000e-03   1.0003339276e-01  ) (9.0000010000e+00   5.0000000000e-03   1.0001708273e-01  ) (1.0200001000e+01   5.0000000000e-03   1.0004043710e-01  ) 
11.4	(5.0000010000e+00   5.0000000000e-03   9.9925615754e-02  ) (5.5000010000e+00   5.0000000000e-03   9.9986679945e-02  ) (6.0000010000e+00   5.0000000000e-03   9.9967985861e-02  ) (6.5000010000e+00   5.0000000000e-03   9.9994497894e-02  ) (6.9937500000e+00   5.0000000000e-03   9.9995521609e-02  ) (8.0062500000e+00   5.0000000000e-03   1.0003334247e-01  ) (9.0000010000e+00   5.0000000000e-03   1.0001673540e-01  ) (1.0200001000e+01   5.0000000000e-03   1.0004323795e-01  ) 
11.41	(5.0000010000e+00   5.0000000000e-03   9.9926962498e-02  ) (5.5000010000e+00   5.0000000000e-03   9.9989947681e-02  ) (6.0000010000e+00   5.0000000000e-03   9.9969981383e-02  ) (6.5000010000e+00   5.0000000000e-03   9.9994427899e-02  ) (6.9937500000e+00   5.0000000000e-03   9.9995759600e-02  ) (8.0062500000e+00   5.0000000000e-03   1.0003328512e-01  ) (9.0000010000e+00   5.0000000000e-03   1.0001641738e-01  ) (1.0200001000e+01   5.0000000000e-03   1.0004593376e-01  ) 
11.42	(5.0000010000e+00   5.0000000000e-03   9.9928992569e-02  ) (5.5000010000e+00   5.0000000000e-03   9.9992596716e-02  ) (6.0000010000e+00   5.0000000000e-03   9.9971960653e-02  ) (6.5000010000e+00   5.0000000000e-03   9.9994411689e-02  ) (6.9937500000e+00   5.0000000000e-03   9.9995996426e-02  ) (8.0062500000e+00   5.0000000000e-03   1.0003322032e-01  ) (9.0000010000e+00   5.0000000000e-03   1.0001613380e-01  ) (1.0200001000e+01   5.0000000000e-03   1.0004841705e-01  ) 
11.43	(5.0000010000e+00   5.0000000000e-03   9.9931666506e-02  ) (5.5000010000e+00   5.0000000000e-03   9.9994575675e-02  ) (6.0000010000e+00   5.0000000000e-03   9.9973895058e-02  ) (6.5000010000e+00   5.0000000000e-03   9.9994457165e-02  ) (6.9937500000e+00   5.0000000000e-03   9.9996231478e-02  ) (8.0062500000e+00   5.0000000000e-03   1.0003314790e-01  ) (9.0000010000e+00   5.0000000000e-03   1.0001588792e-01  ) (1.0200001000e+01   5.0000000000e-03   1.0005058897e-01  ) 
11.44	(5.0000010000e+00   5.0000000000e-03   9.9934943049e-02  ) (5.5000010000e+00   5.0000000000e-03   9.9995854918e-02  ) (6.0000010000e+00   5.0000000000e-03   9.9975758775e-02  ) (6.5000010000e+00   5.0000000000e-03   9.9994570951e-02  ) (6.9937500000e+00   5.0000000000e-03   9.9996463741e-02  ) (8.0062500000e+00   5.0000000000e-03   1.0003306720e-01  ) (9.0000010000e+00   5.0000000000e-03   1.0001568165e-01  ) (1.0200001000e+01   5.0000000000e-03   1.0005235901e-01  ) 
11.45	(5.0000010000e+00   5.0000000000e-03   9.9938773939e-02  ) (5.5000010000e+00   5.0000000000e-03   9.9996449472e-02  ) (6.0000010000e+00   5.0000000000e-03   9.9977528906e-02  ) (6.5000010000e+00   5.0000000000e-03   9.9994756982e-02  ) (6.9937500000e+00   5.0000000000e-03   9.9996691805e-02  ) (8.0062500000e+00   5.0000000000e-03   1.0003297709e-01  ) (9.0000010000e+00   5.0000000000e-03   1.0001551588e-01  ) (1.0200001000e+01   5.0000000000e-03   1.0005365273e-01  ) 
11.46	(5.0000010000e+00   5.0000000000e-03   9.9943103844e-02  ) (5.5000010000e+00   5.0000000000e-03   9.9996353174e-02  ) (6.0000010000e+00   5.0000000000e-03   9.9979184886e-02  ) (6.5000010000e+00   5.0000000000e-03   9.9995015622e-02  ) (6.9937500000e+00   5.0000000000e-03   9.9996913759e-02  ) (8.0062500000e+00   5.0000000000e-03   1.0003287601e-01  ) (9.0000010000e+00   5.0000000000e-03   1.0001538993e-01  ) (1.0200001000e+01   5.0000000000e-03   1.0005443036e-01  ) 
11.47	(5.0000010000e+00   5.0000000000e-03   9.9947871505e-02  ) (5.5000010000e+00   5.0000000000e-03   9.9995557855e-02  ) (6.0000010000e+00   5.0000000000e-03   9.9980710653e-02  ) (6.5000010000e+00   5.0000000000e-03   9.9995346837e-02  ) (6.9937500000e+00   5.0000000000e-03   9.9997126926e-02  ) (8.0062500000e+00   5.0000000000e-03   1.0003276222e-01  ) (9.0000010000e+00   5.0000000000e-03   1.0001530245e-01  ) (1.0200001000e+01   5.0000000000e-03   1.0005465941e-01  ) 
11.48	(5.0000010000e+00   5.0000000000e-03   9.9953009082e-02  ) (5.5000010000e+00   5.0000000000e-03   9.9994047349e-02  ) (6.0000010000e+00   5.0000000000e-03   9.9982095285e-02  ) (6.5000010000e+00   5.0000000000e-03   9.9995746368e-02  ) (6.9937500000e+00   5.0000000000e-03   9.9997327932e-02  ) (8.0062500000e+00   5.0000000000e-03   1.0003263386e-01  ) (9.0000010000e+00   5.0000000000e-03   1.0001525051e-01  ) (1.0200001000e+01   5.0000000000e-03   1.0005430161e-01  ) 
11.49	(5.0000010000e+00   5.0000000000e-03   9.9958443125e-02  ) (5.5000010000e+00   5.0000000000e-03   9.9991861990e-02  ) (6.0000010000e+00   5.0000000000e-03   9.9983333920e-02  ) (6.5000010000e+00   5.0000000000e-03   9.9996204993e-02  ) (6.9937500000e+00   5.0000000000e-03   9.9997512686e-02  ) (8.0062500000e+00   5.0000000000e-03   1.0003248922e-01  ) (9.0000010000e+00   5.0000000000e-03   1.0001522963e-01  ) (1.0200001000e+01   5.0000000000e-03   1.0005335428e-01  ) 
11.5	(5.0000010000e+00   5.0000000000e-03   9.9964095383e-02  ) (5.5000010000e+00   5.0000000000e-03   9.9989063833e-02  ) (6.0000010000e+00   5.0000000000e-03   9.9984426834e-02  ) (6.5000010000e+00   5.0000000000e-03   9.9996710119e-02  ) (6.9937500000e+00   5.0000000000e-03   9.9997676756e-02  ) (8.0062500000e+00   5.0000000000e-03   1.0003232693e-01  ) (9.0000010000e+00   5.0000000000e-03   1.0001523428e-01  ) (1.0200001000e+01   5.0000000000e-03   1.0005179691e-01  ) 
11.51	(5.0000010000e+00   5.0000000000e-03   9.9969884581e-02  ) (5.5000010000e+00   5.0000000000e-03   9.9985718556e-02  ) (6.0000010000e+00   5.0000000000e-03   9.9985382084e-02  ) (6.5000010000e+00   5.0000000000e-03   9.9997246276e-02  ) (6.9937500000e+00   5.0000000000e-03   9.9997815573e-02  ) (8.0062500000e+00   5.0000000000e-03   1.0003214595e-01  ) (9.0000010000e+00   5.0000000000e-03   1.0001525875e-01  ) (1.0200001000e+01   5.0000000000e-03   1.0004963931e-01  ) 
11.52	(5.0000010000e+00   5.0000000000e-03   9.9975726748e-02  ) (5.5000010000e+00   5.0000000000e-03   9.9981900313e-02  ) (6.0000010000e+00   5.0000000000e-03   9.9986201238e-02  ) (6.5000010000e+00   5.0000000000e-03   9.9997795913e-02  ) (6.9937500000e+00   5.0000000000e-03   9.9997924587e-02  ) (8.0062500000e+00   5.0000000000e-03   1.0003194607e-01  ) (9.0000010000e+00   5.0000000000e-03   1.0001529718e-01  ) (1.0200001000e+01   5.0000000000e-03   1.0004693007e-01  ) 
11.53	(5.0000010000e+00   5.0000000000e-03   9.9981536421e-02  ) (5.5000010000e+00   5.0000000000e-03   9.9977692010e-02  ) (6.0000010000e+00   5.0000000000e-03   9.9986886538e-02  ) (6.5000010000e+00   5.0000000000e-03   9.9998340064e-02  ) (6.9937500000e+00   5.0000000000e-03   9.9997998942e-02  ) (8.0062500000e+00   5.0000000000e-03   1.0003172779e-01  ) (9.0000010000e+00   5.0000000000e-03   1.0001534371e-01  ) (1.0200001000e+01   5.0000000000e-03   1.0004372096e-01  ) 
11.54	(5.0000010000e+00   5.0000000000e-03   9.9987229133e-02  ) (5.5000010000e+00   5.0000000000e-03   9.9973182130e-02  ) (6.0000010000e+00   5.0000000000e-03   9.9987441151e-02  ) (6.5000010000e+00   5.0000000000e-03   9.9998859064e-02  ) (6.9937500000e+00   5.0000000000e-03   9.9998034375e-02  ) (8.0062500000e+00   5.0000000000e-03   1.0003149181e-01  ) (9.0000010000e+00   5.0000000000e-03   1.0001539263e-01  ) (1.0200001000e+01   5.0000000000e-03   1.0004007916e-01  ) 
11.55	(5.0000010000e+00   5.0000000000e-03   9.9992721458e-02  ) (5.5000010000e+00   5.0000000000e-03   9.9968463273e-02  ) (6.0000010000e+00   5.0000000000e-03   9.9987869533e-02  ) (6.5000010000e+00   5.0000000000e-03   9.9999333396e-02  ) (6.9937500000e+00   5.0000000000e-03   9.9998027474e-02  ) (8.0062500000e+00   5.0000000000e-03   1.0003123933e-01  ) (9.0000010000e+00   5.0000000000e-03   1.0001543857e-01  ) (1.0200001000e+01   5.0000000000e-03   1.0003608028e-01  ) 
11.56	(5.0000010000e+00   5.0000000000e-03   9.9997933114e-02  ) (5.5000010000e+00   5.0000000000e-03   9.9963631249e-02  ) (6.0000010000e+00   5.0000000000e-03   9.9988172307e-02  ) (6.5000010000e+00   5.0000000000e-03   9.9999744511e-02  ) (6.9937500000e+00   5.0000000000e-03   9.9997976149e-02  ) (8.0062500000e+00   5.0000000000e-03   1.0003097199e-01  ) (9.0000010000e+00   5.0000000000e-03   1.0001547667e-01  ) (1.0200001000e+01   5.0000000000e-03   1.0003181005e-01  ) 
11.57	(5.0000010000e+00   5.0000000000e-03   1.0000278769e-01  ) (5.5000010000e+00   5.0000000000e-03   9.9958782356e-02  ) (6.0000010000e+00   5.0000000000e-03   9.9988356625e-02  ) (6.5000010000e+00   5.0000000000e-03   1.0000007549e-01  ) (6.9937500000e+00   5.0000000000e-03   9.9997878923e-02  ) (8.0062500000e+00   5.0000000000e-03   1.0003069180e-01  ) (9.0000010000e+00   5.0000000000e-03   1.0001550266e-01  ) (1.0200001000e+01   5.0000000000e-03   1.0002736022e-01  ) 
11.58	(5.0000010000e+00   5.0000000000e-03   1.0000721250e-01  ) (5.5000010000e+00   5.0000000000e-03   9.9954013321e-02  ) (6.0000010000e+00   5.0000000000e-03   9.9988432553e-02  ) (6.5000010000e+00   5.0000000000e-03   1.0000031097e-01  ) (6.9937500000e+00   5.0000000000e-03   9.9997736249e-02  ) (8.0062500000e+00   5.0000000000e-03   1.0003040107e-01  ) (9.0000010000e+00   5.0000000000e-03   1.0001551299e-01  ) (1.0200001000e+01   5.0000000000e-03   1.0002282776e-01  ) 
11.59	(5.0000010000e+00   5.0000000000e-03   1.0001114014e-01  ) (5.5000010000e+00   5.0000000000e-03   9.9949418053e-02  ) (6.0000010000e+00   5.0000000000e-03   9.9988411952e-02  ) (6.5000010000e+00   5.0000000000e-03   1.0000043870e-01  ) (6.9937500000e+00   5.0000000000e-03   9.9997550763e-02  ) (8.0062500000e+00   5.0000000000e-03   1.0003010238e-01  ) (9.0000010000e+00   5.0000000000e-03   1.0001550494e-01  ) (1.0200001000e+01   5.0000000000e-03   1.0001831170e-01  ) 
11.6	(5.0000010000e+00   5.0000000000e-03   1.0001450956e-01  ) (5.5000010000e+00   5.0000000000e-03   9.9945087769e-02  ) (6.0000010000e+00   5.0000000000e-03   9.9988308467e-02  ) (6.5000010000e+00   5.0000000000e-03   1.0000045110e-01  ) (6.9937500000e+00   5.0000000000e-03   9.9997326646e-02  ) (8.0062500000e+00   5.0000000000e-03   1.0002979837e-01  ) (9.0000010000e+00   5.0000000000e-03   1.0001547675e-01  ) (1.0200001000e+01   5.0000000000e-03   1.0001391158e-01  ) 
11.61	(5.0000010000e+00   5.0000000000e-03   1.0001727058e-01  ) (5.5000010000e+00   5.0000000000e-03   9.9941108410e-02  ) (6.0000010000e+00   5.0000000000e-03   9.9988138477e-02  ) (6.5000010000e+00   5.0000000000e-03   1.0000034778e-01  ) (6.9937500000e+00   5.0000000000e-03   9.9997070386e-02  ) (8.0062500000e+00   5.0000000000e-03   1.0002949172e-01  ) (9.0000010000e+00   5.0000000000e-03   1.0001542770e-01  ) (1.0200001000e+01   5.0000000000e-03   1.0000972287e-01  ) 
11.62	(5.0000010000e+00   5.0000000000e-03   1.0001938668e-01  ) (5.5000010000e+00   5.0000000000e-03   9.9937559824e-02  ) (6.0000010000e+00   5.0000000000e-03   9.9987915443e-02  ) (6.5000010000e+00   5.0000000000e-03   1.0000012562e-01  ) (6.9937500000e+00   5.0000000000e-03   9.9996790338e-02  ) (8.0062500000e+00   5.0000000000e-03   1.0002918510e-01  ) (9.0000010000e+00   5.0000000000e-03   1.0001535824e-01  ) (1.0200001000e+01   5.0000000000e-03   1.0000583739e-01  ) 
11.63	(5.0000010000e+00   5.0000000000e-03   1.0002083635e-01  ) (5.5000010000e+00   5.0000000000e-03   9.9934515447e-02  ) (6.0000010000e+00   5.0000000000e-03   9.9987661237e-02  ) (6.5000010000e+00   5.0000000000e-03   9.9999787893e-02  ) (6.9937500000e+00   5.0000000000e-03   9.9996496351e-02  ) (8.0062500000e+00   5.0000000000e-03   1.0002888115e-01  ) (9.0000010000e+00   5.0000000000e-03   1.0001526995e-01  ) (1.0200001000e+01   5.0000000000e-03   1.0000234135e-01  ) 
11.64	(5.0000010000e+00   5.0000000000e-03   1.0002162927e-01  ) (5.5000010000e+00   5.0000000000e-03   9.9932038859e-02  ) (6.0000010000e+00   5.0000000000e-03   9.9987404988e-02  ) (6.5000010000e+00   5.0000000000e-03   9.9999340617e-02  ) (6.9937500000e+00   5.0000000000e-03   9.9996199310e-02  ) (8.0062500000e+00   5.0000000000e-03   1.0002858255e-01  ) (9.0000010000e+00   5.0000000000e-03   1.0001516551e-01  ) (1.0200001000e+01   5.0000000000e-03   9.9999312669e-02  ) 
11.65	(5.0000010000e+00   5.0000000000e-03   1.0002176289e-01  ) (5.5000010000e+00   5.0000000000e-03   9.9930178865e-02  ) (6.0000010000e+00   5.0000000000e-03   9.9987164701e-02  ) (6.5000010000e+00   5.0000000000e-03   9.9998794674e-02  ) (6.9937500000e+00   5.0000000000e-03   9.9995910746e-02  ) (8.0062500000e+00   5.0000000000e-03   1.0002829179e-01  ) (9.0000010000e+00   5.0000000000e-03   1.0001504860e-01  ) (1.0200001000e+01   5.0000000000e-03   9.9996819793e-02  ) 
11.66	(5.0000010000e+00   5.0000000000e-03   1.0002121572e-01  ) (5.5000010000e+00   5.0000000000e-03   9.9928964013e-02  ) (6.0000010000e+00   5.0000000000e-03   9.9986959798e-02  ) (6.5000010000e+00   5.0000000000e-03   9.9998164673e-02  ) (6.9937500000e+00   5.0000000000e-03   9.9995642379e-02  ) (8.0062500000e+00   5.0000000000e-03   1.0002801131e-01  ) (9.0000010000e+00   5.0000000000e-03   1.0001492364e-01  ) (1.0200001000e+01   5.0000000000e-03   9.9994914738e-02  ) 
11.67	(5.0000010000e+00   5.0000000000e-03   1.0001996960e-01  ) (5.5000010000e+00   5.0000000000e-03   9.9928381693e-02  ) (6.0000010000e+00   5.0000000000e-03   9.9986812241e-02  ) (6.5000010000e+00   5.0000000000e-03   9.9997468065e-02  ) (6.9937500000e+00   5.0000000000e-03   9.9995405603e-02  ) (8.0062500000e+00   5.0000000000e-03   1.0002774353e-01  ) (9.0000010000e+00   5.0000000000e-03   1.0001479582e-01  ) (1.0200001000e+01   5.0000000000e-03   9.9993621611e-02  ) 
11.68	(5.0000010000e+00   5.0000000000e-03   1.0001801249e-01  ) (5.5000010000e+00   5.0000000000e-03   9.9928437773e-02  ) (6.0000010000e+00   5.0000000000e-03   9.9986739479e-02  ) (6.5000010000e+00   5.0000000000e-03   9.9996724683e-02  ) (6.9937500000e+00   5.0000000000e-03   9.9995210587e-02  ) (8.0062500000e+00   5.0000000000e-03   1.0002749049e-01  ) (9.0000010000e+00   5.0000000000e-03   1.0001467074e-01  ) (1.0200001000e+01   5.0000000000e-03   9.9992932976e-02  ) 
11.69	(5.0000010000e+00   5.0000000000e-03   1.0001538119e-01  ) (5.5000010000e+00   5.0000000000e-03   9.9929142355e-02  ) (6.0000010000e+00   5.0000000000e-03   9.9986755184e-02  ) (6.5000010000e+00   5.0000000000e-03   9.9995956282e-02  ) (6.9937500000e+00   5.0000000000e-03   9.9995066068e-02  ) (8.0062500000e+00   5.0000000000e-03   1.0002725381e-01  ) (9.0000010000e+00   5.0000000000e-03   1.0001455424e-01  ) (1.0200001000e+01   5.0000000000e-03   9.9992859045e-02  ) 
11.7	(5.0000010000e+00   5.0000000000e-03   1.0001211360e-01  ) (5.5000010000e+00   5.0000000000e-03   9.9930506407e-02  ) (6.0000010000e+00   5.0000000000e-03   9.9986869816e-02  ) (6.5000010000e+00   5.0000000000e-03   9.9995185699e-02  ) (6.9937500000e+00   5.0000000000e-03   9.9994980014e-02  ) (8.0062500000e+00   5.0000000000e-03   1.0002703523e-01  ) (9.0000010000e+00   5.0000000000e-03   1.0001445194e-01  ) (1.0200001000e+01   5.0000000000e-03   9.9993405642e-02  ) 
11.71	(5.0000010000e+00   5.0000000000e-03   1.0000825584e-01  ) (5.5000010000e+00   5.0000000000e-03   9.9932509515e-02  ) (6.0000010000e+00   5.0000000000e-03   9.9987090660e-02  ) (6.5000010000e+00   5.0000000000e-03   9.9994436134e-02  ) (6.9937500000e+00   5.0000000000e-03   9.9994958748e-02  ) (8.0062500000e+00   5.0000000000e-03   1.0002683593e-01  ) (9.0000010000e+00   5.0000000000e-03   1.0001436893e-01  ) (1.0200001000e+01   5.0000000000e-03   9.9994571172e-02  ) 
11.72	(5.0000010000e+00   5.0000000000e-03   1.0000386029e-01  ) (5.5000010000e+00   5.0000000000e-03   9.9935093163e-02  ) (6.0000010000e+00   5.0000000000e-03   9.9987421291e-02  ) (6.5000010000e+00   5.0000000000e-03   9.9993730443e-02  ) (6.9937500000e+00   5.0000000000e-03   9.9995005172e-02  ) (8.0062500000e+00   5.0000000000e-03   1.0002665666e-01  ) (9.0000010000e+00   5.0000000000e-03   1.0001430959e-01  ) (1.0200001000e+01   5.0000000000e-03   9.9996353856e-02  ) 
11.73	(5.0000010000e+00   5.0000000000e-03   9.9998986222e-02  ) (5.5000010000e+00   5.0000000000e-03   9.9938198835e-02  ) (6.0000010000e+00   5.0000000000e-03   9.9987859689e-02  ) (6.5000010000e+00   5.0000000000e-03   9.9993090442e-02  ) (6.9937500000e+00   5.0000000000e-03   9.9995119783e-02  ) (8.0062500000e+00   5.0000000000e-03   1.0002649808e-01  ) (9.0000010000e+00   5.0000000000e-03   1.0001427722e-01  ) (1.0200001000e+01   5.0000000000e-03   9.9998705195e-02  ) 
11.74	(5.0000010000e+00   5.0000000000e-03   9.9993699480e-02  ) (5.5000010000e+00   5.0000000000e-03   9.9941755508e-02  ) (6.0000010000e+00   5.0000000000e-03   9.9988402004e-02  ) (6.5000010000e+00   5.0000000000e-03   9.9992536340e-02  ) (6.9937500000e+00   5.0000000000e-03   9.9995300658e-02  ) (8.0062500000e+00   5.0000000000e-03   1.0002636004e-01  ) (9.0000010000e+00   5.0000000000e-03   1.0001427390e-01  ) (1.0200001000e+01   5.0000000000e-03   1.0000155872e-01  ) 
11.75	(5.0000010000e+00   5.0000000000e-03   9.9988071048e-02  ) (5.5000010000e+00   5.0000000000e-03   9.9945686427e-02  ) (6.0000010000e+00   5.0000000000e-03   9.9989046634e-02  ) (6.5000010000e+00   5.0000000000e-03   9.9992086122e-02  ) (6.9937500000e+00   5.0000000000e-03   9.9995543478e-02  ) (8.0062500000e+00   5.0000000000e-03   1.0002624225e-01  ) (9.0000010000e+00   5.0000000000e-03   1.0001430036e-01  ) (1.0200001000e+01   5.0000000000e-03   1.0000484474e-01  ) 
11.76	(5.0000010000e+00   5.0000000000e-03   9.9982176466e-02  ) (5.5000010000e+00   5.0000000000e-03   9.9949907942e-02  ) (6.0000010000e+00   5.0000000000e-03   9.9989786353e-02  ) (6.5000010000e+00   5.0000000000e-03   9.9991754633e-02  ) (6.9937500000e+00   5.0000000000e-03   9.9995842087e-02  ) (8.0062500000e+00   5.0000000000e-03   1.0002614404e-01  ) (9.0000010000e+00   5.0000000000e-03   1.0001435588e-01  ) (1.0200001000e+01   5.0000000000e-03   1.0000848357e-01  ) 
11.77	(5.0000010000e+00   5.0000000000e-03   9.9976093397e-02  ) (5.5000010000e+00   5.0000000000e-03   9.9954334388e-02  ) (6.0000010000e+00   5.0000000000e-03   9.9990613688e-02  ) (6.5000010000e+00   5.0000000000e-03   9.9991552465e-02  ) (6.9937500000e+00   5.0000000000e-03   9.9996188985e-02  ) (8.0062500000e+00   5.0000000000e-03   1.0002606404e-01  ) (9.0000010000e+00   5.0000000000e-03   1.0001443840e-01  ) (1.0200001000e+01   5.0000000000e-03   1.0001239106e-01  ) 
11.78	(5.0000010000e+00   5.0000000000e-03   9.9969905714e-02  ) (5.5000010000e+00   5.0000000000e-03   9.9958875407e-02  ) (6.0000010000e+00   5.0000000000e-03   9.9991518408e-02  ) (6.5000010000e+00   5.0000000000e-03   9.9991484005e-02  ) (6.9937500000e+00   5.0000000000e-03   9.9996575248e-02  ) (8.0062500000e+00   5.0000000000e-03   1.0002600060e-01  ) (9.0000010000e+00   5.0000000000e-03   1.0001454438e-01  ) (1.0200001000e+01   5.0000000000e-03   1.0001647589e-01  ) 
11.79	(5.0000010000e+00   5.0000000000e-03   9.9963696770e-02  ) (5.5000010000e+00   5.0000000000e-03   9.9963442678e-02  ) (6.0000010000e+00   5.0000000000e-03   9.9992483091e-02  ) (6.5000010000e+00   5.0000000000e-03   9.9991546509e-02  ) (6.9937500000e+00   5.0000000000e-03   9.9996991420e-02  ) (8.0062500000e+00   5.0000000000e-03   1.0002595175e-01  ) (9.0000010000e+00   5.0000000000e-03   1.0001466926e-01  ) (1.0200001000e+01   5.0000000000e-03   1.0002064504e-01  ) 
11.8	(5.0000010000e+00   5.0000000000e-03   9.9957550727e-02  ) (5.5000010000e+00   5.0000000000e-03   9.9967950057e-02  ) (6.0000010000e+00   5.0000000000e-03   9.9993491327e-02  ) (6.5000010000e+00   5.0000000000e-03   9.9991742284e-02  ) (6.9937500000e+00   5.0000000000e-03   9.9997427616e-02  ) (8.0062500000e+00   5.0000000000e-03   1.0002591513e-01  ) (9.0000010000e+00   5.0000000000e-03   1.0001480734e-01  ) (1.0200001000e+01   5.0000000000e-03   1.0002480413e-01  ) 
11.81	(5.0000010000e+00   5.0000000000e-03   9.9951550718e-02  ) (5.5000010000e+00   5.0000000000e-03   9.9972315918e-02  ) (6.0000010000e+00   5.0000000000e-03   9.9994522846e-02  ) (6.5000010000e+00   5.0000000000e-03   9.9992064615e-02  ) (6.9937500000e+00   5.0000000000e-03   9.9997873773e-02  ) (8.0062500000e+00   5.0000000000e-03   1.0002588780e-01  ) (9.0000010000e+00   5.0000000000e-03   1.0001495204e-01  ) (1.0200001000e+01   5.0000000000e-03   1.0002886100e-01  ) 
11.82	(5.0000010000e+00   5.0000000000e-03   9.9945778601e-02  ) (5.5000010000e+00   5.0000000000e-03   9.9976463769e-02  ) (6.0000010000e+00   5.0000000000e-03   9.9995556603e-02  ) (6.5000010000e+00   5.0000000000e-03   9.9992500899e-02  ) (6.9937500000e+00   5.0000000000e-03   9.9998320138e-02  ) (8.0062500000e+00   5.0000000000e-03   1.0002586752e-01  ) (9.0000010000e+00   5.0000000000e-03   1.0001509624e-01  ) (1.0200001000e+01   5.0000000000e-03   1.0003272708e-01  ) 
11.83	(5.0000010000e+00   5.0000000000e-03   9.9940313188e-02  ) (5.5000010000e+00   5.0000000000e-03   9.9980324256e-02  ) (6.0000010000e+00   5.0000000000e-03   9.9996572187e-02  ) (6.5000010000e+00   5.0000000000e-03   9.9993033780e-02  ) (6.9937500000e+00   5.0000000000e-03   9.9998757459e-02  ) (8.0062500000e+00   5.0000000000e-03   1.0002585200e-01  ) (9.0000010000e+00   5.0000000000e-03   1.0001523245e-01  ) (1.0200001000e+01   5.0000000000e-03   1.0003631881e-01  ) 
11.84	(5.0000010000e+00   5.0000000000e-03   9.9935229795e-02  ) (5.5000010000e+00   5.0000000000e-03   9.9983835804e-02  ) (6.0000010000e+00   5.0000000000e-03   9.9997548576e-02  ) (6.5000010000e+00   5.0000000000e-03   9.9993642192e-02  ) (6.9937500000e+00   5.0000000000e-03   9.9999177293e-02  ) (8.0062500000e+00   5.0000000000e-03   1.0002583866e-01  ) (9.0000010000e+00   5.0000000000e-03   1.0001535306e-01  ) (1.0200001000e+01   5.0000000000e-03   1.0003955939e-01  ) 
11.85	(5.0000010000e+00   5.0000000000e-03   9.9930599553e-02  ) (5.5000010000e+00   5.0000000000e-03   9.9986945600e-02  ) (6.0000010000e+00   5.0000000000e-03   9.9998464865e-02  ) (6.5000010000e+00   5.0000000000e-03   9.9994301952e-02  ) (6.9937500000e+00   5.0000000000e-03   9.9999572243e-02  ) (8.0062500000e+00   5.0000000000e-03   1.0002582445e-01  ) (9.0000010000e+00   5.0000000000e-03   1.0001545057e-01  ) (1.0200001000e+01   5.0000000000e-03   1.0004237880e-01  ) 
11.86	(5.0000010000e+00   5.0000000000e-03   9.9926487660e-02  ) (5.5000010000e+00   5.0000000000e-03   9.9989610145e-02  ) (6.0000010000e+00   5.0000000000e-03   9.9999304693e-02  ) (6.5000010000e+00   5.0000000000e-03   9.9994986442e-02  ) (6.9937500000e+00   5.0000000000e-03   9.9999936094e-02  ) (8.0062500000e+00   5.0000000000e-03   1.0002580658e-01  ) (9.0000010000e+00   5.0000000000e-03   1.0001551778e-01  ) (1.0200001000e+01   5.0000000000e-03   1.0004471835e-01  ) 
11.87	(5.0000010000e+00   5.0000000000e-03   9.9922952077e-02  ) (5.5000010000e+00   5.0000000000e-03   9.9991797027e-02  ) (6.0000010000e+00   5.0000000000e-03   1.0000005487e-01  ) (6.5000010000e+00   5.0000000000e-03   9.9995667936e-02  ) (6.9937500000e+00   5.0000000000e-03   1.0000026372e-01  ) (8.0062500000e+00   5.0000000000e-03   1.0002578234e-01  ) (9.0000010000e+00   5.0000000000e-03   1.0001554833e-01  ) (1.0200001000e+01   5.0000000000e-03   1.0004653513e-01  ) 
11.88	(5.0000010000e+00   5.0000000000e-03   9.9920039619e-02  ) (5.5000010000e+00   5.0000000000e-03   9.9993488039e-02  ) (6.0000010000e+00   5.0000000000e-03   1.0000070003e-01  ) (6.5000010000e+00   5.0000000000e-03   9.9996318657e-02  ) (6.9937500000e+00   5.0000000000e-03   1.0000055107e-01  ) (8.0062500000e+00   5.0000000000e-03   1.0002574924e-01  ) (9.0000010000e+00   5.0000000000e-03   1.0001553714e-01  ) (1.0200001000e+01   5.0000000000e-03   1.0004780787e-01  ) 
11.89	(5.0000010000e+00   5.0000000000e-03   9.9917781833e-02  ) (5.5000010000e+00   5.0000000000e-03   9.9994680754e-02  ) (6.0000010000e+00   5.0000000000e-03   1.0000122699e-01  ) (6.5000010000e+00   5.0000000000e-03   9.9996911866e-02  ) (6.9937500000e+00   5.0000000000e-03   1.0000079508e-01  ) (8.0062500000e+00   5.0000000000e-03   1.0002570518e-01  ) (9.0000010000e+00   5.0000000000e-03   1.0001548025e-01  ) (1.0200001000e+01   5.0000000000e-03   1.0004854671e-01  ) 
11.9	(5.0000010000e+00   5.0000000000e-03   9.9916197314e-02  ) (5.5000010000e+00   5.0000000000e-03   9.9995398377e-02  ) (6.0000010000e+00   5.0000000000e-03   1.0000162337e-01  ) (6.5000010000e+00   5.0000000000e-03   9.9997422903e-02  ) (6.9937500000e+00   5.0000000000e-03   1.0000099336e-01  ) (8.0062500000e+00   5.0000000000e-03   1.0002564876e-01  ) (9.0000010000e+00   5.0000000000e-03   1.0001537532e-01  ) (1.0200001000e+01   5.0000000000e-03   1.0004875760e-01  ) 
11.91	(5.0000010000e+00   5.0000000000e-03   9.9915276380e-02  ) (5.5000010000e+00   5.0000000000e-03   9.9995656334e-02  ) (6.0000010000e+00   5.0000000000e-03   1.0000187179e-01  ) (6.5000010000e+00   5.0000000000e-03   9.9997829767e-02  ) (6.9937500000e+00   5.0000000000e-03   1.0000114474e-01  ) (8.0062500000e+00   5.0000000000e-03   1.0002557847e-01  ) (9.0000010000e+00   5.0000000000e-03   1.0001522175e-01  ) (1.0200001000e+01   5.0000000000e-03   1.0004843785e-01  ) 
11.92	(5.0000010000e+00   5.0000000000e-03   9.9915009874e-02  ) (5.5000010000e+00   5.0000000000e-03   9.9995452437e-02  ) (6.0000010000e+00   5.0000000000e-03   1.0000196375e-01  ) (6.5000010000e+00   5.0000000000e-03   9.9998114788e-02  ) (6.9937500000e+00   5.0000000000e-03   1.0000124836e-01  ) (8.0062500000e+00   5.0000000000e-03   1.0002549311e-01  ) (9.0000010000e+00   5.0000000000e-03   1.0001502035e-01  ) (1.0200001000e+01   5.0000000000e-03   1.0004760326e-01  ) 
11.93	(5.0000010000e+00   5.0000000000e-03   9.9915416327e-02  ) (5.5000010000e+00   5.0000000000e-03   9.9994807541e-02  ) (6.0000010000e+00   5.0000000000e-03   1.0000189637e-01  ) (6.5000010000e+00   5.0000000000e-03   9.9998265716e-02  ) (6.9937500000e+00   5.0000000000e-03   1.0000130382e-01  ) (8.0062500000e+00   5.0000000000e-03   1.0002539135e-01  ) (9.0000010000e+00   5.0000000000e-03   1.0001477436e-01  ) (1.0200001000e+01   5.0000000000e-03   1.0004626002e-01  ) 
11.94	(5.0000010000e+00   5.0000000000e-03   9.9916507541e-02  ) (5.5000010000e+00   5.0000000000e-03   9.9993730119e-02  ) (6.0000010000e+00   5.0000000000e-03   1.0000167252e-01  ) (6.5000010000e+00   5.0000000000e-03   9.9998279284e-02  ) (6.9937500000e+00   5.0000000000e-03   1.0000131116e-01  ) (8.0062500000e+00   5.0000000000e-03   1.0002527226e-01  ) (9.0000010000e+00   5.0000000000e-03   1.0001448855e-01  ) (1.0200001000e+01   5.0000000000e-03   1.0004444933e-01  ) 
11.95	(5.0000010000e+00   5.0000000000e-03   9.9918287972e-02  ) (5.5000010000e+00   5.0000000000e-03   9.9992247449e-02  ) (6.0000010000e+00   5.0000000000e-03   1.0000130028e-01  ) (6.5000010000e+00   5.0000000000e-03   9.9998155704e-02  ) (6.9937500000e+00   5.0000000000e-03   1.0000127083e-01  ) (8.0062500000e+00   5.0000000000e-03   1.0002513537e-01  ) (9.0000010000e+00   5.0000000000e-03   1.0001416898e-01  ) (1.0200001000e+01   5.0000000000e-03   1.0004223709e-01  ) 
11.96	(5.0000010000e+00   5.0000000000e-03   9.9920717221e-02  ) (5.5000010000e+00   5.0000000000e-03   9.9990411191e-02  ) (6.0000010000e+00   5.0000000000e-03   1.0000077962e-01  ) (6.5000010000e+00   5.0000000000e-03   9.9997894854e-02  ) (6.9937500000e+00   5.0000000000e-03   1.0000118363e-01  ) (8.0062500000e+00   5.0000000000e-03   1.0002498063e-01  ) (9.0000010000e+00   5.0000000000e-03   1.0001382391e-01  ) (1.0200001000e+01   5.0000000000e-03   1.0003968872e-01  ) 
11.97	(5.0000010000e+00   5.0000000000e-03   9.9923746248e-02  ) (5.5000010000e+00   5.0000000000e-03   9.9988279139e-02  ) (6.0000010000e+00   5.0000000000e-03   1.0000011737e-01  ) (6.5000010000e+00   5.0000000000e-03   9.9997508105e-02  ) (6.9937500000e+00   5.0000000000e-03   1.0000105078e-01  ) (8.0062500000e+00   5.0000000000e-03   1.0002480847e-01  ) (9.0000010000e+00   5.0000000000e-03   1.0001346376e-01  ) (1.0200001000e+01   5.0000000000e-03   1.0003687772e-01  ) 
11.98	(5.0000010000e+00   5.0000000000e-03   9.9927319017e-02  ) (5.5000010000e+00   5.0000000000e-03   9.9985911866e-02  ) (6.0000010000e+00   5.0000000000e-03   9.9999334096e-02  ) (6.5000010000e+00   5.0000000000e-03   9.9997010931e-02  ) (6.9937500000e+00   5.0000000000e-03   1.0000087388e-01  ) (8.0062500000e+00   5.0000000000e-03   1.0002461993e-01  ) (9.0000010000e+00   5.0000000000e-03   1.0001310010e-01  ) (1.0200001000e+01   5.0000000000e-03   1.0003388038e-01  ) 
11.99	(5.0000010000e+00   5.0000000000e-03   9.9931373127e-02  ) (5.5000010000e+00   5.0000000000e-03   9.9983373143e-02  ) (6.0000010000e+00   5.0000000000e-03   9.9998456971e-02  ) (6.5000010000e+00   5.0000000000e-03   9.9996424508e-02  ) (6.9937500000e+00   5.0000000000e-03   1.0000065505e-01  ) (8.0062500000e+00   5.0000000000e-03   1.0002441652e-01  ) (9.0000010000e+00   5.0000000000e-03   1.0001274541e-01  ) (1.0200001000e+01   5.0000000000e-03   1.0003077416e-01  ) 
12	(5.0000010000e+00   5.0000000000e-03   9.9935839855e-02  ) (5.5000010000e+00   5.0000000000e-03   9.9980729615e-02  ) (6.0000010000e+00   5.0000000000e-03   9.9997514771e-02  ) (6.5000010000e+00   5.0000000000e-03   9.9995774110e-02  ) (6.9937500000e+00   5.0000000000e-03   1.0000039696e-01  ) (8.0062500000e+00   5.0000000000e-03   1.0002420038e-01  ) (9.0000010000e+00   5.0000000000e-03   1.0001241288e-01  ) (1.0200001000e+01   5.0000000000e-03   1.0002763673e-01  ) 
12.01	(5.0000010000e+00   5.0000000000e-03   9.9940643959e-02  ) (5.5000010000e+00   5.0000000000e-03   9.9978049580e-02  ) (6.0000010000e+00   5.0000000000e-03   9.9996534844e-02  ) (6.5000010000e+00   5.0000000000e-03   9.9995087791e-02  ) (6.9937500000e+00   5.0000000000e-03   1.0000010298e-01  ) (8.0062500000e+00   5.0000000000e-03   1.0002397441e-01  ) (9.0000010000e+00   5.0000000000e-03   1.0001211582e-01  ) (1.0200001000e+01   5.0000000000e-03   1.0002454369e-01  ) 
12.02	(5.0000010000e+00   5.0000000000e-03   9.9945705687e-02  ) (5.5000010000e+00   5.0000000000e-03   9.9975401764e-02  ) (6.0000010000e+00   5.0000000000e-03   9.9995546418e-02  ) (6.5000010000e+00   5.0000000000e-03   9.9994395532e-02  ) (6.9937500000e+00   5.0000000000e-03   9.9999777180e-02  ) (8.0062500000e+00   5.0000000000e-03   1.0002374199e-01  ) (9.0000010000e+00   5.0000000000e-03   1.0001186480e-01  ) (1.0200001000e+01   5.0000000000e-03   1.0002156697e-01  ) 
12.03	(5.0000010000e+00   5.0000000000e-03   9.9950941163e-02  ) (5.5000010000e+00   5.0000000000e-03   9.9972853441e-02  ) (6.0000010000e+00   5.0000000000e-03   9.9994578077e-02  ) (6.5000010000e+00   5.0000000000e-03   9.9993728017e-02  ) (6.9937500000e+00   5.0000000000e-03   9.9999424370e-02  ) (8.0062500000e+00   5.0000000000e-03   1.0002350717e-01  ) (9.0000010000e+00   5.0000000000e-03   1.0001167053e-01  ) (1.0200001000e+01   5.0000000000e-03   1.0001877306e-01  ) 
12.04	(5.0000010000e+00   5.0000000000e-03   9.9956264583e-02  ) (5.5000010000e+00   5.0000000000e-03   9.9970472071e-02  ) (6.0000010000e+00   5.0000000000e-03   9.9993658630e-02  ) (6.5000010000e+00   5.0000000000e-03   9.9993115324e-02  ) (6.9937500000e+00   5.0000000000e-03   9.9999050150e-02  ) (8.0062500000e+00   5.0000000000e-03   1.0002327468e-01  ) (9.0000010000e+00   5.0000000000e-03   1.0001154273e-01  ) (1.0200001000e+01   5.0000000000e-03   1.0001622165e-01  ) 
12.05	(5.0000010000e+00   5.0000000000e-03   9.9961588988e-02  ) (5.5000010000e+00   5.0000000000e-03   9.9968320928e-02  ) (6.0000010000e+00   5.0000000000e-03   9.9992808486e-02  ) (6.5000010000e+00   5.0000000000e-03   9.9992585769e-02  ) (6.9937500000e+00   5.0000000000e-03   9.9998660854e-02  ) (8.0062500000e+00   5.0000000000e-03   1.0002304931e-01  ) (9.0000010000e+00   5.0000000000e-03   1.0001148871e-01  ) (1.0200001000e+01   5.0000000000e-03   1.0001396474e-01  ) 
12.06	(5.0000010000e+00   5.0000000000e-03   9.9966828017e-02  ) (5.5000010000e+00   5.0000000000e-03   9.9966459849e-02  ) (6.0000010000e+00   5.0000000000e-03   9.9992045923e-02  ) (6.5000010000e+00   5.0000000000e-03   9.9992164558e-02  ) (6.9937500000e+00   5.0000000000e-03   9.9998263487e-02  ) (8.0062500000e+00   5.0000000000e-03   1.0002283601e-01  ) (9.0000010000e+00   5.0000000000e-03   1.0001151412e-01  ) (1.0200001000e+01   5.0000000000e-03   1.0001204446e-01  ) 
12.07	(5.0000010000e+00   5.0000000000e-03   9.9971896898e-02  ) (5.5000010000e+00   5.0000000000e-03   9.9964940532e-02  ) (6.0000010000e+00   5.0000000000e-03   9.9991388029e-02  ) (6.5000010000e+00   5.0000000000e-03   9.9991873433e-02  ) (6.9937500000e+00   5.0000000000e-03   9.9997865673e-02  ) (8.0062500000e+00   5.0000000000e-03   1.0002263964e-01  ) (9.0000010000e+00   5.0000000000e-03   1.0001162169e-01  ) (1.0200001000e+01   5.0000000000e-03   1.0001049061e-01  ) 
12.08	(5.0000010000e+00   5.0000000000e-03   9.9976714089e-02  ) (5.5000010000e+00   5.0000000000e-03   9.9963801164e-02  ) (6.0000010000e+00   5.0000000000e-03   9.9990848518e-02  ) (6.5000010000e+00   5.0000000000e-03   9.9991728169e-02  ) (6.9937500000e+00   5.0000000000e-03   9.9997475640e-02  ) (8.0062500000e+00   5.0000000000e-03   1.0002246479e-01  ) (9.0000010000e+00   5.0000000000e-03   1.0001181047e-01  ) (1.0200001000e+01   5.0000000000e-03   1.0000931801e-01  ) 
12.09	(5.0000010000e+00   5.0000000000e-03   9.9981203060e-02  ) (5.5000010000e+00   5.0000000000e-03   9.9963057615e-02  ) (6.0000010000e+00   5.0000000000e-03   9.9990436679e-02  ) (6.5000010000e+00   5.0000000000e-03   9.9991732644e-02  ) (6.9937500000e+00   5.0000000000e-03   9.9997101875e-02  ) (8.0062500000e+00   5.0000000000e-03   1.0002231561e-01  ) (9.0000010000e+00   5.0000000000e-03   1.0001207522e-01  ) (1.0200001000e+01   5.0000000000e-03   1.0000852297e-01  ) 
12.1	(5.0000010000e+00   5.0000000000e-03   9.9985292525e-02  ) (5.5000010000e+00   5.0000000000e-03   9.9962724749e-02  ) (6.0000010000e+00   5.0000000000e-03   9.9990161818e-02  ) (6.5000010000e+00   5.0000000000e-03   9.9991899528e-02  ) (6.9937500000e+00   5.0000000000e-03   9.9996753034e-02  ) (8.0062500000e+00   5.0000000000e-03   1.0002219546e-01  ) (9.0000010000e+00   5.0000000000e-03   1.0001241003e-01  ) (1.0200001000e+01   5.0000000000e-03   1.0000808590e-01  ) 
12.11	(5.0000010000e+00   5.0000000000e-03   9.9988918036e-02  ) (5.5000010000e+00   5.0000000000e-03   9.9962829845e-02  ) (6.0000010000e+00   5.0000000000e-03   9.9990032546e-02  ) (6.5000010000e+00   5.0000000000e-03   9.9992230744e-02  ) (6.9937500000e+00   5.0000000000e-03   9.9996437700e-02  ) (8.0062500000e+00   5.0000000000e-03   1.0002210672e-01  ) (9.0000010000e+00   5.0000000000e-03   1.0001280756e-01  ) (1.0200001000e+01   5.0000000000e-03   1.0000799055e-01  ) 
12.12	(5.0000010000e+00   5.0000000000e-03   9.9992023850e-02  ) (5.5000010000e+00   5.0000000000e-03   9.9963373397e-02  ) (6.0000010000e+00   5.0000000000e-03   9.9990048771e-02  ) (6.5000010000e+00   5.0000000000e-03   9.9992719382e-02  ) (6.9937500000e+00   5.0000000000e-03   9.9996164088e-02  ) (8.0062500000e+00   5.0000000000e-03   1.0002205111e-01  ) (9.0000010000e+00   5.0000000000e-03   1.0001325950e-01  ) (1.0200001000e+01   5.0000000000e-03   1.0000822323e-01  ) 
12.13	(5.0000010000e+00   5.0000000000e-03   9.9994562874e-02  ) (5.5000010000e+00   5.0000000000e-03   9.9964366231e-02  ) (6.0000010000e+00   5.0000000000e-03   9.9990205669e-02  ) (6.5000010000e+00   5.0000000000e-03   9.9993352990e-02  ) (6.9937500000e+00   5.0000000000e-03   9.9995939842e-02  ) (8.0062500000e+00   5.0000000000e-03   1.0002202913e-01  ) (9.0000010000e+00   5.0000000000e-03   1.0001375793e-01  ) (1.0200001000e+01   5.0000000000e-03   1.0000875887e-01  ) 
12.14	(5.0000010000e+00   5.0000000000e-03   9.9996504914e-02  ) (5.5000010000e+00   5.0000000000e-03   9.9965812432e-02  ) (6.0000010000e+00   5.0000000000e-03   9.9990494849e-02  ) (6.5000010000e+00   5.0000000000e-03   9.9994113614e-02  ) (6.9937500000e+00   5.0000000000e-03   9.9995771692e-02  ) (8.0062500000e+00   5.0000000000e-03   1.0002203996e-01  ) (9.0000010000e+00   5.0000000000e-03   1.0001429242e-01  ) (1.0200001000e+01   5.0000000000e-03   1.0000957648e-01  ) 
12.15	(5.0000010000e+00   5.0000000000e-03   9.9997835408e-02  ) (5.5000010000e+00   5.0000000000e-03   9.9967687651e-02  ) (6.0000010000e+00   5.0000000000e-03   9.9990915573e-02  ) (6.5000010000e+00   5.0000000000e-03   9.9994978571e-02  ) (6.9937500000e+00   5.0000000000e-03   9.9995665176e-02  ) (8.0062500000e+00   5.0000000000e-03   1.0002208171e-01  ) (9.0000010000e+00   5.0000000000e-03   1.0001485069e-01  ) (1.0200001000e+01   5.0000000000e-03   1.0001063367e-01  ) 
12.16	(5.0000010000e+00   5.0000000000e-03   9.9998569646e-02  ) (5.5000010000e+00   5.0000000000e-03   9.9969954871e-02  ) (6.0000010000e+00   5.0000000000e-03   9.9991460134e-02  ) (6.5000010000e+00   5.0000000000e-03   9.9995920925e-02  ) (6.9937500000e+00   5.0000000000e-03   9.9995624520e-02  ) (8.0062500000e+00   5.0000000000e-03   1.0002215142e-01  ) (9.0000010000e+00   5.0000000000e-03   1.0001541977e-01  ) (1.0200001000e+01   5.0000000000e-03   1.0001187165e-01  ) 
12.17	(5.0000010000e+00   5.0000000000e-03   9.9998711456e-02  ) (5.5000010000e+00   5.0000000000e-03   9.9972572319e-02  ) (6.0000010000e+00   5.0000000000e-03   9.9992106253e-02  ) (6.5000010000e+00   5.0000000000e-03   9.9996910497e-02  ) (6.9937500000e+00   5.0000000000e-03   9.9995652491e-02  ) (8.0062500000e+00   5.0000000000e-03   1.0002224514e-01  ) (9.0000010000e+00   5.0000000000e-03   1.0001598671e-01  ) (1.0200001000e+01   5.0000000000e-03   1.0001323434e-01  ) 
12.18	(5.0000010000e+00   5.0000000000e-03   9.9998250020e-02  ) (5.5000010000e+00   5.0000000000e-03   9.9975491204e-02  ) (6.0000010000e+00   5.0000000000e-03   9.9992831349e-02  ) (6.5000010000e+00   5.0000000000e-03   9.9997914967e-02  ) (6.9937500000e+00   5.0000000000e-03   9.9995750099e-02  ) (8.0062500000e+00   5.0000000000e-03   1.0002235805e-01  ) (9.0000010000e+00   5.0000000000e-03   1.0001653787e-01  ) (1.0200001000e+01   5.0000000000e-03   1.0001466304e-01  ) 
12.19	(5.0000010000e+00   5.0000000000e-03   9.9997178658e-02  ) (5.5000010000e+00   5.0000000000e-03   9.9978655889e-02  ) (6.0000010000e+00   5.0000000000e-03   9.9993612916e-02  ) (6.5000010000e+00   5.0000000000e-03   9.9998900793e-02  ) (6.9937500000e+00   5.0000000000e-03   9.9995916430e-02  ) (8.0062500000e+00   5.0000000000e-03   1.0002248522e-01  ) (9.0000010000e+00   5.0000000000e-03   1.0001705794e-01  ) (1.0200001000e+01   5.0000000000e-03   1.0001610083e-01  ) 
12.2	(5.0000010000e+00   5.0000000000e-03   9.9995499831e-02  ) (5.5000010000e+00   5.0000000000e-03   9.9982006053e-02  ) (6.0000010000e+00   5.0000000000e-03   9.9994428476e-02  ) (6.5000010000e+00   5.0000000000e-03   9.9999834418e-02  ) (6.9937500000e+00   5.0000000000e-03   9.9996149068e-02  ) (8.0062500000e+00   5.0000000000e-03   1.0002262138e-01  ) (9.0000010000e+00   5.0000000000e-03   1.0001753289e-01  ) (1.0200001000e+01   5.0000000000e-03   1.0001749165e-01  ) 
12.21	(5.0000010000e+00   5.0000000000e-03   9.9993258513e-02  ) (5.5000010000e+00   5.0000000000e-03   9.9985477075e-02  ) (6.0000010000e+00   5.0000000000e-03   9.9995254570e-02  ) (6.5000010000e+00   5.0000000000e-03   1.0000068393e-01  ) (6.9937500000e+00   5.0000000000e-03   9.9996443928e-02  ) (8.0062500000e+00   5.0000000000e-03   1.0002276073e-01  ) (9.0000010000e+00   5.0000000000e-03   1.0001795062e-01  ) (1.0200001000e+01   5.0000000000e-03   1.0001878316e-01  ) 
12.22	(5.0000010000e+00   5.0000000000e-03   9.9990505390e-02  ) (5.5000010000e+00   5.0000000000e-03   9.9989002139e-02  ) (6.0000010000e+00   5.0000000000e-03   9.9996067752e-02  ) (6.5000010000e+00   5.0000000000e-03   1.0000142035e-01  ) (6.9937500000e+00   5.0000000000e-03   9.9996795348e-02  ) (8.0062500000e+00   5.0000000000e-03   1.0002289761e-01  ) (9.0000010000e+00   5.0000000000e-03   1.0001830052e-01  ) (1.0200001000e+01   5.0000000000e-03   1.0001992686e-01  ) 
12.23	(5.0000010000e+00   5.0000000000e-03   9.9987298515e-02  ) (5.5000010000e+00   5.0000000000e-03   9.9992513469e-02  ) (6.0000010000e+00   5.0000000000e-03   9.9996849400e-02  ) (6.5000010000e+00   5.0000000000e-03   1.0000201830e-01  ) (6.9937500000e+00   5.0000000000e-03   9.9997196186e-02  ) (8.0062500000e+00   5.0000000000e-03   1.0002302660e-01  ) (9.0000010000e+00   5.0000000000e-03   1.0001857473e-01  ) (1.0200001000e+01   5.0000000000e-03   1.0002087891e-01  ) 
12.24	(5.0000010000e+00   5.0000000000e-03   9.9983701077e-02  ) (5.5000010000e+00   5.0000000000e-03   9.9995942414e-02  ) (6.0000010000e+00   5.0000000000e-03   9.9997579808e-02  ) (6.5000010000e+00   5.0000000000e-03   1.0000245630e-01  ) (6.9937500000e+00   5.0000000000e-03   9.9997637997e-02  ) (8.0062500000e+00   5.0000000000e-03   1.0002314259e-01  ) (9.0000010000e+00   5.0000000000e-03   1.0001876791e-01  ) (1.0200001000e+01   5.0000000000e-03   1.0002160427e-01  ) 
12.25	(5.0000010000e+00   5.0000000000e-03   9.9979782474e-02  ) (5.5000010000e+00   5.0000000000e-03   9.9999223607e-02  ) (6.0000010000e+00   5.0000000000e-03   9.9998240347e-02  ) (6.5000010000e+00   5.0000000000e-03   1.0000271936e-01  ) (6.9937500000e+00   5.0000000000e-03   9.9998111272e-02  ) (8.0062500000e+00   5.0000000000e-03   1.0002324095e-01  ) (9.0000010000e+00   5.0000000000e-03   1.0001887734e-01  ) (1.0200001000e+01   5.0000000000e-03   1.0002208608e-01  ) 
12.26	(5.0000010000e+00   5.0000000000e-03   9.9975617368e-02  ) (5.5000010000e+00   5.0000000000e-03   1.0000229442e-01  ) (6.0000010000e+00   5.0000000000e-03   9.9998814541e-02  ) (6.5000010000e+00   5.0000000000e-03   1.0000280208e-01  ) (6.9937500000e+00   5.0000000000e-03   9.9998605688e-02  ) (8.0062500000e+00   5.0000000000e-03   1.0002331757e-01  ) (9.0000010000e+00   5.0000000000e-03   1.0001890347e-01  ) (1.0200001000e+01   5.0000000000e-03   1.0002231464e-01  ) 
12.27	(5.0000010000e+00   5.0000000000e-03   9.9971284222e-02  ) (5.5000010000e+00   5.0000000000e-03   1.0000509544e-01  ) (6.0000010000e+00   5.0000000000e-03   9.9999288267e-02  ) (6.5000010000e+00   5.0000000000e-03   1.0000271044e-01  ) (6.9937500000e+00   5.0000000000e-03   9.9999110322e-02  ) (8.0062500000e+00   5.0000000000e-03   1.0002336925e-01  ) (9.0000010000e+00   5.0000000000e-03   1.0001884955e-01  ) (1.0200001000e+01   5.0000000000e-03   1.0002227621e-01  ) 
12.28	(5.0000010000e+00   5.0000000000e-03   9.9966864341e-02  ) (5.5000010000e+00   5.0000000000e-03   1.0000757363e-01  ) (6.0000010000e+00   5.0000000000e-03   9.9999650448e-02  ) (6.5000010000e+00   5.0000000000e-03   1.0000243830e-01  ) (6.9937500000e+00   5.0000000000e-03   9.9999613950e-02  ) (8.0062500000e+00   5.0000000000e-03   1.0002339365e-01  ) (9.0000010000e+00   5.0000000000e-03   1.0001872032e-01  ) (1.0200001000e+01   5.0000000000e-03   1.0002197568e-01  ) 
12.29	(5.0000010000e+00   5.0000000000e-03   9.9962440363e-02  ) (5.5000010000e+00   5.0000000000e-03   1.0000968176e-01  ) (6.0000010000e+00   5.0000000000e-03   9.9999888988e-02  ) (6.5000010000e+00   5.0000000000e-03   1.0000199566e-01  ) (6.9937500000e+00   5.0000000000e-03   1.0000010540e-01  ) (8.0062500000e+00   5.0000000000e-03   1.0002338868e-01  ) (9.0000010000e+00   5.0000000000e-03   1.0001852131e-01  ) (1.0200001000e+01   5.0000000000e-03   1.0002141879e-01  ) 
12.3	(5.0000010000e+00   5.0000000000e-03   9.9958094821e-02  ) (5.5000010000e+00   5.0000000000e-03   1.0001138521e-01  ) (6.0000010000e+00   5.0000000000e-03   9.9999995051e-02  ) (6.5000010000e+00   5.0000000000e-03   1.0000140110e-01  ) (6.9937500000e+00   5.0000000000e-03   1.0000057383e-01  ) (8.0062500000e+00   5.0000000000e-03   1.0002335301e-01  ) (9.0000010000e+00   5.0000000000e-03   1.0001826049e-01  ) (1.0200001000e+01   5.0000000000e-03   1.0002061379e-01  ) 
12.31	(5.0000010000e+00   5.0000000000e-03   9.9953908916e-02  ) (5.5000010000e+00   5.0000000000e-03   1.0001265935e-01  ) (6.0000010000e+00   5.0000000000e-03   9.9999966791e-02  ) (6.5000010000e+00   5.0000000000e-03   1.0000067743e-01  ) (6.9937500000e+00   5.0000000000e-03   1.0000100896e-01  ) (8.0062500000e+00   5.0000000000e-03   1.0002328592e-01  ) (9.0000010000e+00   5.0000000000e-03   1.0001794661e-01  ) (1.0200001000e+01   5.0000000000e-03   1.0001958639e-01  ) 
12.32	(5.0000010000e+00   5.0000000000e-03   9.9949961106e-02  ) (5.5000010000e+00   5.0000000000e-03   1.0001350027e-01  ) (6.0000010000e+00   5.0000000000e-03   9.9999807294e-02  ) (6.5000010000e+00   5.0000000000e-03   9.9999852011e-02  ) (6.9937500000e+00   5.0000000000e-03   1.0000140131e-01  ) (8.0062500000e+00   5.0000000000e-03   1.0002318724e-01  ) (9.0000010000e+00   5.0000000000e-03   1.0001758875e-01  ) (1.0200001000e+01   5.0000000000e-03   1.0001837630e-01  ) 
12.33	(5.0000010000e+00   5.0000000000e-03   9.9946326145e-02  ) (5.5000010000e+00   5.0000000000e-03   1.0001391845e-01  ) (6.0000010000e+00   5.0000000000e-03   9.9999518787e-02  ) (6.5000010000e+00   5.0000000000e-03   9.9998955951e-02  ) (6.9937500000e+00   5.0000000000e-03   1.0000174256e-01  ) (8.0062500000e+00   5.0000000000e-03   1.0002305730e-01  ) (9.0000010000e+00   5.0000000000e-03   1.0001719735e-01  ) (1.0200001000e+01   5.0000000000e-03   1.0001702382e-01  ) 
12.34	(5.0000010000e+00   5.0000000000e-03   9.9943074567e-02  ) (5.5000010000e+00   5.0000000000e-03   1.0001391250e-01  ) (6.0000010000e+00   5.0000000000e-03   9.9999099902e-02  ) (6.5000010000e+00   5.0000000000e-03   9.9998022479e-02  ) (6.9937500000e+00   5.0000000000e-03   1.0000202579e-01  ) (8.0062500000e+00   5.0000000000e-03   1.0002289679e-01  ) (9.0000010000e+00   5.0000000000e-03   1.0001678416e-01  ) (1.0200001000e+01   5.0000000000e-03   1.0001557628e-01  ) 
12.35	(5.0000010000e+00   5.0000000000e-03   9.9940270737e-02  ) (5.5000010000e+00   5.0000000000e-03   1.0001348304e-01  ) (6.0000010000e+00   5.0000000000e-03   9.9998567572e-02  ) (6.5000010000e+00   5.0000000000e-03   9.9997085941e-02  ) (6.9937500000e+00   5.0000000000e-03   1.0000224555e-01  ) (8.0062500000e+00   5.0000000000e-03   1.0002270697e-01  ) (9.0000010000e+00   5.0000000000e-03   1.0001636103e-01  ) (1.0200001000e+01   5.0000000000e-03   1.0001408261e-01  ) 
12.36	(5.0000010000e+00   5.0000000000e-03   9.9937971402e-02  ) (5.5000010000e+00   5.0000000000e-03   1.0001263048e-01  ) (6.0000010000e+00   5.0000000000e-03   9.9997944637e-02  ) (6.5000010000e+00   5.0000000000e-03   9.9996180685e-02  ) (6.9937500000e+00   5.0000000000e-03   1.0000239811e-01  ) (8.0062500000e+00   5.0000000000e-03   1.0002248999e-01  ) (9.0000010000e+00   5.0000000000e-03   1.0001593920e-01  ) (1.0200001000e+01   5.0000000000e-03   1.0001259370e-01  ) 
12.37	(5.0000010000e+00   5.0000000000e-03   9.9936218666e-02  ) (5.5000010000e+00   5.0000000000e-03   1.0001136867e-01  ) (6.0000010000e+00   5.0000000000e-03   9.9997252397e-02  ) (6.5000010000e+00   5.0000000000e-03   9.9995339438e-02  ) (6.9937500000e+00   5.0000000000e-03   1.0000248149e-01  ) (8.0062500000e+00   5.0000000000e-03   1.0002224858e-01  ) (9.0000010000e+00   5.0000000000e-03   1.0001552966e-01  ) (1.0200001000e+01   5.0000000000e-03   1.0001116037e-01  ) 
12.38	(5.0000010000e+00   5.0000000000e-03   9.9935037329e-02  ) (5.5000010000e+00   5.0000000000e-03   1.0000974314e-01  ) (6.0000010000e+00   5.0000000000e-03   9.9996514747e-02  ) (6.5000010000e+00   5.0000000000e-03   9.9994592317e-02  ) (6.9937500000e+00   5.0000000000e-03   1.0000249558e-01  ) (8.0062500000e+00   5.0000000000e-03   1.0002198534e-01  ) (9.0000010000e+00   5.0000000000e-03   1.0001514303e-01  ) (1.0200001000e+01   5.0000000000e-03   1.0000983281e-01  ) 
12.39	(5.0000010000e+00   5.0000000000e-03   9.9934421824e-02  ) (5.5000010000e+00   5.0000000000e-03   1.0000780000e-01  ) (6.0000010000e+00   5.0000000000e-03   9.9995758151e-02  ) (6.5000010000e+00   5.0000000000e-03   9.9993965757e-02  ) (6.9937500000e+00   5.0000000000e-03   1.0000244201e-01  ) (8.0062500000e+00   5.0000000000e-03   1.0002170337e-01  ) (9.0000010000e+00   5.0000000000e-03   1.0001478914e-01  ) (1.0200001000e+01   5.0000000000e-03   1.0000865669e-01  ) 
12.4	(5.0000010000e+00   5.0000000000e-03   9.9934386771e-02  ) (5.5000010000e+00   5.0000000000e-03   1.0000559215e-01  ) (6.0000010000e+00   5.0000000000e-03   9.9995007536e-02  ) (6.5000010000e+00   5.0000000000e-03   9.9993481512e-02  ) (6.9937500000e+00   5.0000000000e-03   1.0000232418e-01  ) (8.0062500000e+00   5.0000000000e-03   1.0002140601e-01  ) (9.0000010000e+00   5.0000000000e-03   1.0001447692e-01  ) (1.0200001000e+01   5.0000000000e-03   1.0000767372e-01  ) 
12.41	(5.0000010000e+00   5.0000000000e-03   9.9934948612e-02  ) (5.5000010000e+00   5.0000000000e-03   1.0000317661e-01  ) (6.0000010000e+00   5.0000000000e-03   9.9994285074e-02  ) (6.5000010000e+00   5.0000000000e-03   9.9993156676e-02  ) (6.9937500000e+00   5.0000000000e-03   1.0000214704e-01  ) (8.0062500000e+00   5.0000000000e-03   1.0002109699e-01  ) (9.0000010000e+00   5.0000000000e-03   1.0001421324e-01  ) (1.0200001000e+01   5.0000000000e-03   1.0000692121e-01  ) 
12.42	(5.0000010000e+00   5.0000000000e-03   9.9936124087e-02  ) (5.5000010000e+00   5.0000000000e-03   1.0000061452e-01  ) (6.0000010000e+00   5.0000000000e-03   9.9993613766e-02  ) (6.5000010000e+00   5.0000000000e-03   9.9993001435e-02  ) (6.9937500000e+00   5.0000000000e-03   1.0000191699e-01  ) (8.0062500000e+00   5.0000000000e-03   1.0002078015e-01  ) (9.0000010000e+00   5.0000000000e-03   1.0001400318e-01  ) (1.0200001000e+01   5.0000000000e-03   1.0000641603e-01  ) 
12.43	(5.0000010000e+00   5.0000000000e-03   9.9937916898e-02  ) (5.5000010000e+00   5.0000000000e-03   9.9997968867e-02  ) (6.0000010000e+00   5.0000000000e-03   9.9993014151e-02  ) (6.5000010000e+00   5.0000000000e-03   9.9993011261e-02  ) (6.9937500000e+00   5.0000000000e-03   1.0000164173e-01  ) (8.0062500000e+00   5.0000000000e-03   1.0002045955e-01  ) (9.0000010000e+00   5.0000000000e-03   1.0001385129e-01  ) (1.0200001000e+01   5.0000000000e-03   1.0000616799e-01  ) 
12.44	(5.0000010000e+00   5.0000000000e-03   9.9940289642e-02  ) (5.5000010000e+00   5.0000000000e-03   9.9995305546e-02  ) (6.0000010000e+00   5.0000000000e-03   9.9992503132e-02  ) (6.5000010000e+00   5.0000000000e-03   9.9993190423e-02  ) (6.9937500000e+00   5.0000000000e-03   1.0000133002e-01  ) (8.0062500000e+00   5.0000000000e-03   1.0002013928e-01  ) (9.0000010000e+00   5.0000000000e-03   1.0001376098e-01  ) (1.0200001000e+01   5.0000000000e-03   1.0000619261e-01  ) 
12.45	(5.0000010000e+00   5.0000000000e-03   9.9943204780e-02  ) (5.5000010000e+00   5.0000000000e-03   9.9992688488e-02  ) (6.0000010000e+00   5.0000000000e-03   9.9992093334e-02  ) (6.5000010000e+00   5.0000000000e-03   9.9993538183e-02  ) (6.9937500000e+00   5.0000000000e-03   1.0000099139e-01  ) (8.0062500000e+00   5.0000000000e-03   1.0001982340e-01  ) (9.0000010000e+00   5.0000000000e-03   1.0001373406e-01  ) (1.0200001000e+01   5.0000000000e-03   1.0000649029e-01  ) 
12.46	(5.0000010000e+00   5.0000000000e-03   9.9946614166e-02  ) (5.5000010000e+00   5.0000000000e-03   9.9990180853e-02  ) (6.0000010000e+00   5.0000000000e-03   9.9991793386e-02  ) (6.5000010000e+00   5.0000000000e-03   9.9994040310e-02  ) (6.9937500000e+00   5.0000000000e-03   1.0000063589e-01  ) (8.0062500000e+00   5.0000000000e-03   1.0001951591e-01  ) (9.0000010000e+00   5.0000000000e-03   1.0001376972e-01  ) (1.0200001000e+01   5.0000000000e-03   1.0000705901e-01  ) 
12.47	(5.0000010000e+00   5.0000000000e-03   9.9950463500e-02  ) (5.5000010000e+00   5.0000000000e-03   9.9987843141e-02  ) (6.0000010000e+00   5.0000000000e-03   9.9991612640e-02  ) (6.5000010000e+00   5.0000000000e-03   9.9994677651e-02  ) (6.9937500000e+00   5.0000000000e-03   1.0000027366e-01  ) (8.0062500000e+00   5.0000000000e-03   1.0001922164e-01  ) (9.0000010000e+00   5.0000000000e-03   1.0001386420e-01  ) (1.0200001000e+01   5.0000000000e-03   1.0000789609e-01  ) 
12.48	(5.0000010000e+00   5.0000000000e-03   9.9954691488e-02  ) (5.5000010000e+00   5.0000000000e-03   9.9985729793e-02  ) (6.0000010000e+00   5.0000000000e-03   9.9991554418e-02  ) (6.5000010000e+00   5.0000000000e-03   9.9995427332e-02  ) (6.9937500000e+00   5.0000000000e-03   9.9999914959e-02  ) (8.0062500000e+00   5.0000000000e-03   1.0001894450e-01  ) (9.0000010000e+00   5.0000000000e-03   1.0001401196e-01  ) (1.0200001000e+01   5.0000000000e-03   1.0000898149e-01  ) 
12.49	(5.0000010000e+00   5.0000000000e-03   9.9959231059e-02  ) (5.5000010000e+00   5.0000000000e-03   9.9983890302e-02  ) (6.0000010000e+00   5.0000000000e-03   9.9991615579e-02  ) (6.5000010000e+00   5.0000000000e-03   9.9996262892e-02  ) (6.9937500000e+00   5.0000000000e-03   9.9999569763e-02  ) (8.0062500000e+00   5.0000000000e-03   1.0001868806e-01  ) (9.0000010000e+00   5.0000000000e-03   1.0001420622e-01  ) (1.0200001000e+01   5.0000000000e-03   1.0001027915e-01  ) 
12.5	(5.0000010000e+00   5.0000000000e-03   9.9964010304e-02  ) (5.5000010000e+00   5.0000000000e-03   9.9982368140e-02  ) (6.0000010000e+00   5.0000000000e-03   9.9991788647e-02  ) (6.5000010000e+00   5.0000000000e-03   9.9997155171e-02  ) (6.9937500000e+00   5.0000000000e-03   9.9999247574e-02  ) (8.0062500000e+00   5.0000000000e-03   1.0001845554e-01  ) (9.0000010000e+00   5.0000000000e-03   1.0001443906e-01  ) (1.0200001000e+01   5.0000000000e-03   1.0001175247e-01  ) 
12.51	(5.0000010000e+00   5.0000000000e-03   9.9968953402e-02  ) (5.5000010000e+00   5.0000000000e-03   9.9981195630e-02  ) (6.0000010000e+00   5.0000000000e-03   9.9992072115e-02  ) (6.5000010000e+00   5.0000000000e-03   9.9998073413e-02  ) (6.9937500000e+00   5.0000000000e-03   9.9998957222e-02  ) (8.0062500000e+00   5.0000000000e-03   1.0001824952e-01  ) (9.0000010000e+00   5.0000000000e-03   1.0001470185e-01  ) (1.0200001000e+01   5.0000000000e-03   1.0001335746e-01  ) 
12.52	(5.0000010000e+00   5.0000000000e-03   9.9973982380e-02  ) (5.5000010000e+00   5.0000000000e-03   9.9980391037e-02  ) (6.0000010000e+00   5.0000000000e-03   9.9992460934e-02  ) (6.5000010000e+00   5.0000000000e-03   9.9998986513e-02  ) (6.9937500000e+00   5.0000000000e-03   9.9998706710e-02  ) (8.0062500000e+00   5.0000000000e-03   1.0001807209e-01  ) (9.0000010000e+00   5.0000000000e-03   1.0001498572e-01  ) (1.0200001000e+01   5.0000000000e-03   1.0001504738e-01  ) 
12.53	(5.0000010000e+00   5.0000000000e-03   9.9979018314e-02  ) (5.5000010000e+00   5.0000000000e-03   9.9979950194e-02  ) (6.0000010000e+00   5.0000000000e-03   9.9992935607e-02  ) (6.5000010000e+00   5.0000000000e-03   9.9999863453e-02  ) (6.9937500000e+00   5.0000000000e-03   9.9998503015e-02  ) (8.0062500000e+00   5.0000000000e-03   1.0001792474e-01  ) (9.0000010000e+00   5.0000000000e-03   1.0001528165e-01  ) (1.0200001000e+01   5.0000000000e-03   1.0001677273e-01  ) 
12.54	(5.0000010000e+00   5.0000000000e-03   9.9983982561e-02  ) (5.5000010000e+00   5.0000000000e-03   9.9979873297e-02  ) (6.0000010000e+00   5.0000000000e-03   9.9993477290e-02  ) (6.5000010000e+00   5.0000000000e-03   1.0000067490e-01  ) (6.9937500000e+00   5.0000000000e-03   9.9998351965e-02  ) (8.0062500000e+00   5.0000000000e-03   1.0001780842e-01  ) (9.0000010000e+00   5.0000000000e-03   1.0001558086e-01  ) (1.0200001000e+01   5.0000000000e-03   1.0001848343e-01  ) 
12.55	(5.0000010000e+00   5.0000000000e-03   9.9988798042e-02  ) (5.5000010000e+00   5.0000000000e-03   9.9980161789e-02  ) (6.0000010000e+00   5.0000000000e-03   9.9994069229e-02  ) (6.5000010000e+00   5.0000000000e-03   1.0000139431e-01  ) (6.9937500000e+00   5.0000000000e-03   9.9998258136e-02  ) (8.0062500000e+00   5.0000000000e-03   1.0001772305e-01  ) (9.0000010000e+00   5.0000000000e-03   1.0001587500e-01  ) (1.0200001000e+01   5.0000000000e-03   1.0002013045e-01  ) 
12.56	(5.0000010000e+00   5.0000000000e-03   9.9993390637e-02  ) (5.5000010000e+00   5.0000000000e-03   9.9980811140e-02  ) (6.0000010000e+00   5.0000000000e-03   9.9994694883e-02  ) (6.5000010000e+00   5.0000000000e-03   1.0000199798e-01  ) (6.9937500000e+00   5.0000000000e-03   9.9998224705e-02  ) (8.0062500000e+00   5.0000000000e-03   1.0001766955e-01  ) (9.0000010000e+00   5.0000000000e-03   1.0001615636e-01  ) (1.0200001000e+01   5.0000000000e-03   1.0002166644e-01  ) 
12.57	(5.0000010000e+00   5.0000000000e-03   9.9997690300e-02  ) (5.5000010000e+00   5.0000000000e-03   9.9981814433e-02  ) (6.0000010000e+00   5.0000000000e-03   9.9995336898e-02  ) (6.5000010000e+00   5.0000000000e-03   1.0000246538e-01  ) (6.9937500000e+00   5.0000000000e-03   9.9998253116e-02  ) (8.0062500000e+00   5.0000000000e-03   1.0001765020e-01  ) (9.0000010000e+00   5.0000000000e-03   1.0001641794e-01  ) (1.0200001000e+01   5.0000000000e-03   1.0002304828e-01  ) 
12.58	(5.0000010000e+00   5.0000000000e-03   1.0000163116e-01  ) (5.5000010000e+00   5.0000000000e-03   9.9983137390e-02  ) (6.0000010000e+00   5.0000000000e-03   9.9995979095e-02  ) (6.5000010000e+00   5.0000000000e-03   1.0000278037e-01  ) (6.9937500000e+00   5.0000000000e-03   9.9998343530e-02  ) (8.0062500000e+00   5.0000000000e-03   1.0001766567e-01  ) (9.0000010000e+00   5.0000000000e-03   1.0001665359e-01  ) (1.0200001000e+01   5.0000000000e-03   1.0002423625e-01  ) 
12.59	(5.0000010000e+00   5.0000000000e-03   1.0000515358e-01  ) (5.5000010000e+00   5.0000000000e-03   9.9984736618e-02  ) (6.0000010000e+00   5.0000000000e-03   9.9996606775e-02  ) (6.5000010000e+00   5.0000000000e-03   1.0000293353e-01  ) (6.9937500000e+00   5.0000000000e-03   9.9998494821e-02  ) (8.0062500000e+00   5.0000000000e-03   1.0001771261e-01  ) (9.0000010000e+00   5.0000000000e-03   1.0001685812e-01  ) (1.0200001000e+01   5.0000000000e-03   1.0002519857e-01  ) 
12.6	(5.0000010000e+00   5.0000000000e-03   1.0000820470e-01  ) (5.5000010000e+00   5.0000000000e-03   9.9986566443e-02  ) (6.0000010000e+00   5.0000000000e-03   9.9997205080e-02  ) (6.5000010000e+00   5.0000000000e-03   1.0000293065e-01  ) (6.9937500000e+00   5.0000000000e-03   9.9998704512e-02  ) (8.0062500000e+00   5.0000000000e-03   1.0001778658e-01  ) (9.0000010000e+00   5.0000000000e-03   1.0001702734e-01  ) (1.0200001000e+01   5.0000000000e-03   1.0002591160e-01  ) 
12.61	(5.0000010000e+00   5.0000000000e-03   1.0001074198e-01  ) (5.5000010000e+00   5.0000000000e-03   9.9988576396e-02  ) (6.0000010000e+00   5.0000000000e-03   9.9997760102e-02  ) (6.5000010000e+00   5.0000000000e-03   1.0000276963e-01  ) (6.9937500000e+00   5.0000000000e-03   9.9998968822e-02  ) (8.0062500000e+00   5.0000000000e-03   1.0001788286e-01  ) (9.0000010000e+00   5.0000000000e-03   1.0001715814e-01  ) (1.0200001000e+01   5.0000000000e-03   1.0002637125e-01  ) 
12.62	(5.0000010000e+00   5.0000000000e-03   1.0001273574e-01  ) (5.5000010000e+00   5.0000000000e-03   9.9990713386e-02  ) (6.0000010000e+00   5.0000000000e-03   9.9998259178e-02  ) (6.5000010000e+00   5.0000000000e-03   1.0000245098e-01  ) (6.9937500000e+00   5.0000000000e-03   9.9999282717e-02  ) (8.0062500000e+00   5.0000000000e-03   1.0001799666e-01  ) (9.0000010000e+00   5.0000000000e-03   1.0001724842e-01  ) (1.0200001000e+01   5.0000000000e-03   1.0002657934e-01  ) 
12.63	(5.0000010000e+00   5.0000000000e-03   1.0001417103e-01  ) (5.5000010000e+00   5.0000000000e-03   9.9992921484e-02  ) (6.0000010000e+00   5.0000000000e-03   9.9998691395e-02  ) (6.5000010000e+00   5.0000000000e-03   1.0000198226e-01  ) (6.9937500000e+00   5.0000000000e-03   9.9999640059e-02  ) (8.0062500000e+00   5.0000000000e-03   1.0001812319e-01  ) (9.0000010000e+00   5.0000000000e-03   1.0001729742e-01  ) (1.0200001000e+01   5.0000000000e-03   1.0002653199e-01  ) 
12.64	(5.0000010000e+00   5.0000000000e-03   1.0001505556e-01  ) (5.5000010000e+00   5.0000000000e-03   9.9995144852e-02  ) (6.0000010000e+00   5.0000000000e-03   9.9999047893e-02  ) (6.5000010000e+00   5.0000000000e-03   1.0000137721e-01  ) (6.9937500000e+00   5.0000000000e-03   1.0000003385e-01  ) (8.0062500000e+00   5.0000000000e-03   1.0001825798e-01  ) (9.0000010000e+00   5.0000000000e-03   1.0001730560e-01  ) (1.0200001000e+01   5.0000000000e-03   1.0002623956e-01  ) 
12.65	(5.0000010000e+00   5.0000000000e-03   1.0001540815e-01  ) (5.5000010000e+00   5.0000000000e-03   9.9997328062e-02  ) (6.0000010000e+00   5.0000000000e-03   9.9999321974e-02  ) (6.5000010000e+00   5.0000000000e-03   1.0000065466e-01  ) (6.9937500000e+00   5.0000000000e-03   1.0000045673e-01  ) (8.0062500000e+00   5.0000000000e-03   1.0001839701e-01  ) (9.0000010000e+00   5.0000000000e-03   1.0001727445e-01  ) (1.0200001000e+01   5.0000000000e-03   1.0002571028e-01  ) 
12.66	(5.0000010000e+00   5.0000000000e-03   1.0001522260e-01  ) (5.5000010000e+00   5.0000000000e-03   9.9999417673e-02  ) (6.0000010000e+00   5.0000000000e-03   9.9999509473e-02  ) (6.5000010000e+00   5.0000000000e-03   9.9999838516e-02  ) (6.9937500000e+00   5.0000000000e-03   1.0000090055e-01  ) (8.0062500000e+00   5.0000000000e-03   1.0001853660e-01  ) (9.0000010000e+00   5.0000000000e-03   1.0001720633e-01  ) (1.0200001000e+01   5.0000000000e-03   1.0002495697e-01  ) 
12.67	(5.0000010000e+00   5.0000000000e-03   1.0001450568e-01  ) (5.5000010000e+00   5.0000000000e-03   1.0000136455e-01  ) (6.0000010000e+00   5.0000000000e-03   9.9999608492e-02  ) (6.5000010000e+00   5.0000000000e-03   9.9998953601e-02  ) (6.9937500000e+00   5.0000000000e-03   1.0000135585e-01  ) (8.0062500000e+00   5.0000000000e-03   1.0001867389e-01  ) (9.0000010000e+00   5.0000000000e-03   1.0001710421e-01  ) (1.0200001000e+01   5.0000000000e-03   1.0002400987e-01  ) 
12.68	(5.0000010000e+00   5.0000000000e-03   1.0001325440e-01  ) (5.5000010000e+00   5.0000000000e-03   1.0000312280e-01  ) (6.0000010000e+00   5.0000000000e-03   9.9999617820e-02  ) (6.5000010000e+00   5.0000000000e-03   9.9998026296e-02  ) (6.9937500000e+00   5.0000000000e-03   1.0000181275e-01  ) (8.0062500000e+00   5.0000000000e-03   1.0001880626e-01  ) (9.0000010000e+00   5.0000000000e-03   1.0001697161e-01  ) (1.0200001000e+01   5.0000000000e-03   1.0002290797e-01  ) 
12.69	(5.0000010000e+00   5.0000000000e-03   1.0001150107e-01  ) (5.5000010000e+00   5.0000000000e-03   1.0000465126e-01  ) (6.0000010000e+00   5.0000000000e-03   9.9999540837e-02  ) (6.5000010000e+00   5.0000000000e-03   9.9997083452e-02  ) (6.9937500000e+00   5.0000000000e-03   1.0000226145e-01  ) (8.0062500000e+00   5.0000000000e-03   1.0001893143e-01  ) (9.0000010000e+00   5.0000000000e-03   1.0001681232e-01  ) (1.0200001000e+01   5.0000000000e-03   1.0002169033e-01  ) 
12.7	(5.0000010000e+00   5.0000000000e-03   1.0000930057e-01  ) (5.5000010000e+00   5.0000000000e-03   1.0000591309e-01  ) (6.0000010000e+00   5.0000000000e-03   9.9999379601e-02  ) (6.5000010000e+00   5.0000000000e-03   9.9996152549e-02  ) (6.9937500000e+00   5.0000000000e-03   1.0000269248e-01  ) (8.0062500000e+00   5.0000000000e-03   1.0001904757e-01  ) (9.0000010000e+00   5.0000000000e-03   1.0001663040e-01  ) (1.0200001000e+01   5.0000000000e-03   1.0002039946e-01  ) 
12.71	(5.0000010000e+00   5.0000000000e-03   1.0000670908e-01  ) (5.5000010000e+00   5.0000000000e-03   1.0000688166e-01  ) (6.0000010000e+00   5.0000000000e-03   9.9999145689e-02  ) (6.5000010000e+00   5.0000000000e-03   9.9995259902e-02  ) (6.9937500000e+00   5.0000000000e-03   1.0000309690e-01  ) (8.0062500000e+00   5.0000000000e-03   1.0001915270e-01  ) (9.0000010000e+00   5.0000000000e-03   1.0001642990e-01  ) (1.0200001000e+01   5.0000000000e-03   1.0001907803e-01  ) 
12.72	(5.0000010000e+00   5.0000000000e-03   1.0000378900e-01  ) (5.5000010000e+00   5.0000000000e-03   1.0000754116e-01  ) (6.0000010000e+00   5.0000000000e-03   9.9998852971e-02  ) (6.5000010000e+00   5.0000000000e-03   9.9994430329e-02  ) (6.9937500000e+00   5.0000000000e-03   1.0000346700e-01  ) (8.0062500000e+00   5.0000000000e-03   1.0001924588e-01  ) (9.0000010000e+00   5.0000000000e-03   1.0001621460e-01  ) (1.0200001000e+01   5.0000000000e-03   1.0001776943e-01  ) 
12.73	(5.0000010000e+00   5.0000000000e-03   1.0000060739e-01  ) (5.5000010000e+00   5.0000000000e-03   1.0000789602e-01  ) (6.0000010000e+00   5.0000000000e-03   9.9998514688e-02  ) (6.5000010000e+00   5.0000000000e-03   9.9993686525e-02  ) (6.9937500000e+00   5.0000000000e-03   1.0000379609e-01  ) (8.0062500000e+00   5.0000000000e-03   1.0001932592e-01  ) (9.0000010000e+00   5.0000000000e-03   1.0001598831e-01  ) (1.0200001000e+01   5.0000000000e-03   1.0001651447e-01  ) 
12.74	(5.0000010000e+00   5.0000000000e-03   9.9997235328e-02  ) (5.5000010000e+00   5.0000000000e-03   1.0000794540e-01  ) (6.0000010000e+00   5.0000000000e-03   9.9998146503e-02  ) (6.5000010000e+00   5.0000000000e-03   9.9993049351e-02  ) (6.9937500000e+00   5.0000000000e-03   1.0000407874e-01  ) (8.0062500000e+00   5.0000000000e-03   1.0001939141e-01  ) (9.0000010000e+00   5.0000000000e-03   1.0001575472e-01  ) (1.0200001000e+01   5.0000000000e-03   1.0001535121e-01  ) 
12.75	(5.0000010000e+00   5.0000000000e-03   9.9993747810e-02  ) (5.5000010000e+00   5.0000000000e-03   1.0000768733e-01  ) (6.0000010000e+00   5.0000000000e-03   9.9997764883e-02  ) (6.5000010000e+00   5.0000000000e-03   9.9992537093e-02  ) (6.9937500000e+00   5.0000000000e-03   1.0000431091e-01  ) (8.0062500000e+00   5.0000000000e-03   1.0001944105e-01  ) (9.0000010000e+00   5.0000000000e-03   1.0001551704e-01  ) (1.0200001000e+01   5.0000000000e-03   1.0001431473e-01  ) 
12.76	(5.0000010000e+00   5.0000000000e-03   9.9990220251e-02  ) (5.5000010000e+00   5.0000000000e-03   1.0000712626e-01  ) (6.0000010000e+00   5.0000000000e-03   9.9997386268e-02  ) (6.5000010000e+00   5.0000000000e-03   9.9992164012e-02  ) (6.9937500000e+00   5.0000000000e-03   1.0000448997e-01  ) (8.0062500000e+00   5.0000000000e-03   1.0001947373e-01  ) (9.0000010000e+00   5.0000000000e-03   1.0001527795e-01  ) (1.0200001000e+01   5.0000000000e-03   1.0001343351e-01  ) 
12.77	(5.0000010000e+00   5.0000000000e-03   9.9986729385e-02  ) (5.5000010000e+00   5.0000000000e-03   1.0000626664e-01  ) (6.0000010000e+00   5.0000000000e-03   9.9997026073e-02  ) (6.5000010000e+00   5.0000000000e-03   9.9991933781e-02  ) (6.9937500000e+00   5.0000000000e-03   1.0000461471e-01  ) (8.0062500000e+00   5.0000000000e-03   1.0001948817e-01  ) (9.0000010000e+00   5.0000000000e-03   1.0001503965e-01  ) (1.0200001000e+01   5.0000000000e-03   1.0001273091e-01  ) 
12.78	(5.0000010000e+00   5.0000000000e-03   9.9983348227e-02  ) (5.5000010000e+00   5.0000000000e-03   1.0000513431e-01  ) (6.0000010000e+00   5.0000000000e-03   9.9996698108e-02  ) (6.5000010000e+00   5.0000000000e-03   9.9991843500e-02  ) (6.9937500000e+00   5.0000000000e-03   1.0000468518e-01  ) (8.0062500000e+00   5.0000000000e-03   1.0001948338e-01  ) (9.0000010000e+00   5.0000000000e-03   1.0001480383e-01  ) (1.0200001000e+01   5.0000000000e-03   1.0001221747e-01  ) 
12.79	(5.0000010000e+00   5.0000000000e-03   9.9980148907e-02  ) (5.5000010000e+00   5.0000000000e-03   1.0000376596e-01  ) (6.0000010000e+00   5.0000000000e-03   9.9996413218e-02  ) (6.5000010000e+00   5.0000000000e-03   9.9991899085e-02  ) (6.9937500000e+00   5.0000000000e-03   1.0000470268e-01  ) (8.0062500000e+00   5.0000000000e-03   1.0001945862e-01  ) (9.0000010000e+00   5.0000000000e-03   1.0001457180e-01  ) (1.0200001000e+01   5.0000000000e-03   1.0001189332e-01  ) 
12.8	(5.0000010000e+00   5.0000000000e-03   9.9977198967e-02  ) (5.5000010000e+00   5.0000000000e-03   1.0000219912e-01  ) (6.0000010000e+00   5.0000000000e-03   9.9996180178e-02  ) (6.5000010000e+00   5.0000000000e-03   9.9992096514e-02  ) (6.9937500000e+00   5.0000000000e-03   1.0000466970e-01  ) (8.0062500000e+00   5.0000000000e-03   1.0001941343e-01  ) (9.0000010000e+00   5.0000000000e-03   1.0001434442e-01  ) (1.0200001000e+01   5.0000000000e-03   1.0001175373e-01  ) 
12.81	(5.0000010000e+00   5.0000000000e-03   9.9974562554e-02  ) (5.5000010000e+00   5.0000000000e-03   1.0000047772e-01  ) (6.0000010000e+00   5.0000000000e-03   9.9996007102e-02  ) (6.5000010000e+00   5.0000000000e-03   9.9992433165e-02  ) (6.9937500000e+00   5.0000000000e-03   1.0000458975e-01  ) (8.0062500000e+00   5.0000000000e-03   1.0001934768e-01  ) (9.0000010000e+00   5.0000000000e-03   1.0001412216e-01  ) (1.0200001000e+01   5.0000000000e-03   1.0001179644e-01  ) 
12.82	(5.0000010000e+00   5.0000000000e-03   9.9972299375e-02  ) (5.5000010000e+00   5.0000000000e-03   9.9998647383e-02  ) (6.0000010000e+00   5.0000000000e-03   9.9995897845e-02  ) (6.5000010000e+00   5.0000000000e-03   9.9992902368e-02  ) (6.9937500000e+00   5.0000000000e-03   1.0000446741e-01  ) (8.0062500000e+00   5.0000000000e-03   1.0001926172e-01  ) (9.0000010000e+00   5.0000000000e-03   1.0001390555e-01  ) (1.0200001000e+01   5.0000000000e-03   1.0001200690e-01  ) 
12.83	(5.0000010000e+00   5.0000000000e-03   9.9970460119e-02  ) (5.5000010000e+00   5.0000000000e-03   9.9996756960e-02  ) (6.0000010000e+00   5.0000000000e-03   9.9995852664e-02  ) (6.5000010000e+00   5.0000000000e-03   9.9993493514e-02  ) (6.9937500000e+00   5.0000000000e-03   1.0000430814e-01  ) (8.0062500000e+00   5.0000000000e-03   1.0001915604e-01  ) (9.0000010000e+00   5.0000000000e-03   1.0001369500e-01  ) (1.0200001000e+01   5.0000000000e-03   1.0001237025e-01  ) 
12.84	(5.0000010000e+00   5.0000000000e-03   9.9969084779e-02  ) (5.5000010000e+00   5.0000000000e-03   9.9994855913e-02  ) (6.0000010000e+00   5.0000000000e-03   9.9995868556e-02  ) (6.5000010000e+00   5.0000000000e-03   9.9994190733e-02  ) (6.9937500000e+00   5.0000000000e-03   1.0000411820e-01  ) (8.0062500000e+00   5.0000000000e-03   1.0001903143e-01  ) (9.0000010000e+00   5.0000000000e-03   1.0001349086e-01  ) (1.0200001000e+01   5.0000000000e-03   1.0001286879e-01  ) 
12.85	(5.0000010000e+00   5.0000000000e-03   9.9968189322e-02  ) (5.5000010000e+00   5.0000000000e-03   9.9992993160e-02  ) (6.0000010000e+00   5.0000000000e-03   9.9995939505e-02  ) (6.5000010000e+00   5.0000000000e-03   9.9994975029e-02  ) (6.9937500000e+00   5.0000000000e-03   1.0000390462e-01  ) (8.0062500000e+00   5.0000000000e-03   1.0001888883e-01  ) (9.0000010000e+00   5.0000000000e-03   1.0001329351e-01  ) (1.0200001000e+01   5.0000000000e-03   1.0001347304e-01  ) 
12.86	(5.0000010000e+00   5.0000000000e-03   9.9967772224e-02  ) (5.5000010000e+00   5.0000000000e-03   9.9991215815e-02  ) (6.0000010000e+00   5.0000000000e-03   9.9996063073e-02  ) (6.5000010000e+00   5.0000000000e-03   9.9995827061e-02  ) (6.9937500000e+00   5.0000000000e-03   1.0000367499e-01  ) (8.0062500000e+00   5.0000000000e-03   1.0001872914e-01  ) (9.0000010000e+00   5.0000000000e-03   1.0001310340e-01  ) (1.0200001000e+01   5.0000000000e-03   1.0001414443e-01  ) 
12.87	(5.0000010000e+00   5.0000000000e-03   9.9967850820e-02  ) (5.5000010000e+00   5.0000000000e-03   9.9989570111e-02  ) (6.0000010000e+00   5.0000000000e-03   9.9996232440e-02  ) (6.5000010000e+00   5.0000000000e-03   9.9996725512e-02  ) (6.9937500000e+00   5.0000000000e-03   1.0000343717e-01  ) (8.0062500000e+00   5.0000000000e-03   1.0001855350e-01  ) (9.0000010000e+00   5.0000000000e-03   1.0001292104e-01  ) (1.0200001000e+01   5.0000000000e-03   1.0001484572e-01  ) 
12.88	(5.0000010000e+00   5.0000000000e-03   9.9968429489e-02  ) (5.5000010000e+00   5.0000000000e-03   9.9988096670e-02  ) (6.0000010000e+00   5.0000000000e-03   9.9996435806e-02  ) (6.5000010000e+00   5.0000000000e-03   9.9997648716e-02  ) (6.9937500000e+00   5.0000000000e-03   1.0000319917e-01  ) (8.0062500000e+00   5.0000000000e-03   1.0001836384e-01  ) (9.0000010000e+00   5.0000000000e-03   1.0001274705e-01  ) (1.0200001000e+01   5.0000000000e-03   1.0001553704e-01  ) 
12.89	(5.0000010000e+00   5.0000000000e-03   9.9969523490e-02  ) (5.5000010000e+00   5.0000000000e-03   9.9986832476e-02  ) (6.0000010000e+00   5.0000000000e-03   9.9996665414e-02  ) (6.5000010000e+00   5.0000000000e-03   9.9998574830e-02  ) (6.9937500000e+00   5.0000000000e-03   1.0000296892e-01  ) (8.0062500000e+00   5.0000000000e-03   1.0001816162e-01  ) (9.0000010000e+00   5.0000000000e-03   1.0001258246e-01  ) (1.0200001000e+01   5.0000000000e-03   1.0001618071e-01  ) 
12.9	(5.0000010000e+00   5.0000000000e-03   9.9971123691e-02  ) (5.5000010000e+00   5.0000000000e-03   9.9985807689e-02  ) (6.0000010000e+00   5.0000000000e-03   9.9996911581e-02  ) (6.5000010000e+00   5.0000000000e-03   9.9999482607e-02  ) (6.9937500000e+00   5.0000000000e-03   1.0000275399e-01  ) (8.0062500000e+00   5.0000000000e-03   1.0001794841e-01  ) (9.0000010000e+00   5.0000000000e-03   1.0001242838e-01  ) (1.0200001000e+01   5.0000000000e-03   1.0001673803e-01  ) 
12.91	(5.0000010000e+00   5.0000000000e-03   9.9973190732e-02  ) (5.5000010000e+00   5.0000000000e-03   9.9985044796e-02  ) (6.0000010000e+00   5.0000000000e-03   9.9997164485e-02  ) (6.5000010000e+00   5.0000000000e-03   1.0000035156e-01  ) (6.9937500000e+00   5.0000000000e-03   1.0000256130e-01  ) (8.0062500000e+00   5.0000000000e-03   1.0001772593e-01  ) (9.0000010000e+00   5.0000000000e-03   1.0001228597e-01  ) (1.0200001000e+01   5.0000000000e-03   1.0001717520e-01  ) 
12.92	(5.0000010000e+00   5.0000000000e-03   9.9975683716e-02  ) (5.5000010000e+00   5.0000000000e-03   9.9984548850e-02  ) (6.0000010000e+00   5.0000000000e-03   9.9997414782e-02  ) (6.5000010000e+00   5.0000000000e-03   1.0000116191e-01  ) (6.9937500000e+00   5.0000000000e-03   1.0000239687e-01  ) (8.0062500000e+00   5.0000000000e-03   1.0001749595e-01  ) (9.0000010000e+00   5.0000000000e-03   1.0001215625e-01  ) (1.0200001000e+01   5.0000000000e-03   1.0001746670e-01  ) 
12.93	(5.0000010000e+00   5.0000000000e-03   9.9978552564e-02  ) (5.5000010000e+00   5.0000000000e-03   9.9984318169e-02  ) (6.0000010000e+00   5.0000000000e-03   9.9997654086e-02  ) (6.5000010000e+00   5.0000000000e-03   1.0000189545e-01  ) (6.9937500000e+00   5.0000000000e-03   1.0000226561e-01  ) (8.0062500000e+00   5.0000000000e-03   1.0001726030e-01  ) (9.0000010000e+00   5.0000000000e-03   1.0001203994e-01  ) (1.0200001000e+01   5.0000000000e-03   1.0001759332e-01  ) 
12.94	(5.0000010000e+00   5.0000000000e-03   9.9981740879e-02  ) (5.5000010000e+00   5.0000000000e-03   9.9984358971e-02  ) (6.0000010000e+00   5.0000000000e-03   9.9997874680e-02  ) (6.5000010000e+00   5.0000000000e-03   1.0000253681e-01  ) (6.9937500000e+00   5.0000000000e-03   1.0000217108e-01  ) (8.0062500000e+00   5.0000000000e-03   1.0001702114e-01  ) (9.0000010000e+00   5.0000000000e-03   1.0001193761e-01  ) (1.0200001000e+01   5.0000000000e-03   1.0001753197e-01  ) 
12.95	(5.0000010000e+00   5.0000000000e-03   9.9985185766e-02  ) (5.5000010000e+00   5.0000000000e-03   9.9984666069e-02  ) (6.0000010000e+00   5.0000000000e-03   9.9998069005e-02  ) (6.5000010000e+00   5.0000000000e-03   1.0000307404e-01  ) (6.9937500000e+00   5.0000000000e-03   1.0000211533e-01  ) (8.0062500000e+00   5.0000000000e-03   1.0001678106e-01  ) (9.0000010000e+00   5.0000000000e-03   1.0001184923e-01  ) (1.0200001000e+01   5.0000000000e-03   1.0001727520e-01  ) 
12.96	(5.0000010000e+00   5.0000000000e-03   9.9988819298e-02  ) (5.5000010000e+00   5.0000000000e-03   9.9985237090e-02  ) (6.0000010000e+00   5.0000000000e-03   9.9998229787e-02  ) (6.5000010000e+00   5.0000000000e-03   1.0000350151e-01  ) (6.9937500000e+00   5.0000000000e-03   1.0000209867e-01  ) (8.0062500000e+00   5.0000000000e-03   1.0001654297e-01  ) (9.0000010000e+00   5.0000000000e-03   1.0001177465e-01  ) (1.0200001000e+01   5.0000000000e-03   1.0001681788e-01  ) 
12.97	(5.0000010000e+00   5.0000000000e-03   9.9992569676e-02  ) (5.5000010000e+00   5.0000000000e-03   9.9986065394e-02  ) (6.0000010000e+00   5.0000000000e-03   9.9998351453e-02  ) (6.5000010000e+00   5.0000000000e-03   1.0000381627e-01  ) (6.9937500000e+00   5.0000000000e-03   1.0000212012e-01  ) (8.0062500000e+00   5.0000000000e-03   1.0001631004e-01  ) (9.0000010000e+00   5.0000000000e-03   1.0001171352e-01  ) (1.0200001000e+01   5.0000000000e-03   1.0001615902e-01  ) 
12.98	(5.0000010000e+00   5.0000000000e-03   9.9996362917e-02  ) (5.5000010000e+00   5.0000000000e-03   9.9987125696e-02  ) (6.0000010000e+00   5.0000000000e-03   9.9998429416e-02  ) (6.5000010000e+00   5.0000000000e-03   1.0000401667e-01  ) (6.9937500000e+00   5.0000000000e-03   1.0000217730e-01  ) (8.0062500000e+00   5.0000000000e-03   1.0001608584e-01  ) (9.0000010000e+00   5.0000000000e-03   1.0001166518e-01  ) (1.0200001000e+01   5.0000000000e-03   1.0001530668e-01  ) 
12.99	(5.0000010000e+00   5.0000000000e-03   1.0000012367e-01  ) (5.5000010000e+00   5.0000000000e-03   9.9988385123e-02  ) (6.0000010000e+00   5.0000000000e-03   9.9998460599e-02  ) (6.5000010000e+00   5.0000000000e-03   1.0000410082e-01  ) (6.9937500000e+00   5.0000000000e-03   1.0000226642e-01  ) (8.0062500000e+00   5.0000000000e-03   1.0001587388e-01  ) (9.0000010000e+00   5.0000000000e-03   1.0001162862e-01  ) (1.0200001000e+01   5.0000000000e-03   1.0001428237e-01  ) 
13	(5.0000010000e+00   5.0000000000e-03   1.0000377773e-01  ) (5.5000010000e+00   5.0000000000e-03   9.9989809214e-02  ) (6.0000010000e+00   5.0000000000e-03   9.9998443841e-02  ) (6.5000010000e+00   5.0000000000e-03   1.0000406784e-01  ) (6.9937500000e+00   5.0000000000e-03   1.0000238255e-01  ) (8.0062500000e+00   5.0000000000e-03   1.0001567769e-01  ) (9.0000010000e+00   5.0000000000e-03   1.0001160250e-01  ) (1.0200001000e+01   5.0000000000e-03   1.0001311084e-01  ) 
13.01	(5.0000010000e+00   5.0000000000e-03   1.0000725282e-01  ) (5.5000010000e+00   5.0000000000e-03   9.9991359136e-02  ) (6.0000010000e+00   5.0000000000e-03   9.9998379651e-02  ) (6.5000010000e+00   5.0000000000e-03   1.0000392339e-01  ) (6.9937500000e+00   5.0000000000e-03   1.0000251971e-01  ) (8.0062500000e+00   5.0000000000e-03   1.0001550063e-01  ) (9.0000010000e+00   5.0000000000e-03   1.0001158522e-01  ) (1.0200001000e+01   5.0000000000e-03   1.0001182322e-01  ) 
13.02	(5.0000010000e+00   5.0000000000e-03   1.0001047993e-01  ) (5.5000010000e+00   5.0000000000e-03   9.9992993950e-02  ) (6.0000010000e+00   5.0000000000e-03   9.9998268924e-02  ) (6.5000010000e+00   5.0000000000e-03   1.0000367286e-01  ) (6.9937500000e+00   5.0000000000e-03   1.0000267112e-01  ) (8.0062500000e+00   5.0000000000e-03   1.0001534583e-01  ) (9.0000010000e+00   5.0000000000e-03   1.0001157493e-01  ) (1.0200001000e+01   5.0000000000e-03   1.0001045562e-01  ) 
13.03	(5.0000010000e+00   5.0000000000e-03   1.0001339431e-01  ) (5.5000010000e+00   5.0000000000e-03   9.9994670930e-02  ) (6.0000010000e+00   5.0000000000e-03   9.9998111158e-02  ) (6.5000010000e+00   5.0000000000e-03   1.0000331798e-01  ) (6.9937500000e+00   5.0000000000e-03   1.0000282943e-01  ) (8.0062500000e+00   5.0000000000e-03   1.0001521593e-01  ) (9.0000010000e+00   5.0000000000e-03   1.0001156962e-01  ) (1.0200001000e+01   5.0000000000e-03   1.0000904739e-01  ) 
13.04	(5.0000010000e+00   5.0000000000e-03   1.0001593687e-01  ) (5.5000010000e+00   5.0000000000e-03   9.9996347010e-02  ) (6.0000010000e+00   5.0000000000e-03   9.9997916175e-02  ) (6.5000010000e+00   5.0000000000e-03   1.0000287217e-01  ) (6.9937500000e+00   5.0000000000e-03   1.0000298702e-01  ) (8.0062500000e+00   5.0000000000e-03   1.0001511347e-01  ) (9.0000010000e+00   5.0000000000e-03   1.0001156718e-01  ) (1.0200001000e+01   5.0000000000e-03   1.0000764057e-01  ) 
13.05	(5.0000010000e+00   5.0000000000e-03   1.0001805555e-01  ) (5.5000010000e+00   5.0000000000e-03   9.9997979400e-02  ) (6.0000010000e+00   5.0000000000e-03   9.9997692399e-02  ) (6.5000010000e+00   5.0000000000e-03   1.0000235327e-01  ) (6.9937500000e+00   5.0000000000e-03   1.0000313613e-01  ) (8.0062500000e+00   5.0000000000e-03   1.0001504005e-01  ) (9.0000010000e+00   5.0000000000e-03   1.0001156544e-01  ) (1.0200001000e+01   5.0000000000e-03   1.0000627851e-01  ) 
13.06	(5.0000010000e+00   5.0000000000e-03   1.0001971160e-01  ) (5.5000010000e+00   5.0000000000e-03   9.9999526899e-02  ) (6.0000010000e+00   5.0000000000e-03   9.9997446561e-02  ) (6.5000010000e+00   5.0000000000e-03   1.0000177993e-01  ) (6.9937500000e+00   5.0000000000e-03   1.0000326917e-01  ) (8.0062500000e+00   5.0000000000e-03   1.0001499628e-01  ) (9.0000010000e+00   5.0000000000e-03   1.0001156212e-01  ) (1.0200001000e+01   5.0000000000e-03   1.0000500396e-01  ) 
13.07	(5.0000010000e+00   5.0000000000e-03   1.0002087914e-01  ) (5.5000010000e+00   5.0000000000e-03   1.0000095032e-01  ) (6.0000010000e+00   5.0000000000e-03   9.9997186451e-02  ) (6.5000010000e+00   5.0000000000e-03   1.0000117225e-01  ) (6.9937500000e+00   5.0000000000e-03   1.0000337890e-01  ) (8.0062500000e+00   5.0000000000e-03   1.0001498249e-01  ) (9.0000010000e+00   5.0000000000e-03   1.0001155491e-01  ) (1.0200001000e+01   5.0000000000e-03   1.0000385936e-01  ) 
13.08	(5.0000010000e+00   5.0000000000e-03   1.0002156205e-01  ) (5.5000010000e+00   5.0000000000e-03   1.0000221501e-01  ) (6.0000010000e+00   5.0000000000e-03   9.9996921981e-02  ) (6.5000010000e+00   5.0000000000e-03   1.0000055170e-01  ) (6.9937500000e+00   5.0000000000e-03   1.0000345858e-01  ) (8.0062500000e+00   5.0000000000e-03   1.0001499775e-01  ) (9.0000010000e+00   5.0000000000e-03   1.0001154155e-01  ) (1.0200001000e+01   5.0000000000e-03   1.0000288330e-01  ) 
13.09	(5.0000010000e+00   5.0000000000e-03   1.0002176339e-01  ) (5.5000010000e+00   5.0000000000e-03   1.0000328943e-01  ) (6.0000010000e+00   5.0000000000e-03   9.9996663438e-02  ) (6.5000010000e+00   5.0000000000e-03   9.9999940041e-02  ) (6.9937500000e+00   5.0000000000e-03   1.0000350222e-01  ) (8.0062500000e+00   5.0000000000e-03   1.0001504050e-01  ) (9.0000010000e+00   5.0000000000e-03   1.0001151999e-01  ) (1.0200001000e+01   5.0000000000e-03   1.0000211167e-01  ) 
13.1	(5.0000010000e+00   5.0000000000e-03   1.0002146947e-01  ) (5.5000010000e+00   5.0000000000e-03   1.0000414816e-01  ) (6.0000010000e+00   5.0000000000e-03   9.9996420743e-02  ) (6.5000010000e+00   5.0000000000e-03   9.9999360326e-02  ) (6.9937500000e+00   5.0000000000e-03   1.0000350462e-01  ) (8.0062500000e+00   5.0000000000e-03   1.0001510852e-01  ) (9.0000010000e+00   5.0000000000e-03   1.0001148839e-01  ) (1.0200001000e+01   5.0000000000e-03   1.0000156692e-01  ) 
13.11	(5.0000010000e+00   5.0000000000e-03   1.0002068194e-01  ) (5.5000010000e+00   5.0000000000e-03   1.0000477517e-01  ) (6.0000010000e+00   5.0000000000e-03   9.9996202835e-02  ) (6.5000010000e+00   5.0000000000e-03   9.9998832476e-02  ) (6.9937500000e+00   5.0000000000e-03   1.0000346147e-01  ) (8.0062500000e+00   5.0000000000e-03   1.0001519911e-01  ) (9.0000010000e+00   5.0000000000e-03   1.0001144514e-01  ) (1.0200001000e+01   5.0000000000e-03   1.0000125844e-01  ) 
13.12	(5.0000010000e+00   5.0000000000e-03   1.0001939561e-01  ) (5.5000010000e+00   5.0000000000e-03   1.0000516788e-01  ) (6.0000010000e+00   5.0000000000e-03   9.9996018544e-02  ) (6.5000010000e+00   5.0000000000e-03   9.9998374646e-02  ) (6.9937500000e+00   5.0000000000e-03   1.0000336966e-01  ) (8.0062500000e+00   5.0000000000e-03   1.0001530922e-01  ) (9.0000010000e+00   5.0000000000e-03   1.0001138890e-01  ) (1.0200001000e+01   5.0000000000e-03   1.0000119945e-01  ) 
13.13	(5.0000010000e+00   5.0000000000e-03   1.0001763955e-01  ) (5.5000010000e+00   5.0000000000e-03   1.0000532559e-01  ) (6.0000010000e+00   5.0000000000e-03   9.9995876584e-02  ) (6.5000010000e+00   5.0000000000e-03   9.9998003833e-02  ) (6.9937500000e+00   5.0000000000e-03   1.0000322734e-01  ) (8.0062500000e+00   5.0000000000e-03   1.0001543536e-01  ) (9.0000010000e+00   5.0000000000e-03   1.0001131875e-01  ) (1.0200001000e+01   5.0000000000e-03   1.0000139923e-01  ) 
13.14	(5.0000010000e+00   5.0000000000e-03   1.0001545995e-01  ) (5.5000010000e+00   5.0000000000e-03   1.0000524149e-01  ) (6.0000010000e+00   5.0000000000e-03   9.9995782983e-02  ) (6.5000010000e+00   5.0000000000e-03   9.9997733242e-02  ) (6.9937500000e+00   5.0000000000e-03   1.0000303387e-01  ) (8.0062500000e+00   5.0000000000e-03   1.0001557461e-01  ) (9.0000010000e+00   5.0000000000e-03   1.0001123430e-01  ) (1.0200001000e+01   5.0000000000e-03   1.0000185528e-01  ) 
13.15	(5.0000010000e+00   5.0000000000e-03   1.0001290619e-01  ) (5.5000010000e+00   5.0000000000e-03   1.0000492251e-01  ) (6.0000010000e+00   5.0000000000e-03   9.9995742164e-02  ) (6.5000010000e+00   5.0000000000e-03   9.9997573324e-02  ) (6.9937500000e+00   5.0000000000e-03   1.0000278984e-01  ) (8.0062500000e+00   5.0000000000e-03   1.0001572336e-01  ) (9.0000010000e+00   5.0000000000e-03   1.0001113575e-01  ) (1.0200001000e+01   5.0000000000e-03   1.0000256926e-01  ) 
13.16	(5.0000010000e+00   5.0000000000e-03   1.0001003469e-01  ) (5.5000010000e+00   5.0000000000e-03   1.0000436965e-01  ) (6.0000010000e+00   5.0000000000e-03   9.9995756020e-02  ) (6.5000010000e+00   5.0000000000e-03   9.9997535049e-02  ) (6.9937500000e+00   5.0000000000e-03   1.0000249726e-01  ) (8.0062500000e+00   5.0000000000e-03   1.0001587867e-01  ) (9.0000010000e+00   5.0000000000e-03   1.0001102411e-01  ) (1.0200001000e+01   5.0000000000e-03   1.0000352914e-01  ) 
13.17	(5.0000010000e+00   5.0000000000e-03   1.0000690729e-01  ) (5.5000010000e+00   5.0000000000e-03   1.0000359310e-01  ) (6.0000010000e+00   5.0000000000e-03   9.9995823549e-02  ) (6.5000010000e+00   5.0000000000e-03   9.9997620544e-02  ) (6.9937500000e+00   5.0000000000e-03   1.0000215965e-01  ) (8.0062500000e+00   5.0000000000e-03   1.0001603768e-01  ) (9.0000010000e+00   5.0000000000e-03   1.0001090090e-01  ) (1.0200001000e+01   5.0000000000e-03   1.0000470523e-01  ) 
13.18	(5.0000010000e+00   5.0000000000e-03   1.0000359020e-01  ) (5.5000010000e+00   5.0000000000e-03   1.0000261804e-01  ) (6.0000010000e+00   5.0000000000e-03   9.9995943315e-02  ) (6.5000010000e+00   5.0000000000e-03   9.9997828421e-02  ) (6.9937500000e+00   5.0000000000e-03   1.0000178221e-01  ) (8.0062500000e+00   5.0000000000e-03   1.0001619776e-01  ) (9.0000010000e+00   5.0000000000e-03   1.0001076815e-01  ) (1.0200001000e+01   5.0000000000e-03   1.0000606648e-01  ) 
13.19	(5.0000010000e+00   5.0000000000e-03   1.0000015318e-01  ) (5.5000010000e+00   5.0000000000e-03   1.0000147447e-01  ) (6.0000010000e+00   5.0000000000e-03   9.9996117021e-02  ) (6.5000010000e+00   5.0000000000e-03   9.9998161497e-02  ) (6.9937500000e+00   5.0000000000e-03   1.0000137130e-01  ) (8.0062500000e+00   5.0000000000e-03   1.0001635669e-01  ) (9.0000010000e+00   5.0000000000e-03   1.0001062842e-01  ) (1.0200001000e+01   5.0000000000e-03   1.0000757503e-01  ) 
13.2	(5.0000010000e+00   5.0000000000e-03   9.9996666916e-02  ) (5.5000010000e+00   5.0000000000e-03   1.0000019520e-01  ) (6.0000010000e+00   5.0000000000e-03   9.9996337551e-02  ) (6.5000010000e+00   5.0000000000e-03   9.9998610587e-02  ) (6.9937500000e+00   5.0000000000e-03   1.0000093467e-01  ) (8.0062500000e+00   5.0000000000e-03   1.0001651241e-01  ) (9.0000010000e+00   5.0000000000e-03   1.0001048468e-01  ) (1.0200001000e+01   5.0000000000e-03   1.0000918932e-01  ) 
13.21	(5.0000010000e+00   5.0000000000e-03   9.9993203582e-02  ) (5.5000010000e+00   5.0000000000e-03   9.9998816118e-02  ) (6.0000010000e+00   5.0000000000e-03   9.9996594489e-02  ) (6.5000010000e+00   5.0000000000e-03   9.9999159735e-02  ) (6.9937500000e+00   5.0000000000e-03   1.0000048136e-01  ) (8.0062500000e+00   5.0000000000e-03   1.0001666317e-01  ) (9.0000010000e+00   5.0000000000e-03   1.0001034023e-01  ) (1.0200001000e+01   5.0000000000e-03   1.0001086464e-01  ) 
13.22	(5.0000010000e+00   5.0000000000e-03   9.9989833784e-02  ) (5.5000010000e+00   5.0000000000e-03   9.9997375550e-02  ) (6.0000010000e+00   5.0000000000e-03   9.9996880098e-02  ) (6.5000010000e+00   5.0000000000e-03   9.9999790426e-02  ) (6.9937500000e+00   5.0000000000e-03   1.0000002052e-01  ) (8.0062500000e+00   5.0000000000e-03   1.0001680901e-01  ) (9.0000010000e+00   5.0000000000e-03   1.0001019840e-01  ) (1.0200001000e+01   5.0000000000e-03   1.0001255400e-01  ) 
13.23	(5.0000010000e+00   5.0000000000e-03   9.9986624166e-02  ) (5.5000010000e+00   5.0000000000e-03   9.9995912579e-02  ) (6.0000010000e+00   5.0000000000e-03   9.9997185730e-02  ) (6.5000010000e+00   5.0000000000e-03   1.0000048157e-01  ) (6.9937500000e+00   5.0000000000e-03   9.9999561938e-02  ) (8.0062500000e+00   5.0000000000e-03   1.0001695011e-01  ) (9.0000010000e+00   5.0000000000e-03   1.0001006230e-01  ) (1.0200001000e+01   5.0000000000e-03   1.0001421078e-01  ) 
13.24	(5.0000010000e+00   5.0000000000e-03   9.9983637601e-02  ) (5.5000010000e+00   5.0000000000e-03   9.9994467577e-02  ) (6.0000010000e+00   5.0000000000e-03   9.9997503779e-02  ) (6.5000010000e+00   5.0000000000e-03   1.0000120936e-01  ) (6.9937500000e+00   5.0000000000e-03   9.9999115953e-02  ) (8.0062500000e+00   5.0000000000e-03   1.0001708483e-01  ) (9.0000010000e+00   5.0000000000e-03   1.0000993497e-01  ) (1.0200001000e+01   5.0000000000e-03   1.0001578889e-01  ) 
13.25	(5.0000010000e+00   5.0000000000e-03   9.9980932871e-02  ) (5.5000010000e+00   5.0000000000e-03   9.9993080228e-02  ) (6.0000010000e+00   5.0000000000e-03   9.9997825996e-02  ) (6.5000010000e+00   5.0000000000e-03   1.0000194886e-01  ) (6.9937500000e+00   5.0000000000e-03   9.9998693367e-02  ) (8.0062500000e+00   5.0000000000e-03   1.0001721091e-01  ) (9.0000010000e+00   5.0000000000e-03   1.0000981920e-01  ) (1.0200001000e+01   5.0000000000e-03   1.0001724523e-01  ) 
13.26	(5.0000010000e+00   5.0000000000e-03   9.9978562316e-02  ) (5.5000010000e+00   5.0000000000e-03   9.9991788104e-02  ) (6.0000010000e+00   5.0000000000e-03   9.9998143301e-02  ) (6.5000010000e+00   5.0000000000e-03   1.0000267424e-01  ) (6.9937500000e+00   5.0000000000e-03   9.9998304886e-02  ) (8.0062500000e+00   5.0000000000e-03   1.0001732602e-01  ) (9.0000010000e+00   5.0000000000e-03   1.0000971735e-01  ) (1.0200001000e+01   5.0000000000e-03   1.0001853934e-01  ) 
13.27	(5.0000010000e+00   5.0000000000e-03   9.9976572918e-02  ) (5.5000010000e+00   5.0000000000e-03   9.9990627112e-02  ) (6.0000010000e+00   5.0000000000e-03   9.9998447082e-02  ) (6.5000010000e+00   5.0000000000e-03   1.0000336010e-01  ) (6.9937500000e+00   5.0000000000e-03   9.9997960562e-02  ) (8.0062500000e+00   5.0000000000e-03   1.0001742762e-01  ) (9.0000010000e+00   5.0000000000e-03   1.0000963122e-01  ) (1.0200001000e+01   5.0000000000e-03   1.0001963631e-01  ) 
13.28	(5.0000010000e+00   5.0000000000e-03   9.9974999014e-02  ) (5.5000010000e+00   5.0000000000e-03   9.9989630058e-02  ) (6.0000010000e+00   5.0000000000e-03   9.9998729509e-02  ) (6.5000010000e+00   5.0000000000e-03   1.0000398162e-01  ) (6.9937500000e+00   5.0000000000e-03   9.9997669549e-02  ) (8.0062500000e+00   5.0000000000e-03   1.0001751395e-01  ) (9.0000010000e+00   5.0000000000e-03   1.0000956204e-01  ) (1.0200001000e+01   5.0000000000e-03   1.0002050857e-01  ) 
13.29	(5.0000010000e+00   5.0000000000e-03   9.9973864005e-02  ) (5.5000010000e+00   5.0000000000e-03   9.9988824022e-02  ) (6.0000010000e+00   5.0000000000e-03   9.9998983670e-02  ) (6.5000010000e+00   5.0000000000e-03   1.0000451525e-01  ) (6.9937500000e+00   5.0000000000e-03   9.9997439730e-02  ) (8.0062500000e+00   5.0000000000e-03   1.0001758272e-01  ) (9.0000010000e+00   5.0000000000e-03   1.0000951035e-01  ) (1.0200001000e+01   5.0000000000e-03   1.0002113993e-01  ) 
13.3	(5.0000010000e+00   5.0000000000e-03   9.9973165147e-02  ) (5.5000010000e+00   5.0000000000e-03   9.9988228592e-02  ) (6.0000010000e+00   5.0000000000e-03   9.9999203844e-02  ) (6.5000010000e+00   5.0000000000e-03   1.0000494314e-01  ) (6.9937500000e+00   5.0000000000e-03   9.9997277609e-02  ) (8.0062500000e+00   5.0000000000e-03   1.0001763177e-01  ) (9.0000010000e+00   5.0000000000e-03   1.0000947612e-01  ) (1.0200001000e+01   5.0000000000e-03   1.0002152891e-01  ) 
13.31	(5.0000010000e+00   5.0000000000e-03   9.9972896098e-02  ) (5.5000010000e+00   5.0000000000e-03   9.9987850293e-02  ) (6.0000010000e+00   5.0000000000e-03   9.9999385407e-02  ) (6.5000010000e+00   5.0000000000e-03   1.0000525223e-01  ) (6.9937500000e+00   5.0000000000e-03   9.9997187949e-02  ) (8.0062500000e+00   5.0000000000e-03   1.0001765957e-01  ) (9.0000010000e+00   5.0000000000e-03   1.0000945860e-01  ) (1.0200001000e+01   5.0000000000e-03   1.0002167799e-01  ) 
13.32	(5.0000010000e+00   5.0000000000e-03   9.9973067737e-02  ) (5.5000010000e+00   5.0000000000e-03   9.9987692127e-02  ) (6.0000010000e+00   5.0000000000e-03   9.9999524986e-02  ) (6.5000010000e+00   5.0000000000e-03   1.0000543394e-01  ) (6.9937500000e+00   5.0000000000e-03   9.9997173680e-02  ) (8.0062500000e+00   5.0000000000e-03   1.0001766491e-01  ) (9.0000010000e+00   5.0000000000e-03   1.0000945642e-01  ) (1.0200001000e+01   5.0000000000e-03   1.0002158585e-01  ) 
13.33	(5.0000010000e+00   5.0000000000e-03   9.9973672408e-02  ) (5.5000010000e+00   5.0000000000e-03   9.9987763221e-02  ) (6.0000010000e+00   5.0000000000e-03   9.9999620773e-02  ) (6.5000010000e+00   5.0000000000e-03   1.0000548352e-01  ) (6.9937500000e+00   5.0000000000e-03   9.9997235868e-02  ) (8.0062500000e+00   5.0000000000e-03   1.0001764707e-01  ) (9.0000010000e+00   5.0000000000e-03   1.0000946786e-01  ) (1.0200001000e+01   5.0000000000e-03   1.0002126494e-01  ) 
13.34	(5.0000010000e+00   5.0000000000e-03   9.9974714592e-02  ) (5.5000010000e+00   5.0000000000e-03   9.9988059864e-02  ) (6.0000010000e+00   5.0000000000e-03   9.9999672074e-02  ) (6.5000010000e+00   5.0000000000e-03   1.0000539678e-01  ) (6.9937500000e+00   5.0000000000e-03   9.9997374016e-02  ) (8.0062500000e+00   5.0000000000e-03   1.0001760612e-01  ) (9.0000010000e+00   5.0000000000e-03   1.0000949078e-01  ) (1.0200001000e+01   5.0000000000e-03   1.0002072162e-01  ) 
13.35	(5.0000010000e+00   5.0000000000e-03   9.9976172785e-02  ) (5.5000010000e+00   5.0000000000e-03   9.9988585336e-02  ) (6.0000010000e+00   5.0000000000e-03   9.9999679174e-02  ) (6.5000010000e+00   5.0000000000e-03   1.0000517741e-01  ) (6.9937500000e+00   5.0000000000e-03   9.9997585692e-02  ) (8.0062500000e+00   5.0000000000e-03   1.0001754332e-01  ) (9.0000010000e+00   5.0000000000e-03   1.0000952279e-01  ) (1.0200001000e+01   5.0000000000e-03   1.0001997461e-01  ) 
13.36	(5.0000010000e+00   5.0000000000e-03   9.9978002336e-02  ) (5.5000010000e+00   5.0000000000e-03   9.9989331186e-02  ) (6.0000010000e+00   5.0000000000e-03   9.9999644574e-02  ) (6.5000010000e+00   5.0000000000e-03   1.0000482436e-01  ) (6.9937500000e+00   5.0000000000e-03   9.9997866464e-02  ) (8.0062500000e+00   5.0000000000e-03   1.0001746036e-01  ) (9.0000010000e+00   5.0000000000e-03   1.0000956141e-01  ) (1.0200001000e+01   5.0000000000e-03   1.0001905825e-01  ) 
13.37	(5.0000010000e+00   5.0000000000e-03   9.9980157640e-02  ) (5.5000010000e+00   5.0000000000e-03   9.9990273020e-02  ) (6.0000010000e+00   5.0000000000e-03   9.9999570597e-02  ) (6.5000010000e+00   5.0000000000e-03   1.0000434856e-01  ) (6.9937500000e+00   5.0000000000e-03   9.9998209976e-02  ) (8.0062500000e+00   5.0000000000e-03   1.0001735897e-01  ) (9.0000010000e+00   5.0000000000e-03   1.0000960406e-01  ) (1.0200001000e+01   5.0000000000e-03   1.0001800959e-01  ) 
13.38	(5.0000010000e+00   5.0000000000e-03   9.9982587225e-02  ) (5.5000010000e+00   5.0000000000e-03   9.9991385817e-02  ) (6.0000010000e+00   5.0000000000e-03   9.9999462646e-02  ) (6.5000010000e+00   5.0000000000e-03   1.0000376872e-01  ) (6.9937500000e+00   5.0000000000e-03   9.9998608149e-02  ) (8.0062500000e+00   5.0000000000e-03   1.0001724118e-01  ) (9.0000010000e+00   5.0000000000e-03   1.0000964828e-01  ) (1.0200001000e+01   5.0000000000e-03   1.0001686851e-01  ) 
13.39	(5.0000010000e+00   5.0000000000e-03   9.9985235507e-02  ) (5.5000010000e+00   5.0000000000e-03   9.9992638646e-02  ) (6.0000010000e+00   5.0000000000e-03   9.9999326938e-02  ) (6.5000010000e+00   5.0000000000e-03   1.0000310520e-01  ) (6.9937500000e+00   5.0000000000e-03   9.9999051494e-02  ) (8.0062500000e+00   5.0000000000e-03   1.0001710965e-01  ) (9.0000010000e+00   5.0000000000e-03   1.0000969173e-01  ) (1.0200001000e+01   5.0000000000e-03   1.0001567565e-01  ) 
13.4	(5.0000010000e+00   5.0000000000e-03   9.9988043543e-02  ) (5.5000010000e+00   5.0000000000e-03   9.9993998575e-02  ) (6.0000010000e+00   5.0000000000e-03   9.9999170980e-02  ) (6.5000010000e+00   5.0000000000e-03   1.0000238185e-01  ) (6.9937500000e+00   5.0000000000e-03   9.9999529306e-02  ) (8.0062500000e+00   5.0000000000e-03   1.0001696736e-01  ) (9.0000010000e+00   5.0000000000e-03   1.0000973229e-01  ) (1.0200001000e+01   5.0000000000e-03   1.0001447235e-01  ) 
13.41	(5.0000010000e+00   5.0000000000e-03   9.9990949709e-02  ) (5.5000010000e+00   5.0000000000e-03   9.9995429007e-02  ) (6.0000010000e+00   5.0000000000e-03   9.9999002786e-02  ) (6.5000010000e+00   5.0000000000e-03   1.0000162353e-01  ) (6.9937500000e+00   5.0000000000e-03   1.0000003001e-01  ) (8.0062500000e+00   5.0000000000e-03   1.0001681775e-01  ) (9.0000010000e+00   5.0000000000e-03   1.0000976816e-01  ) (1.0200001000e+01   5.0000000000e-03   1.0001329861e-01  ) 
13.42	(5.0000010000e+00   5.0000000000e-03   9.9993891638e-02  ) (5.5000010000e+00   5.0000000000e-03   9.9996892462e-02  ) (6.0000010000e+00   5.0000000000e-03   9.9998830793e-02  ) (6.5000010000e+00   5.0000000000e-03   1.0000085678e-01  ) (6.9937500000e+00   5.0000000000e-03   1.0000054135e-01  ) (8.0062500000e+00   5.0000000000e-03   1.0001666431e-01  ) (9.0000010000e+00   5.0000000000e-03   1.0000979788e-01  ) (1.0200001000e+01   5.0000000000e-03   1.0001219211e-01  ) 
13.43	(5.0000010000e+00   5.0000000000e-03   9.9996806021e-02  ) (5.5000010000e+00   5.0000000000e-03   9.9998349999e-02  ) (6.0000010000e+00   5.0000000000e-03   9.9998663563e-02  ) (6.5000010000e+00   5.0000000000e-03   1.0000010773e-01  ) (6.9937500000e+00   5.0000000000e-03   1.0000105079e-01  ) (8.0062500000e+00   5.0000000000e-03   1.0001651062e-01  ) (9.0000010000e+00   5.0000000000e-03   1.0000982078e-01  ) (1.0200001000e+01   5.0000000000e-03   1.0001118750e-01  ) 
13.44	(5.0000010000e+00   5.0000000000e-03   9.9999631969e-02  ) (5.5000010000e+00   5.0000000000e-03   9.9999763411e-02  ) (6.0000010000e+00   5.0000000000e-03   9.9998509186e-02  ) (6.5000010000e+00   5.0000000000e-03   9.9999402364e-02  ) (6.9937500000e+00   5.0000000000e-03   1.0000154614e-01  ) (8.0062500000e+00   5.0000000000e-03   1.0001636046e-01  ) (9.0000010000e+00   5.0000000000e-03   1.0000983668e-01  ) (1.0200001000e+01   5.0000000000e-03   1.0001031351e-01  ) 
13.45	(5.0000010000e+00   5.0000000000e-03   1.0000230995e-01  ) (5.5000010000e+00   5.0000000000e-03   1.0000109504e-01  ) (6.0000010000e+00   5.0000000000e-03   9.9998375026e-02  ) (6.5000010000e+00   5.0000000000e-03   9.9998764359e-02  ) (6.9937500000e+00   5.0000000000e-03   1.0000201565e-01  ) (8.0062500000e+00   5.0000000000e-03   1.0001621733e-01  ) (9.0000010000e+00   5.0000000000e-03   1.0000984528e-01  ) (1.0200001000e+01   5.0000000000e-03   1.0000959416e-01  ) 
13.46	(5.0000010000e+00   5.0000000000e-03   1.0000478499e-01  ) (5.5000010000e+00   5.0000000000e-03   1.0000230990e-01  ) (6.0000010000e+00   5.0000000000e-03   9.9998268405e-02  ) (6.5000010000e+00   5.0000000000e-03   9.9998214939e-02  ) (6.9937500000e+00   5.0000000000e-03   1.0000244842e-01  ) (8.0062500000e+00   5.0000000000e-03   1.0001608481e-01  ) (9.0000010000e+00   5.0000000000e-03   1.0000984661e-01  ) (1.0200001000e+01   5.0000000000e-03   1.0000904423e-01  ) 
13.47	(5.0000010000e+00   5.0000000000e-03   1.0000700548e-01  ) (5.5000010000e+00   5.0000000000e-03   1.0000337607e-01  ) (6.0000010000e+00   5.0000000000e-03   9.9998195147e-02  ) (6.5000010000e+00   5.0000000000e-03   9.9997772793e-02  ) (6.9937500000e+00   5.0000000000e-03   1.0000283486e-01  ) (8.0062500000e+00   5.0000000000e-03   1.0001596580e-01  ) (9.0000010000e+00   5.0000000000e-03   1.0000984091e-01  ) (1.0200001000e+01   5.0000000000e-03   1.0000866698e-01  ) 
13.48	(5.0000010000e+00   5.0000000000e-03   1.0000892563e-01  ) (5.5000010000e+00   5.0000000000e-03   1.0000426585e-01  ) (6.0000010000e+00   5.0000000000e-03   9.9998159711e-02  ) (6.5000010000e+00   5.0000000000e-03   9.9997449328e-02  ) (6.9937500000e+00   5.0000000000e-03   1.0000316674e-01  ) (8.0062500000e+00   5.0000000000e-03   1.0001586301e-01  ) (9.0000010000e+00   5.0000000000e-03   1.0000982885e-01  ) (1.0200001000e+01   5.0000000000e-03   1.0000845905e-01  ) 
13.49	(5.0000010000e+00   5.0000000000e-03   1.0001050601e-01  ) (5.5000010000e+00   5.0000000000e-03   1.0000495566e-01  ) (6.0000010000e+00   5.0000000000e-03   9.9998164942e-02  ) (6.5000010000e+00   5.0000000000e-03   9.9997248333e-02  ) (6.9937500000e+00   5.0000000000e-03   1.0000343752e-01  ) (8.0062500000e+00   5.0000000000e-03   1.0001577867e-01  ) (9.0000010000e+00   5.0000000000e-03   1.0000981151e-01  ) (1.0200001000e+01   5.0000000000e-03   1.0000841637e-01  ) 
13.5	(5.0000010000e+00   5.0000000000e-03   1.0001171790e-01  ) (5.5000010000e+00   5.0000000000e-03   1.0000543358e-01  ) (6.0000010000e+00   5.0000000000e-03   9.9998211502e-02  ) (6.5000010000e+00   5.0000000000e-03   9.9997170407e-02  ) (6.9937500000e+00   5.0000000000e-03   1.0000364244e-01  ) (8.0062500000e+00   5.0000000000e-03   1.0001571447e-01  ) (9.0000010000e+00   5.0000000000e-03   1.0000979024e-01  ) (1.0200001000e+01   5.0000000000e-03   1.0000853087e-01  ) 
13.51	(5.0000010000e+00   5.0000000000e-03   1.0001254875e-01  ) (5.5000010000e+00   5.0000000000e-03   1.0000569843e-01  ) (6.0000010000e+00   5.0000000000e-03   9.9998298761e-02  ) (6.5000010000e+00   5.0000000000e-03   9.9997217122e-02  ) (6.9937500000e+00   5.0000000000e-03   1.0000377867e-01  ) (8.0062500000e+00   5.0000000000e-03   1.0001567173e-01  ) (9.0000010000e+00   5.0000000000e-03   1.0000976656e-01  ) (1.0200001000e+01   5.0000000000e-03   1.0000878582e-01  ) 
13.52	(5.0000010000e+00   5.0000000000e-03   1.0001300360e-01  ) (5.5000010000e+00   5.0000000000e-03   1.0000574714e-01  ) (6.0000010000e+00   5.0000000000e-03   9.9998429286e-02  ) (6.5000010000e+00   5.0000000000e-03   9.9997381576e-02  ) (6.9937500000e+00   5.0000000000e-03   1.0000384541e-01  ) (8.0062500000e+00   5.0000000000e-03   1.0001565124e-01  ) (9.0000010000e+00   5.0000000000e-03   1.0000974211e-01  ) (1.0200001000e+01   5.0000000000e-03   1.0000916918e-01  ) 
13.53	(5.0000010000e+00   5.0000000000e-03   1.0001307938e-01  ) (5.5000010000e+00   5.0000000000e-03   1.0000557779e-01  ) (6.0000010000e+00   5.0000000000e-03   9.9998597900e-02  ) (6.5000010000e+00   5.0000000000e-03   9.9997658672e-02  ) (6.9937500000e+00   5.0000000000e-03   1.0000384381e-01  ) (8.0062500000e+00   5.0000000000e-03   1.0001565313e-01  ) (9.0000010000e+00   5.0000000000e-03   1.0000971855e-01  ) (1.0200001000e+01   5.0000000000e-03   1.0000965892e-01  ) 
13.54	(5.0000010000e+00   5.0000000000e-03   1.0001277256e-01  ) (5.5000010000e+00   5.0000000000e-03   1.0000519522e-01  ) (6.0000010000e+00   5.0000000000e-03   9.9998798563e-02  ) (6.5000010000e+00   5.0000000000e-03   9.9998037806e-02  ) (6.9937500000e+00   5.0000000000e-03   1.0000377696e-01  ) (8.0062500000e+00   5.0000000000e-03   1.0001567696e-01  ) (9.0000010000e+00   5.0000000000e-03   1.0000969753e-01  ) (1.0200001000e+01   5.0000000000e-03   1.0001022337e-01  ) 
13.55	(5.0000010000e+00   5.0000000000e-03   1.0001208684e-01  ) (5.5000010000e+00   5.0000000000e-03   1.0000460193e-01  ) (6.0000010000e+00   5.0000000000e-03   9.9999025991e-02  ) (6.5000010000e+00   5.0000000000e-03   9.9998503383e-02  ) (6.9937500000e+00   5.0000000000e-03   1.0000364987e-01  ) (8.0062500000e+00   5.0000000000e-03   1.0001572186e-01  ) (9.0000010000e+00   5.0000000000e-03   1.0000968057e-01  ) (1.0200001000e+01   5.0000000000e-03   1.0001083133e-01  ) 
13.56	(5.0000010000e+00   5.0000000000e-03   1.0001102434e-01  ) (5.5000010000e+00   5.0000000000e-03   1.0000381537e-01  ) (6.0000010000e+00   5.0000000000e-03   9.9999274419e-02  ) (6.5000010000e+00   5.0000000000e-03   9.9999034628e-02  ) (6.9937500000e+00   5.0000000000e-03   1.0000346934e-01  ) (8.0062500000e+00   5.0000000000e-03   1.0001578592e-01  ) (9.0000010000e+00   5.0000000000e-03   1.0000966889e-01  ) (1.0200001000e+01   5.0000000000e-03   1.0001145072e-01  ) 
13.57	(5.0000010000e+00   5.0000000000e-03   1.0000961392e-01  ) (5.5000010000e+00   5.0000000000e-03   1.0000286296e-01  ) (6.0000010000e+00   5.0000000000e-03   9.9999538485e-02  ) (6.5000010000e+00   5.0000000000e-03   9.9999609099e-02  ) (6.9937500000e+00   5.0000000000e-03   1.0000324361e-01  ) (8.0062500000e+00   5.0000000000e-03   1.0001586696e-01  ) (9.0000010000e+00   5.0000000000e-03   1.0000966335e-01  ) (1.0200001000e+01   5.0000000000e-03   1.0001205158e-01  ) 
13.58	(5.0000010000e+00   5.0000000000e-03   1.0000789716e-01  ) (5.5000010000e+00   5.0000000000e-03   1.0000177290e-01  ) (6.0000010000e+00   5.0000000000e-03   9.9999812431e-02  ) (6.5000010000e+00   5.0000000000e-03   1.0000020497e-01  ) (6.9937500000e+00   5.0000000000e-03   1.0000298234e-01  ) (8.0062500000e+00   5.0000000000e-03   1.0001596187e-01  ) (9.0000010000e+00   5.0000000000e-03   1.0000966433e-01  ) (1.0200001000e+01   5.0000000000e-03   1.0001260514e-01  ) 
13.59	(5.0000010000e+00   5.0000000000e-03   1.0000591755e-01  ) (5.5000010000e+00   5.0000000000e-03   1.0000057824e-01  ) (6.0000010000e+00   5.0000000000e-03   1.0000008956e-01  ) (6.5000010000e+00   5.0000000000e-03   1.0000079999e-01  ) (6.9937500000e+00   5.0000000000e-03   1.0000269594e-01  ) (8.0062500000e+00   5.0000000000e-03   1.0001606758e-01  ) (9.0000010000e+00   5.0000000000e-03   1.0000967175e-01  ) (1.0200001000e+01   5.0000000000e-03   1.0001308423e-01  ) 
13.6	(5.0000010000e+00   5.0000000000e-03   1.0000372482e-01  ) (5.5000010000e+00   5.0000000000e-03   9.9999313443e-02  ) (6.0000010000e+00   5.0000000000e-03   1.0000036375e-01  ) (6.5000010000e+00   5.0000000000e-03   1.0000137212e-01  ) (6.9937500000e+00   5.0000000000e-03   1.0000239595e-01  ) (8.0062500000e+00   5.0000000000e-03   1.0001618046e-01  ) (9.0000010000e+00   5.0000000000e-03   1.0000968505e-01  ) (1.0200001000e+01   5.0000000000e-03   1.0001347015e-01  ) 
13.61	(5.0000010000e+00   5.0000000000e-03   1.0000137221e-01  ) (5.5000010000e+00   5.0000000000e-03   9.9998015310e-02  ) (6.0000010000e+00   5.0000000000e-03   1.0000062934e-01  ) (6.5000010000e+00   5.0000000000e-03   1.0000190096e-01  ) (6.9937500000e+00   5.0000000000e-03   1.0000209466e-01  ) (8.0062500000e+00   5.0000000000e-03   1.0001629659e-01  ) (9.0000010000e+00   5.0000000000e-03   1.0000970324e-01  ) (1.0200001000e+01   5.0000000000e-03   1.0001374910e-01  ) 
13.62	(5.0000010000e+00   5.0000000000e-03   9.9998916376e-02  ) (5.5000010000e+00   5.0000000000e-03   9.9996720503e-02  ) (6.0000010000e+00   5.0000000000e-03   1.0000088125e-01  ) (6.5000010000e+00   5.0000000000e-03   1.0000236786e-01  ) (6.9937500000e+00   5.0000000000e-03   1.0000180429e-01  ) (8.0062500000e+00   5.0000000000e-03   1.0001641157e-01  ) (9.0000010000e+00   5.0000000000e-03   1.0000972503e-01  ) (1.0200001000e+01   5.0000000000e-03   1.0001391439e-01  ) 
13.63	(5.0000010000e+00   5.0000000000e-03   9.9996415680e-02  ) (5.5000010000e+00   5.0000000000e-03   9.9995466152e-02  ) (6.0000010000e+00   5.0000000000e-03   1.0000111528e-01  ) (6.5000010000e+00   5.0000000000e-03   1.0000275589e-01  ) (6.9937500000e+00   5.0000000000e-03   1.0000153688e-01  ) (8.0062500000e+00   5.0000000000e-03   1.0001652096e-01  ) (9.0000010000e+00   5.0000000000e-03   1.0000974886e-01  ) (1.0200001000e+01   5.0000000000e-03   1.0001395913e-01  ) 
13.64	(5.0000010000e+00   5.0000000000e-03   9.9993929236e-02  ) (5.5000010000e+00   5.0000000000e-03   9.9994287848e-02  ) (6.0000010000e+00   5.0000000000e-03   1.0000132795e-01  ) (6.5000010000e+00   5.0000000000e-03   1.0000305144e-01  ) (6.9937500000e+00   5.0000000000e-03   1.0000130388e-01  ) (8.0062500000e+00   5.0000000000e-03   1.0001662034e-01  ) (9.0000010000e+00   5.0000000000e-03   1.0000977304e-01  ) (1.0200001000e+01   5.0000000000e-03   1.0001388442e-01  ) 
13.65	(5.0000010000e+00   5.0000000000e-03   9.9991515247e-02  ) (5.5000010000e+00   5.0000000000e-03   9.9993218689e-02  ) (6.0000010000e+00   5.0000000000e-03   1.0000151675e-01  ) (6.5000010000e+00   5.0000000000e-03   1.0000324669e-01  ) (6.9937500000e+00   5.0000000000e-03   1.0000111553e-01  ) (8.0062500000e+00   5.0000000000e-03   1.0001670517e-01  ) (9.0000010000e+00   5.0000000000e-03   1.0000979588e-01  ) (1.0200001000e+01   5.0000000000e-03   1.0001369992e-01  ) 
13.66	(5.0000010000e+00   5.0000000000e-03   9.9989229549e-02  ) (5.5000010000e+00   5.0000000000e-03   9.9992289597e-02  ) (6.0000010000e+00   5.0000000000e-03   1.0000168063e-01  ) (6.5000010000e+00   5.0000000000e-03   1.0000334122e-01  ) (6.9937500000e+00   5.0000000000e-03   1.0000098067e-01  ) (8.0062500000e+00   5.0000000000e-03   1.0001677136e-01  ) (9.0000010000e+00   5.0000000000e-03   1.0000981580e-01  ) (1.0200001000e+01   5.0000000000e-03   1.0001341541e-01  ) 
13.67	(5.0000010000e+00   5.0000000000e-03   9.9987124978e-02  ) (5.5000010000e+00   5.0000000000e-03   9.9991526571e-02  ) (6.0000010000e+00   5.0000000000e-03   1.0000181910e-01  ) (6.5000010000e+00   5.0000000000e-03   1.0000333053e-01  ) (6.9937500000e+00   5.0000000000e-03   1.0000090611e-01  ) (8.0062500000e+00   5.0000000000e-03   1.0001681482e-01  ) (9.0000010000e+00   5.0000000000e-03   1.0000983146e-01  ) (1.0200001000e+01   5.0000000000e-03   1.0001304348e-01  ) 
13.68	(5.0000010000e+00   5.0000000000e-03   9.9985249278e-02  ) (5.5000010000e+00   5.0000000000e-03   9.9990950834e-02  ) (6.0000010000e+00   5.0000000000e-03   1.0000193176e-01  ) (6.5000010000e+00   5.0000000000e-03   1.0000321578e-01  ) (6.9937500000e+00   5.0000000000e-03   1.0000089696e-01  ) (8.0062500000e+00   5.0000000000e-03   1.0001683223e-01  ) (9.0000010000e+00   5.0000000000e-03   1.0000984177e-01  ) (1.0200001000e+01   5.0000000000e-03   1.0001260308e-01  ) 
13.69	(5.0000010000e+00   5.0000000000e-03   9.9983644597e-02  ) (5.5000010000e+00   5.0000000000e-03   9.9990570525e-02  ) (6.0000010000e+00   5.0000000000e-03   1.0000201928e-01  ) (6.5000010000e+00   5.0000000000e-03   1.0000299937e-01  ) (6.9937500000e+00   5.0000000000e-03   1.0000095615e-01  ) (8.0062500000e+00   5.0000000000e-03   1.0001682080e-01  ) (9.0000010000e+00   5.0000000000e-03   1.0000984598e-01  ) (1.0200001000e+01   5.0000000000e-03   1.0001211968e-01  ) 
13.7	(5.0000010000e+00   5.0000000000e-03   9.9982345617e-02  ) (5.5000010000e+00   5.0000000000e-03   9.9990386438e-02  ) (6.0000010000e+00   5.0000000000e-03   1.0000208296e-01  ) (6.5000010000e+00   5.0000000000e-03   1.0000268456e-01  ) (6.9937500000e+00   5.0000000000e-03   1.0000108418e-01  ) (8.0062500000e+00   5.0000000000e-03   1.0001677840e-01  ) (9.0000010000e+00   5.0000000000e-03   1.0000984367e-01  ) (1.0200001000e+01   5.0000000000e-03   1.0001162060e-01  ) 
13.71	(5.0000010000e+00   5.0000000000e-03   9.9981377537e-02  ) (5.5000010000e+00   5.0000000000e-03   9.9990403964e-02  ) (6.0000010000e+00   5.0000000000e-03   1.0000212722e-01  ) (6.5000010000e+00   5.0000000000e-03   1.0000227946e-01  ) (6.9937500000e+00   5.0000000000e-03   1.0000127934e-01  ) (8.0062500000e+00   5.0000000000e-03   1.0001670430e-01  ) (9.0000010000e+00   5.0000000000e-03   1.0000983460e-01  ) (1.0200001000e+01   5.0000000000e-03   1.0001113291e-01  ) 
13.72	(5.0000010000e+00   5.0000000000e-03   9.9980746983e-02  ) (5.5000010000e+00   5.0000000000e-03   9.9990620364e-02  ) (6.0000010000e+00   5.0000000000e-03   1.0000215525e-01  ) (6.5000010000e+00   5.0000000000e-03   1.0000179741e-01  ) (6.9937500000e+00   5.0000000000e-03   1.0000153797e-01  ) (8.0062500000e+00   5.0000000000e-03   1.0001659979e-01  ) (9.0000010000e+00   5.0000000000e-03   1.0000981890e-01  ) (1.0200001000e+01   5.0000000000e-03   1.0001068322e-01  ) 
13.73	(5.0000010000e+00   5.0000000000e-03   9.9980451601e-02  ) (5.5000010000e+00   5.0000000000e-03   9.9991033891e-02  ) (6.0000010000e+00   5.0000000000e-03   1.0000216993e-01  ) (6.5000010000e+00   5.0000000000e-03   1.0000125296e-01  ) (6.9937500000e+00   5.0000000000e-03   1.0000185452e-01  ) (8.0062500000e+00   5.0000000000e-03   1.0001646582e-01  ) (9.0000010000e+00   5.0000000000e-03   1.0000979686e-01  ) (1.0200001000e+01   5.0000000000e-03   1.0001029798e-01  ) 
13.74	(5.0000010000e+00   5.0000000000e-03   9.9980500177e-02  ) (5.5000010000e+00   5.0000000000e-03   9.9991637878e-02  ) (6.0000010000e+00   5.0000000000e-03   1.0000217443e-01  ) (6.5000010000e+00   5.0000000000e-03   1.0000066204e-01  ) (6.9937500000e+00   5.0000000000e-03   1.0000222134e-01  ) (8.0062500000e+00   5.0000000000e-03   1.0001630350e-01  ) (9.0000010000e+00   5.0000000000e-03   1.0000976887e-01  ) (1.0200001000e+01   5.0000000000e-03   1.0000999809e-01  ) 
13.75	(5.0000010000e+00   5.0000000000e-03   9.9980889176e-02  ) (5.5000010000e+00   5.0000000000e-03   9.9992411758e-02  ) (6.0000010000e+00   5.0000000000e-03   1.0000217180e-01  ) (6.5000010000e+00   5.0000000000e-03   1.0000004137e-01  ) (6.9937500000e+00   5.0000000000e-03   1.0000262907e-01  ) (8.0062500000e+00   5.0000000000e-03   1.0001611457e-01  ) (9.0000010000e+00   5.0000000000e-03   1.0000973541e-01  ) (1.0200001000e+01   5.0000000000e-03   1.0000979818e-01  ) 
13.76	(5.0000010000e+00   5.0000000000e-03   9.9981619547e-02  ) (5.5000010000e+00   5.0000000000e-03   9.9993328994e-02  ) (6.0000010000e+00   5.0000000000e-03   1.0000216476e-01  ) (6.5000010000e+00   5.0000000000e-03   9.9999408314e-02  ) (6.9937500000e+00   5.0000000000e-03   1.0000306677e-01  ) (8.0062500000e+00   5.0000000000e-03   1.0001590145e-01  ) (9.0000010000e+00   5.0000000000e-03   1.0000969684e-01  ) (1.0200001000e+01   5.0000000000e-03   1.0000970898e-01  ) 
13.77	(5.0000010000e+00   5.0000000000e-03   9.9982681711e-02  ) (5.5000010000e+00   5.0000000000e-03   9.9994362348e-02  ) (6.0000010000e+00   5.0000000000e-03   1.0000215549e-01  ) (6.5000010000e+00   5.0000000000e-03   9.9998780173e-02  ) (6.9937500000e+00   5.0000000000e-03   1.0000352220e-01  ) (8.0062500000e+00   5.0000000000e-03   1.0001566713e-01  ) (9.0000010000e+00   5.0000000000e-03   1.0000965339e-01  ) (1.0200001000e+01   5.0000000000e-03   1.0000974235e-01  ) 
13.78	(5.0000010000e+00   5.0000000000e-03   9.9984044627e-02  ) (5.5000010000e+00   5.0000000000e-03   9.9995479892e-02  ) (6.0000010000e+00   5.0000000000e-03   1.0000214565e-01  ) (6.5000010000e+00   5.0000000000e-03   9.9998173639e-02  ) (6.9937500000e+00   5.0000000000e-03   1.0000398225e-01  ) (8.0062500000e+00   5.0000000000e-03   1.0001541507e-01  ) (9.0000010000e+00   5.0000000000e-03   1.0000960518e-01  ) (1.0200001000e+01   5.0000000000e-03   1.0000989919e-01  ) 
13.79	(5.0000010000e+00   5.0000000000e-03   9.9985671028e-02  ) (5.5000010000e+00   5.0000000000e-03   9.9996649050e-02  ) (6.0000010000e+00   5.0000000000e-03   1.0000213630e-01  ) (6.5000010000e+00   5.0000000000e-03   9.9997604860e-02  ) (6.9937500000e+00   5.0000000000e-03   1.0000443321e-01  ) (8.0062500000e+00   5.0000000000e-03   1.0001514917e-01  ) (9.0000010000e+00   5.0000000000e-03   1.0000955214e-01  ) (1.0200001000e+01   5.0000000000e-03   1.0001017762e-01  ) 
13.8	(5.0000010000e+00   5.0000000000e-03   9.9987520179e-02  ) (5.5000010000e+00   5.0000000000e-03   9.9997835407e-02  ) (6.0000010000e+00   5.0000000000e-03   1.0000212786e-01  ) (6.5000010000e+00   5.0000000000e-03   9.9997088530e-02  ) (6.9937500000e+00   5.0000000000e-03   1.0000486122e-01  ) (8.0062500000e+00   5.0000000000e-03   1.0001487355e-01  ) (9.0000010000e+00   5.0000000000e-03   1.0000949410e-01  ) (1.0200001000e+01   5.0000000000e-03   1.0001057389e-01  ) 
13.81	(5.0000010000e+00   5.0000000000e-03   9.9989546480e-02  ) (5.5000010000e+00   5.0000000000e-03   9.9999005109e-02  ) (6.0000010000e+00   5.0000000000e-03   1.0000211989e-01  ) (6.5000010000e+00   5.0000000000e-03   9.9996638367e-02  ) (6.9937500000e+00   5.0000000000e-03   1.0000525272e-01  ) (8.0062500000e+00   5.0000000000e-03   1.0001459253e-01  ) (9.0000010000e+00   5.0000000000e-03   1.0000943081e-01  ) (1.0200001000e+01   5.0000000000e-03   1.0001107793e-01  ) 
13.82	(5.0000010000e+00   5.0000000000e-03   9.9991701496e-02  ) (5.5000010000e+00   5.0000000000e-03   1.0000012497e-01  ) (6.0000010000e+00   5.0000000000e-03   1.0000211089e-01  ) (6.5000010000e+00   5.0000000000e-03   9.9996265401e-02  ) (6.9937500000e+00   5.0000000000e-03   1.0000559504e-01  ) (8.0062500000e+00   5.0000000000e-03   1.0001431044e-01  ) (9.0000010000e+00   5.0000000000e-03   1.0000936202e-01  ) (1.0200001000e+01   5.0000000000e-03   1.0001167175e-01  ) 
13.83	(5.0000010000e+00   5.0000000000e-03   9.9993934253e-02  ) (5.5000010000e+00   5.0000000000e-03   1.0000116346e-01  ) (6.0000010000e+00   5.0000000000e-03   1.0000209977e-01  ) (6.5000010000e+00   5.0000000000e-03   9.9995977496e-02  ) (6.9937500000e+00   5.0000000000e-03   1.0000587658e-01  ) (8.0062500000e+00   5.0000000000e-03   1.0001403150e-01  ) (9.0000010000e+00   5.0000000000e-03   1.0000928751e-01  ) (1.0200001000e+01   5.0000000000e-03   1.0001233452e-01  ) 
13.84	(5.0000010000e+00   5.0000000000e-03   9.9996192531e-02  ) (5.5000010000e+00   5.0000000000e-03   1.0000209203e-01  ) (6.0000010000e+00   5.0000000000e-03   1.0000208591e-01  ) (6.5000010000e+00   5.0000000000e-03   9.9995776968e-02  ) (6.9937500000e+00   5.0000000000e-03   1.0000608733e-01  ) (8.0062500000e+00   5.0000000000e-03   1.0001375985e-01  ) (9.0000010000e+00   5.0000000000e-03   1.0000920709e-01  ) (1.0200001000e+01   5.0000000000e-03   1.0001304331e-01  ) 
13.85	(5.0000010000e+00   5.0000000000e-03   9.9998423896e-02  ) (5.5000010000e+00   5.0000000000e-03   1.0000288467e-01  ) (6.0000010000e+00   5.0000000000e-03   1.0000206647e-01  ) (6.5000010000e+00   5.0000000000e-03   9.9995665203e-02  ) (6.9937500000e+00   5.0000000000e-03   1.0000621894e-01  ) (8.0062500000e+00   5.0000000000e-03   1.0001349932e-01  ) (9.0000010000e+00   5.0000000000e-03   1.0000912067e-01  ) (1.0200001000e+01   5.0000000000e-03   1.0001377274e-01  ) 
13.86	(5.0000010000e+00   5.0000000000e-03   1.0000057676e-01  ) (5.5000010000e+00   5.0000000000e-03   1.0000352097e-01  ) (6.0000010000e+00   5.0000000000e-03   1.0000203885e-01  ) (6.5000010000e+00   5.0000000000e-03   9.9995644374e-02  ) (6.9937500000e+00   5.0000000000e-03   1.0000626528e-01  ) (8.0062500000e+00   5.0000000000e-03   1.0001325350e-01  ) (9.0000010000e+00   5.0000000000e-03   1.0000902834e-01  ) (1.0200001000e+01   5.0000000000e-03   1.0001449709e-01  ) 
13.87	(5.0000010000e+00   5.0000000000e-03   1.0000260192e-01  ) (5.5000010000e+00   5.0000000000e-03   1.0000398595e-01  ) (6.0000010000e+00   5.0000000000e-03   1.0000200060e-01  ) (6.5000010000e+00   5.0000000000e-03   9.9995715223e-02  ) (6.9937500000e+00   5.0000000000e-03   1.0000622257e-01  ) (8.0062500000e+00   5.0000000000e-03   1.0001302576e-01  ) (9.0000010000e+00   5.0000000000e-03   1.0000893027e-01  ) (1.0200001000e+01   5.0000000000e-03   1.0001519090e-01  ) 
13.88	(5.0000010000e+00   5.0000000000e-03   1.0000445247e-01  ) (5.5000010000e+00   5.0000000000e-03   1.0000427753e-01  ) (6.0000010000e+00   5.0000000000e-03   1.0000194931e-01  ) (6.5000010000e+00   5.0000000000e-03   9.9995873498e-02  ) (6.9937500000e+00   5.0000000000e-03   1.0000608948e-01  ) (8.0062500000e+00   5.0000000000e-03   1.0001281903e-01  ) (9.0000010000e+00   5.0000000000e-03   1.0000882660e-01  ) (1.0200001000e+01   5.0000000000e-03   1.0001582956e-01  ) 
13.89	(5.0000010000e+00   5.0000000000e-03   1.0000608638e-01  ) (5.5000010000e+00   5.0000000000e-03   1.0000439682e-01  ) (6.0000010000e+00   5.0000000000e-03   1.0000188284e-01  ) (6.5000010000e+00   5.0000000000e-03   9.9996116657e-02  ) (6.9937500000e+00   5.0000000000e-03   1.0000586816e-01  ) (8.0062500000e+00   5.0000000000e-03   1.0001263592e-01  ) (9.0000010000e+00   5.0000000000e-03   1.0000871766e-01  ) (1.0200001000e+01   5.0000000000e-03   1.0001639069e-01  ) 
13.9	(5.0000010000e+00   5.0000000000e-03   1.0000746576e-01  ) (5.5000010000e+00   5.0000000000e-03   1.0000434171e-01  ) (6.0000010000e+00   5.0000000000e-03   1.0000179941e-01  ) (6.5000010000e+00   5.0000000000e-03   9.9996441713e-02  ) (6.9937500000e+00   5.0000000000e-03   1.0000556269e-01  ) (8.0062500000e+00   5.0000000000e-03   1.0001247881e-01  ) (9.0000010000e+00   5.0000000000e-03   1.0000860394e-01  ) (1.0200001000e+01   5.0000000000e-03   1.0001685462e-01  ) 
13.91	(5.0000010000e+00   5.0000000000e-03   1.0000856157e-01  ) (5.5000010000e+00   5.0000000000e-03   1.0000411898e-01  ) (6.0000010000e+00   5.0000000000e-03   1.0000169803e-01  ) (6.5000010000e+00   5.0000000000e-03   9.9996839076e-02  ) (6.9937500000e+00   5.0000000000e-03   1.0000517949e-01  ) (8.0062500000e+00   5.0000000000e-03   1.0001234971e-01  ) (9.0000010000e+00   5.0000000000e-03   1.0000848585e-01  ) (1.0200001000e+01   5.0000000000e-03   1.0001720736e-01  ) 
13.92	(5.0000010000e+00   5.0000000000e-03   1.0000935254e-01  ) (5.5000010000e+00   5.0000000000e-03   1.0000373353e-01  ) (6.0000010000e+00   5.0000000000e-03   1.0000157824e-01  ) (6.5000010000e+00   5.0000000000e-03   9.9997296206e-02  ) (6.9937500000e+00   5.0000000000e-03   1.0000472760e-01  ) (8.0062500000e+00   5.0000000000e-03   1.0001225041e-01  ) (9.0000010000e+00   5.0000000000e-03   1.0000836377e-01  ) (1.0200001000e+01   5.0000000000e-03   1.0001744306e-01  ) 
13.93	(5.0000010000e+00   5.0000000000e-03   1.0000983760e-01  ) (5.5000010000e+00   5.0000000000e-03   1.0000319547e-01  ) (6.0000010000e+00   5.0000000000e-03   1.0000144031e-01  ) (6.5000010000e+00   5.0000000000e-03   9.9997799882e-02  ) (6.9937500000e+00   5.0000000000e-03   1.0000421834e-01  ) (8.0062500000e+00   5.0000000000e-03   1.0001218241e-01  ) (9.0000010000e+00   5.0000000000e-03   1.0000823802e-01  ) (1.0200001000e+01   5.0000000000e-03   1.0001755900e-01  ) 
13.94	(5.0000010000e+00   5.0000000000e-03   1.0001001888e-01  ) (5.5000010000e+00   5.0000000000e-03   1.0000252627e-01  ) (6.0000010000e+00   5.0000000000e-03   1.0000128557e-01  ) (6.5000010000e+00   5.0000000000e-03   9.9998335481e-02  ) (6.9937500000e+00   5.0000000000e-03   1.0000366476e-01  ) (8.0062500000e+00   5.0000000000e-03   1.0001214652e-01  ) (9.0000010000e+00   5.0000000000e-03   1.0000810889e-01  ) (1.0200001000e+01   5.0000000000e-03   1.0001755172e-01  ) 
13.95	(5.0000010000e+00   5.0000000000e-03   1.0000988792e-01  ) (5.5000010000e+00   5.0000000000e-03   1.0000175201e-01  ) (6.0000010000e+00   5.0000000000e-03   1.0000111582e-01  ) (6.5000010000e+00   5.0000000000e-03   9.9998887920e-02  ) (6.9937500000e+00   5.0000000000e-03   1.0000308178e-01  ) (8.0062500000e+00   5.0000000000e-03   1.0001214328e-01  ) (9.0000010000e+00   5.0000000000e-03   1.0000797656e-01  ) (1.0200001000e+01   5.0000000000e-03   1.0001742544e-01  ) 
13.96	(5.0000010000e+00   5.0000000000e-03   1.0000945205e-01  ) (5.5000010000e+00   5.0000000000e-03   1.0000089930e-01  ) (6.0000010000e+00   5.0000000000e-03   1.0000093395e-01  ) (6.5000010000e+00   5.0000000000e-03   9.9999441468e-02  ) (6.9937500000e+00   5.0000000000e-03   1.0000248541e-01  ) (8.0062500000e+00   5.0000000000e-03   1.0001217270e-01  ) (9.0000010000e+00   5.0000000000e-03   1.0000784105e-01  ) (1.0200001000e+01   5.0000000000e-03   1.0001718561e-01  ) 
13.97	(5.0000010000e+00   5.0000000000e-03   1.0000870949e-01  ) (5.5000010000e+00   5.0000000000e-03   9.9999997688e-02  ) (6.0000010000e+00   5.0000000000e-03   1.0000074452e-01  ) (6.5000010000e+00   5.0000000000e-03   9.9999980611e-02  ) (6.9937500000e+00   5.0000000000e-03   1.0000189136e-01  ) (8.0062500000e+00   5.0000000000e-03   1.0001223425e-01  ) (9.0000010000e+00   5.0000000000e-03   1.0000770235e-01  ) (1.0200001000e+01   5.0000000000e-03   1.0001683786e-01  ) 
13.98	(5.0000010000e+00   5.0000000000e-03   1.0000767559e-01  ) (5.5000010000e+00   5.0000000000e-03   9.9999076535e-02  ) (6.0000010000e+00   5.0000000000e-03   1.0000055293e-01  ) (6.5000010000e+00   5.0000000000e-03   1.0000049008e-01  ) (6.9937500000e+00   5.0000000000e-03   1.0000131569e-01  ) (8.0062500000e+00   5.0000000000e-03   1.0001232649e-01  ) (9.0000010000e+00   5.0000000000e-03   1.0000756064e-01  ) (1.0200001000e+01   5.0000000000e-03   1.0001639498e-01  ) 
13.99	(5.0000010000e+00   5.0000000000e-03   1.0000638484e-01  ) (5.5000010000e+00   5.0000000000e-03   9.9998166343e-02  ) (6.0000010000e+00   5.0000000000e-03   1.0000036555e-01  ) (6.5000010000e+00   5.0000000000e-03   1.0000095594e-01  ) (6.9937500000e+00   5.0000000000e-03   1.0000077438e-01  ) (8.0062500000e+00   5.0000000000e-03   1.0001244732e-01  ) (9.0000010000e+00   5.0000000000e-03   1.0000741597e-01  ) (1.0200001000e+01   5.0000000000e-03   1.0001587664e-01  ) 
14	(5.0000010000e+00   5.0000000000e-03   1.0000487193e-01  ) (5.5000010000e+00   5.0000000000e-03   9.9997296272e-02  ) (6.0000010000e+00   5.0000000000e-03   1.0000018842e-01  ) (6.5000010000e+00   5.0000000000e-03   1.0000136515e-01  ) (6.9937500000e+00   5.0000000000e-03   1.0000028249e-01  ) (8.0062500000e+00   5.0000000000e-03   1.0001259364e-01  ) (9.0000010000e+00   5.0000000000e-03   1.0000726845e-01  ) (1.0200001000e+01   5.0000000000e-03   1.0001530199e-01  ) 
